Date,Open,High,Low,Close,Adj Close,Volume
2016-08-22,27.215000,27.275000,26.962500,27.127501,24.814682,103280800
2016-08-23,27.147499,27.330000,27.132500,27.212500,24.892427,85030800
2016-08-24,27.142500,27.187500,26.920000,27.007500,24.704910,94700400
2016-08-25,26.847500,26.969999,26.670000,26.892500,24.599712,100344800
2016-08-26,26.852501,26.987499,26.577499,26.735001,24.455643,111065200
2016-08-29,26.655001,26.860001,26.572500,26.705000,24.428198,99881200
2016-08-30,26.450001,26.625000,26.375000,26.500000,24.240679,99455600
2016-08-31,26.415001,26.642500,26.410000,26.525000,24.263548,118649600
2016-09-01,26.535000,26.700001,26.405001,26.682501,24.407621,106806000
2016-09-02,26.924999,27.000000,26.705000,26.932501,24.636303,107210000
2016-09-06,26.975000,27.075001,26.877501,26.924999,24.629435,107521600
2016-09-07,26.957500,27.190001,26.767500,27.090000,24.780386,169457200
2016-09-08,26.812500,26.817499,26.309999,26.379999,24.130905,212008000
2016-09-09,26.160000,26.430000,25.782499,25.782499,23.584347,186228000
2016-09-12,25.662500,26.430000,25.632500,26.360001,24.112614,181171200
2016-09-13,26.877501,27.197500,26.809999,26.987499,24.686609,248704800
2016-09-14,27.182501,28.257500,27.150000,27.942499,25.560198,443554800
2016-09-15,28.465000,28.932501,28.372499,28.892500,26.429199,359934400
2016-09-16,28.780001,29.032499,28.510000,28.730000,26.280554,319547600
2016-09-19,28.797501,29.045000,28.312500,28.395000,25.974110,188092000
2016-09-20,28.262501,28.530001,28.127501,28.392500,25.971827,138057200
2016-09-21,28.462500,28.497499,28.110001,28.387501,25.967253,144012800
2016-09-22,28.587500,28.735001,28.500000,28.655001,26.211946,124296000
2016-09-23,28.605000,28.697500,27.887501,28.177500,25.775158,209924800
2016-09-26,27.910000,28.347500,27.887501,28.219999,25.814041,119477600
2016-09-27,28.250000,28.295000,28.084999,28.272499,25.862061,98429600
2016-09-28,28.422501,28.660000,28.357500,28.487499,26.058727,118564400
2016-09-29,28.290001,28.450001,27.950001,28.045000,25.653952,143548000
2016-09-30,28.115000,28.342501,27.950001,28.262501,25.852907,145516400
2016-10-03,28.177500,28.262501,28.070000,28.129999,25.731707,86807200
2016-10-04,28.264999,28.577499,28.157499,28.250000,25.841476,118947200
2016-10-05,28.350000,28.415001,28.172501,28.262501,25.852907,85812400
2016-10-06,28.424999,28.584999,28.282499,28.472500,26.045000,115117200
2016-10-07,28.577499,28.639999,28.377501,28.514999,26.083887,97433600
2016-10-10,28.754999,29.187500,28.680000,29.012501,26.538963,144944000
2016-10-11,29.424999,29.672501,29.049999,29.075001,26.596142,256164000
2016-10-12,29.337500,29.495001,29.187500,29.334999,26.833975,150347200
2016-10-13,29.197500,29.360001,28.930000,29.245001,26.751644,140769600
2016-10-14,29.469999,29.542500,29.282499,29.407499,26.900280,142608800
2016-10-17,29.332500,29.459999,29.195000,29.387501,26.882004,94499600
2016-10-18,29.545000,29.552500,29.362499,29.367500,26.863710,98214000
2016-10-19,29.312500,29.440001,28.450001,29.280001,26.783667,80138400
2016-10-20,29.215000,29.344999,29.082500,29.264999,26.769939,96503200
2016-10-21,29.202499,29.227501,29.070000,29.150000,26.664747,92770800
2016-10-24,29.275000,29.434999,29.250000,29.412500,26.904861,94154800
2016-10-25,29.487499,29.590000,29.327499,29.562500,27.042074,192516000
2016-10-26,28.577499,28.924999,28.327499,28.897499,26.433773,264536800
2016-10-27,28.847500,28.965000,28.525000,28.620001,26.179935,138248000
2016-10-28,28.467501,28.802500,28.362499,28.430000,26.006130,151446800
2016-10-31,28.412500,28.557501,28.299999,28.385000,25.964968,105677600
2016-11-01,28.365000,28.442499,27.632500,27.872499,25.496155,175303200
2016-11-02,27.850000,28.087500,27.807501,27.897499,25.519030,113326800
2016-11-03,27.745001,27.865000,27.387501,27.457500,25.245489,107730400
2016-11-04,27.132500,27.562500,27.027500,27.209999,25.017939,123348000
2016-11-07,27.520000,27.627501,27.365000,27.602501,25.378817,130240000
2016-11-08,27.577499,27.930000,27.424999,27.764999,25.528227,97016800
2016-11-09,27.469999,27.830000,27.012501,27.719999,25.486849,236705600
2016-11-10,27.772499,27.772499,26.457500,26.947500,24.776581,228538000
2016-11-11,26.780001,27.217501,26.637501,27.107500,24.923698,136575600
2016-11-14,26.927500,26.952499,26.020000,26.427500,24.298473,204702000
2016-11-15,26.642500,26.920000,26.540001,26.777500,24.620277,129058000
2016-11-16,26.674999,27.557501,26.650000,27.497499,25.282276,235362000
2016-11-17,27.452499,27.587500,27.207500,27.487499,25.273081,110528000
2016-11-18,27.430000,27.635000,27.415001,27.514999,25.298367,113715600
2016-11-21,27.530001,27.997499,27.502501,27.932501,25.682232,117058400
2016-11-22,27.987499,28.105000,27.850000,27.950001,25.698324,103862000
2016-11-23,27.840000,27.877501,27.582500,27.807501,25.567301,109705600
2016-11-25,27.782499,27.967501,27.737499,27.947500,25.696024,45903600
2016-11-28,27.857500,28.117500,27.847500,27.892500,25.645451,108776000
2016-11-29,27.695000,28.007500,27.517500,27.865000,25.620173,114115200
2016-11-30,27.900000,28.049999,27.567499,27.629999,25.404099,144649200
2016-12-01,27.592501,27.735001,27.257500,27.372499,25.167339,148347600
2016-12-02,27.292500,27.522499,27.212500,27.475000,25.261587,106112000
2016-12-05,27.500000,27.507500,27.062500,27.277500,25.080000,137298000
2016-12-06,27.375000,27.590000,27.297501,27.487499,25.273081,104782000
2016-12-07,27.315001,27.797501,27.290001,27.757500,25.521330,119994800
2016-12-08,27.715000,28.107500,27.650000,28.030001,25.771879,108273200
2016-12-09,28.077499,28.674999,28.077499,28.487499,26.192518,137610400
2016-12-12,28.322500,28.750000,28.122499,28.325001,26.043110,105497600
2016-12-13,28.459999,28.980000,28.437500,28.797501,26.477545,174935200
2016-12-14,28.760000,29.049999,28.745001,28.797501,26.477545,136127200
2016-12-15,28.844999,29.182501,28.807501,28.955000,26.622358,186098000
2016-12-16,29.117500,29.125000,28.912500,28.992500,26.656837,177404400
2016-12-19,28.950001,29.344999,28.937500,29.160000,26.810846,111117600
2016-12-20,29.184999,29.375000,29.170000,29.237499,26.882099,85700000
2016-12-21,29.200001,29.350000,29.195000,29.264999,26.907383,95132800
2016-12-22,29.087500,29.127501,28.910000,29.072500,26.730387,104343600
2016-12-23,28.897499,29.129999,28.897499,29.129999,26.783255,56998000
2016-12-27,29.129999,29.450001,29.122499,29.315001,26.953362,73187600
2016-12-28,29.379999,29.504999,29.049999,29.190001,26.838427,83623600
2016-12-29,29.112499,29.277500,29.100000,29.182501,26.831539,60158000
2016-12-30,29.162500,29.299999,28.857500,28.955000,26.622358,122345200
2017-01-03,28.950001,29.082500,28.690001,29.037500,26.698204,115127600
2017-01-04,28.962500,29.127501,28.937500,29.004999,26.668329,84472400
2017-01-05,28.980000,29.215000,28.952499,29.152500,26.803951,88774400
2017-01-06,29.195000,29.540001,29.117500,29.477501,27.102766,127007600
2017-01-09,29.487499,29.857500,29.485001,29.747499,27.351007,134247600
2017-01-10,29.692499,29.844999,29.575001,29.777500,27.378593,97848400
2017-01-11,29.684999,29.982500,29.650000,29.937500,27.525709,110354400
2017-01-12,29.725000,29.825001,29.552500,29.812500,27.410778,108344800
2017-01-13,29.777500,29.905001,29.702499,29.760000,27.362509,104447600
2017-01-17,29.584999,30.059999,29.555000,30.000000,27.583170,137759200
2017-01-18,30.000000,30.125000,29.927500,29.997499,27.580868,94852000
2017-01-19,29.850000,30.022499,29.842501,29.945000,27.532600,102389200
2017-01-20,30.112499,30.112499,29.932501,30.000000,27.583170,130391600
2017-01-23,30.000000,30.202499,29.942499,30.020000,27.601561,88200800
2017-01-24,29.887501,30.025000,29.875000,29.992500,27.576277,92844000
2017-01-25,30.105000,30.525000,30.070000,30.469999,28.015312,129510400
2017-01-26,30.417500,30.610001,30.400000,30.485001,28.029099,105350400
2017-01-27,30.535000,30.587500,30.400000,30.487499,28.031399,82251600
2017-01-30,30.232500,30.407499,30.165001,30.407499,27.957844,121510000
2017-01-31,30.287500,30.347500,30.155001,30.337500,27.893482,196804000
2017-02-01,31.757500,32.622501,31.752501,32.187500,29.594444,447940000
2017-02-02,31.995001,32.347500,31.945000,32.132500,29.543873,134841600
2017-02-03,32.077499,32.297501,32.040001,32.270000,29.670296,98029200
2017-02-06,32.282501,32.625000,32.224998,32.572498,29.948425,107383600
2017-02-07,32.634998,33.022499,32.612499,32.882500,30.233454,152735200
2017-02-08,32.837502,33.055000,32.805000,33.009998,30.350687,92016400
2017-02-09,32.912498,33.112499,32.779999,33.105000,30.569992,113399600
2017-02-10,33.115002,33.235001,33.012501,33.029999,30.500731,80262000
2017-02-13,33.270000,33.455002,33.187500,33.322498,30.770847,92141600
2017-02-14,33.367500,33.772499,33.312500,33.755001,31.170223,132904800
2017-02-15,33.880001,34.067501,33.654999,33.877499,31.283342,142492400
2017-02-16,33.917500,33.974998,33.709999,33.837502,31.246410,90338400
2017-02-17,33.775002,33.957500,33.775002,33.930000,31.331825,88792800
2017-02-21,34.057499,34.187500,33.994999,34.174999,31.558060,98028800
2017-02-22,34.107498,34.279999,34.027500,34.277500,31.652718,83347600
2017-02-23,34.345001,34.369999,34.075001,34.132500,31.518810,83152800
2017-02-24,33.977501,34.165001,33.820000,34.165001,31.548828,87106400
2017-02-27,34.285000,34.360001,34.070000,34.232498,31.611164,81029600
2017-02-28,34.270000,34.360001,34.174999,34.247501,31.625023,93931600
2017-03-01,34.472500,35.037498,34.400002,34.947498,32.271416,145658400
2017-03-02,35.000000,35.070000,34.689999,34.740002,32.079796,104844000
2017-03-03,34.695000,34.957500,34.647499,34.945000,32.269104,84432400
2017-03-06,34.842499,34.942501,34.650002,34.834999,32.167530,87000000
2017-03-07,34.764999,34.994999,34.697498,34.880001,32.209087,69785200
2017-03-08,34.737499,34.950001,34.705002,34.750000,32.089020,74828800
2017-03-09,34.685001,34.697498,34.262501,34.669998,32.015163,88623600
2017-03-10,34.812500,34.840000,34.660000,34.785000,32.121346,78451200
2017-03-13,34.712502,34.857498,34.705002,34.799999,32.135189,69686800
2017-03-14,34.825001,34.912498,34.709999,34.747501,32.086731,61236400
2017-03-15,34.852501,35.187500,34.757500,35.115002,32.426083,102767200
2017-03-16,35.180000,35.255001,35.064999,35.172501,32.479179,76928000
2017-03-17,35.250000,35.250000,34.972500,34.997501,32.317581,175540000
2017-03-20,35.099998,35.375000,35.057499,35.365002,32.656944,86168000
2017-03-21,35.527500,35.700001,34.932499,34.959999,32.282940,158119600
2017-03-22,34.962502,35.400002,34.939999,35.355000,32.647705,103440800
2017-03-23,35.314999,35.395000,35.152500,35.230000,32.532276,81385200
2017-03-24,35.375000,35.435001,35.087502,35.160000,32.467648,89582400
2017-03-27,34.847500,35.305000,34.654999,35.220001,32.523037,94300400
2017-03-28,35.227501,36.009998,35.154999,35.950001,33.197136,133499200
2017-03-29,35.919998,36.122501,35.797501,36.029999,33.271019,116760000
2017-03-30,36.047501,36.125000,35.875000,35.982498,33.227150,84829200
2017-03-31,35.930000,36.067501,35.752499,35.915001,33.164818,78646800
2017-04-03,35.927502,36.029999,35.762501,35.924999,33.174049,79942800
2017-04-04,35.812500,36.222500,35.792500,36.192501,33.421082,79565600
2017-04-05,36.055000,36.365002,35.952499,36.005001,33.247921,110871600
2017-04-06,36.072498,36.130001,35.862499,35.915001,33.164818,84596000
2017-04-07,35.932499,36.044998,35.817501,35.834999,33.090946,66688800
2017-04-10,35.900002,35.970001,35.724998,35.792500,33.051712,75733600
2017-04-11,35.735001,35.837502,35.014999,35.407501,32.696175,121517600
2017-04-12,35.400002,35.537498,35.252499,35.450001,32.735424,81400000
2017-04-13,35.477501,35.595001,35.262501,35.262501,32.562286,71291600
2017-04-17,35.369999,35.470001,35.217499,35.457500,32.742359,66328400
2017-04-18,35.352501,35.509998,35.277500,35.299999,32.596912,58790000
2017-04-19,35.470001,35.500000,35.112499,35.169998,32.476875,69313600
2017-04-20,35.305000,35.730000,35.290001,35.610001,32.883175,93278400
2017-04-21,35.610001,35.669998,35.462502,35.567501,32.843929,69283600
2017-04-24,35.875000,35.987499,35.794998,35.910000,33.160191,68537200
2017-04-25,35.977501,36.224998,35.967499,36.132500,33.365665,75486000
2017-04-26,36.117500,36.150002,35.845001,35.919998,33.169445,80164800
2017-04-27,35.980000,36.040001,35.827499,35.947498,33.194828,56985200
2017-04-28,36.022499,36.075001,35.817501,35.912498,33.162518,83441600
2017-05-01,36.275002,36.799999,36.240002,36.645000,33.838917,134411600
2017-05-02,36.884998,37.022499,36.709999,36.877499,34.053619,181408800
2017-05-03,36.397499,36.872501,36.067501,36.764999,33.949730,182788000
2017-05-04,36.630001,36.785000,36.452499,36.632500,33.827381,93487600
2017-05-05,36.689999,37.244999,36.689999,37.240002,34.388363,109310800
2017-05-08,37.257500,38.424999,37.257500,38.252499,35.323330,195009600
2017-05-09,38.467499,38.720001,38.362499,38.497501,35.549568,156521600
2017-05-10,38.407501,38.485001,38.027500,38.314999,35.381035,103222800
2017-05-11,38.112499,38.517502,38.077499,38.487499,35.687023,109020400
2017-05-12,38.674999,39.105000,38.667500,39.025002,36.185421,130108000
2017-05-15,39.002499,39.162498,38.762501,38.924999,36.092693,104038800
2017-05-16,38.985001,39.014999,38.680000,38.867500,36.039383,80194000
2017-05-17,38.400002,38.642502,37.427502,37.562500,34.829338,203070800
2017-05-18,37.817501,38.334999,37.782501,38.134998,35.360172,134272800
2017-05-19,38.345001,38.494999,38.157501,38.264999,35.480717,107843200
2017-05-22,38.500000,38.645000,38.227501,38.497501,35.696304,91865600
2017-05-23,38.724998,38.724998,38.327499,38.450001,35.652252,79675600
2017-05-24,38.459999,38.542500,38.167500,38.334999,35.545628,76712000
2017-05-25,38.432499,38.587502,38.257500,38.467499,35.668480,76942400
2017-05-26,38.500000,38.560001,38.327499,38.402500,35.608208,87710400
2017-05-30,38.355000,38.607498,38.332500,38.417500,35.622112,80507600
2017-05-31,38.492500,38.542500,38.095001,38.189999,35.411171,97804800
2017-06-01,38.292500,38.332500,38.055000,38.294998,35.508537,65616400
2017-06-02,38.395000,38.862499,38.222500,38.862499,36.034752,111082800
2017-06-05,38.584999,38.612499,38.365002,38.482498,35.682392,101326800
2017-06-06,38.474998,38.952499,38.445000,38.612499,35.802937,106499600
2017-06-07,38.755001,38.994999,38.619999,38.842499,36.016190,84278400
2017-06-08,38.812500,38.884998,38.599998,38.747501,35.928120,85003200
2017-06-09,38.797501,38.797501,36.505001,37.244999,34.534924,259530800
2017-06-12,36.435001,36.522499,35.627499,36.355000,33.709702,289229200
2017-06-13,36.790001,36.862499,36.287498,36.647499,33.980915,136661600
2017-06-14,36.875000,36.875000,35.959999,36.290001,33.649426,126124800
2017-06-15,35.830002,36.119999,35.552502,36.072498,33.447739,128661600
2017-06-16,35.945000,36.125000,35.549999,35.567501,32.979504,201444400
2017-06-19,35.915001,36.685001,35.915001,36.584999,33.922947,130165600
2017-06-20,36.717499,36.717499,36.235001,36.252499,33.614655,99600400
2017-06-21,36.380001,36.517502,36.152500,36.467499,33.814003,85063200
2017-06-22,36.442501,36.674999,36.279999,36.407501,33.758377,76425200
2017-06-23,36.282501,36.790001,36.277500,36.570000,33.909050,141757600
2017-06-26,36.792500,37.070000,36.345001,36.455002,33.802422,102769600
2017-06-27,36.252499,36.540001,35.904999,35.932499,33.317940,99047600
2017-06-28,36.122501,36.527500,35.790001,36.457500,33.804741,88329600
2017-06-29,36.177502,36.282501,35.570000,35.919998,33.306351,125997600
2017-06-30,36.112499,36.240002,35.945000,36.005001,33.385151,92096400
2017-07-03,36.220001,36.325001,35.775002,35.875000,33.264633,57111200
2017-07-05,35.922501,36.197498,35.680000,36.022499,33.401382,86278400
2017-07-06,35.755001,35.875000,35.602501,35.682499,33.086124,96515200
2017-07-07,35.724998,36.187500,35.724998,36.044998,33.422245,76806800
2017-07-10,36.027500,36.487499,35.842499,36.264999,33.626251,84362400
2017-07-11,36.182499,36.462502,36.095001,36.382500,33.735191,79127200
2017-07-12,36.467499,36.544998,36.205002,36.435001,33.783882,99538000
2017-07-13,36.375000,37.122501,36.360001,36.942501,34.254444,100797600
2017-07-14,36.992500,37.332500,36.832500,37.259998,34.548855,80528400
2017-07-17,37.205002,37.724998,37.142502,37.389999,34.669376,95174000
2017-07-18,37.299999,37.532501,37.167500,37.520000,34.789932,71475200
2017-07-19,37.619999,37.855000,37.487499,37.755001,35.007835,83692000
2017-07-20,37.875000,37.935001,37.547501,37.584999,34.850193,68974800
2017-07-21,37.497501,37.610001,37.220001,37.567501,34.833973,105010400
2017-07-24,37.645000,38.110001,37.474998,38.022499,35.255852,85972800
2017-07-25,37.950001,38.459999,37.950001,38.185001,35.406525,75415600
2017-07-26,38.337502,38.482498,38.264999,38.365002,35.573456,63124000
2017-07-27,38.437500,38.497501,36.825001,37.639999,34.901196,129905200
2017-07-28,37.472500,37.557499,37.297501,37.375000,34.655491,68854800
2017-07-31,37.474998,37.582500,37.032501,37.182499,34.476978,79383600
2017-08-01,37.275002,37.555000,37.102501,37.512501,34.782974,141474400
2017-08-02,39.820000,39.937500,39.040001,39.285000,36.426502,279747200
2017-08-03,39.262501,39.302502,38.755001,38.892502,36.062557,108389200
2017-08-04,39.017502,39.349998,38.922501,39.097500,36.252655,82239600
2017-08-07,39.264999,39.730000,39.167500,39.702499,36.813618,87481200
2017-08-08,39.650002,40.457500,39.567501,40.020000,37.108017,144823600
2017-08-09,39.814999,40.317501,39.777500,40.264999,37.335186,104526000
2017-08-10,39.974998,40.000000,38.657501,38.830002,36.146004,163217200
2017-08-11,39.150002,39.642502,39.017502,39.369999,36.648674,105028400
2017-08-14,39.830002,40.052502,39.687500,39.962502,37.200218,88490800
2017-08-15,40.165001,40.549999,40.035000,40.400002,37.607479,117862000
2017-08-16,40.485001,40.627499,40.037498,40.237499,37.456203,110686400
2017-08-17,40.130001,40.177502,39.459999,39.465000,36.737106,111762400
2017-08-18,39.465000,39.875000,39.180000,39.375000,36.653320,109712400
2017-08-21,39.375000,39.472500,38.777500,39.302502,36.585842,105474000
2017-08-22,39.557499,40.000000,39.505001,39.945000,37.183914,86418400
2017-08-23,39.767502,40.117500,39.720001,39.994999,37.230480,77596400
2017-08-24,40.107498,40.185001,39.637501,39.817501,37.065239,79275600
2017-08-25,39.912498,40.139999,39.817501,39.965000,37.202549,101920400
2017-08-28,40.035000,40.500000,39.982498,40.367500,37.577221,103864000
2017-08-29,40.025002,40.779999,40.000000,40.727501,37.912334,118067600
2017-08-30,40.950001,40.972500,40.652500,40.837502,38.014736,109078400
2017-08-31,40.910000,41.130001,40.869999,41.000000,38.166012,107140400
2017-09-01,41.200001,41.235001,40.907501,41.012501,38.177650,66364400
2017-09-05,40.937500,41.062500,40.139999,40.520000,37.719189,117874000
2017-09-06,40.677502,40.747501,40.130001,40.477501,37.679604,86606800
2017-09-07,40.522499,40.560001,40.090000,40.314999,37.528351,87714000
2017-09-08,40.215000,40.287498,39.632500,39.657501,36.916302,114446000
2017-09-11,40.125000,40.512501,39.972500,40.375000,37.584194,126323200
2017-09-12,40.652500,40.990002,39.692501,40.215000,37.435265,286856000
2017-09-13,39.967499,39.990002,39.477501,39.912498,37.153675,179629600
2017-09-14,39.747501,39.849998,39.522499,39.570000,36.834843,95042800
2017-09-15,39.617500,40.242500,39.500000,39.970001,37.207203,196458400
2017-09-18,40.027500,40.125000,39.500000,39.667500,36.925606,113077600
2017-09-19,39.877499,39.942501,39.610001,39.682499,36.939568,83242400
2017-09-20,39.474998,39.564999,38.457500,39.017502,36.320541,211805600
2017-09-21,38.950001,38.950001,38.187500,38.347500,35.696842,150046800
2017-09-22,37.884998,38.067501,37.639999,37.972500,35.347755,186581600
2017-09-25,37.497501,37.957500,37.290001,37.637501,35.035923,177549200
2017-09-26,37.945000,38.480000,37.922501,38.285000,35.638687,146640000
2017-09-27,38.450001,38.680000,38.384998,38.557499,35.892338,102016800
2017-09-28,38.472500,38.570000,38.174999,38.320000,35.671249,88022000
2017-09-29,38.302502,38.532501,38.000000,38.529999,35.866749,105199200
2017-10-02,38.564999,38.612499,38.180000,38.452499,35.794594,74795200
2017-10-03,38.502499,38.772499,38.477501,38.619999,35.950508,64921200
2017-10-04,38.407501,38.465000,38.115002,38.369999,35.717796,80655200
2017-10-05,38.544998,38.860001,38.512501,38.847500,36.162285,85135200
2017-10-06,38.742500,38.872501,38.639999,38.825001,36.141342,69630400
2017-10-09,38.952499,39.182499,38.872501,38.959999,36.267021,65051600
2017-10-10,39.014999,39.500000,38.775002,38.974998,36.280983,62468000
2017-10-11,38.992500,39.244999,38.937500,39.137501,36.432251,67622400
2017-10-12,39.087502,39.342499,38.932499,39.000000,36.304249,64500400
2017-10-13,39.182499,39.320000,39.102501,39.247501,36.534641,65576800
2017-10-16,39.474998,40.000000,39.412498,39.970001,37.207203,96486000
2017-10-17,39.945000,40.217499,39.807499,40.117500,37.344505,75989200
2017-10-18,40.105000,40.177502,39.900002,39.939999,37.179268,65496800
2017-10-19,39.187500,39.270000,38.755001,38.994999,36.299591,170336800
2017-10-20,39.152500,39.437500,38.990002,39.062500,36.362442,95896400
2017-10-23,39.222500,39.422501,38.875000,39.042500,36.343803,87937200
2017-10-24,39.072498,39.355000,39.049999,39.275002,36.560246,71028800
2017-10-25,39.227501,39.387501,38.817501,39.102501,36.399654,84828400
2017-10-26,39.307499,39.457500,39.195000,39.352501,36.632378,68002000
2017-10-27,39.822498,40.900002,39.674999,40.762501,37.944916,177816800
2017-10-30,40.972500,42.017502,40.930000,41.680000,38.799011,178803200
2017-10-31,41.974998,42.412498,41.735001,42.259998,39.338902,144187200
2017-11-01,42.467499,42.485001,41.402500,41.722500,38.838566,134551200
2017-11-02,41.650002,42.125000,41.320000,42.027500,39.122478,165573600
2017-11-03,43.500000,43.564999,42.779999,43.125000,40.144127,237594400
2017-11-06,43.092499,43.747501,42.930000,43.562500,40.551384,140105200
2017-11-07,43.477501,43.812500,43.400002,43.702499,40.681694,97446000
2017-11-08,43.665001,44.060001,43.582500,44.060001,41.014492,97638000
2017-11-09,43.777500,44.025002,43.285000,43.970001,40.930710,117930400
2017-11-10,43.777500,43.845001,43.567501,43.667500,40.795242,100582000
2017-11-13,43.375000,43.625000,43.349998,43.492500,40.631760,67928400
2017-11-14,43.259998,43.369999,42.794998,42.834999,40.017509,99130000
2017-11-15,42.492500,42.580002,42.095001,42.270000,39.489666,116632400
2017-11-16,42.794998,42.967499,42.575001,42.775002,39.961464,94550000
2017-11-17,42.759998,42.847500,42.410000,42.537498,39.739574,87598000
2017-11-20,42.572498,42.639999,42.389999,42.494999,39.699883,65049600
2017-11-21,42.695000,43.424999,42.695000,43.285000,40.437897,100525200
2017-11-22,43.340000,43.750000,43.262501,43.740002,40.862984,102355600
2017-11-24,43.775002,43.875000,43.662498,43.742500,40.865318,56106800
2017-11-27,43.762501,43.770000,43.334999,43.522499,40.659794,82867200
2017-11-28,43.575001,43.717499,42.965000,43.267502,40.421555,105715200
2017-11-29,43.157501,43.230000,41.790001,42.369999,39.583080,166665600
2017-11-30,42.607498,43.035000,42.110001,42.962502,40.136616,166108800
2017-12-01,42.487499,42.917500,42.125000,42.762501,39.949787,159037200
2017-12-04,43.119999,43.154999,42.407501,42.450001,39.657833,130169600
2017-12-05,42.264999,42.880001,42.099998,42.410000,39.620468,109400800
2017-12-06,41.875000,42.549999,41.615002,42.252499,39.473320,114240000
2017-12-07,42.257500,42.610001,42.227501,42.330002,39.545731,102693200
2017-12-08,42.622501,42.750000,42.205002,42.342499,39.557404,93420800
2017-12-11,42.299999,43.222500,42.197498,43.167500,40.328129,141095200
2017-12-12,43.037498,43.097500,42.865002,42.924999,40.101578,77636800
2017-12-13,43.125000,43.384998,43.000000,43.067501,40.234726,95273600
2017-12-14,43.099998,43.282501,42.912498,43.055000,40.223026,81906000
2017-12-15,43.407501,43.542500,43.115002,43.492500,40.631760,160677200
2017-12-18,43.720001,44.299999,43.715000,44.105000,41.203968,117684400
2017-12-19,43.757500,43.847500,43.522499,43.634998,40.764885,109745600
2017-12-20,43.717499,43.855000,43.312500,43.587502,40.720516,93902400
2017-12-21,43.542500,44.005001,43.525002,43.752499,40.874664,83799600
2017-12-22,43.669998,43.855000,43.625000,43.752499,40.874664,65397600
2017-12-26,42.700001,42.867500,42.419998,42.642502,39.837673,132742000
2017-12-27,42.525002,42.695000,42.427502,42.650002,39.844669,85992800
2017-12-28,42.750000,42.962502,42.619999,42.770000,39.956779,65920800
2017-12-29,42.630001,42.647499,42.305000,42.307499,39.524704,103999600
2018-01-02,42.540001,43.075001,42.314999,43.064999,40.232368,102223600
2018-01-03,43.132500,43.637501,42.990002,43.057499,40.225372,118071600
2018-01-04,43.134998,43.367500,43.020000,43.257500,40.412212,89738400
2018-01-05,43.360001,43.842499,43.262501,43.750000,40.872314,94640000
2018-01-08,43.587502,43.902500,43.482498,43.587502,40.720516,82271200
2018-01-09,43.637501,43.764999,43.352501,43.582500,40.715836,86336000
2018-01-10,43.290001,43.575001,43.250000,43.572498,40.706509,95839600
2018-01-11,43.647499,43.872501,43.622501,43.820000,40.937714,74670800
2018-01-12,44.044998,44.340000,43.912498,44.272499,41.360443,101672400
2018-01-16,44.474998,44.847500,44.035000,44.047501,41.150257,118263600
2018-01-17,44.037498,44.812500,43.767502,44.775002,41.829906,137547200
2018-01-18,44.842499,45.025002,44.562500,44.814999,41.867271,124773600
2018-01-19,44.652500,44.895000,44.352501,44.615002,41.680424,129700400
2018-01-22,44.325001,44.445000,44.150002,44.250000,41.339436,108434400
2018-01-23,44.325001,44.860001,44.205002,44.259998,41.348766,130756400
2018-01-24,44.312500,44.325001,43.299999,43.555000,40.690144,204420400
2018-01-25,43.627499,43.737499,42.632500,42.777500,39.963787,166116000
2018-01-26,43.000000,43.000000,42.514999,42.877499,40.057213,156572000
2018-01-29,42.540001,42.540001,41.767502,41.990002,39.228088,202561600
2018-01-30,41.382500,41.842499,41.174999,41.742500,38.996861,184192800
2018-01-31,41.717499,42.110001,41.625000,41.857498,39.104298,129915600
2018-02-01,41.792500,42.154999,41.689999,41.945000,39.186047,188923200
2018-02-02,41.500000,41.700001,40.025002,40.125000,37.485767,346375200
2018-02-05,39.775002,40.970001,39.000000,39.122501,36.549206,290954000
2018-02-06,38.707500,40.930000,38.500000,40.757500,38.076660,272975200
2018-02-07,40.772499,40.849998,39.767502,39.884998,37.261547,206434400
2018-02-08,40.072498,40.250000,38.757500,38.787498,36.236233,217562000
2018-02-09,39.267502,39.472500,37.560001,39.102501,36.679455,282690400
2018-02-12,39.625000,40.972500,39.377499,40.677502,38.156860,243278000
2018-02-13,40.487499,41.187500,40.412498,41.084999,38.539093,130196800
2018-02-14,40.759998,41.884998,40.720001,41.842499,39.249668,162579600
2018-02-15,42.447498,43.272499,42.250000,43.247501,40.567608,204588800
2018-02-16,43.090000,43.705002,42.942501,43.107498,40.436272,160704400
2018-02-20,43.012501,43.564999,42.855000,42.962502,40.300262,135722000
2018-02-21,43.207500,43.529999,42.752499,42.767502,40.117359,149886400
2018-02-22,42.950001,43.487499,42.927502,43.125000,40.452698,123967600
2018-02-23,43.417500,43.912498,43.384998,43.875000,41.156216,135249600
2018-02-26,44.087502,44.847500,44.052502,44.742500,41.969959,152648800
2018-02-27,44.775002,45.119999,44.540001,44.597500,41.833946,155712400
2018-02-28,44.814999,45.154999,44.512501,44.529999,41.770638,151128400
2018-03-01,44.634998,44.945000,43.165001,43.750000,41.038956,195208000
2018-03-02,43.200001,44.075001,43.112499,44.052502,41.322720,153816000
2018-03-05,43.802502,44.435001,43.630001,44.205002,41.465771,113605600
2018-03-06,44.477501,44.562500,44.032501,44.167500,41.430595,95154000
2018-03-07,43.735001,43.962502,43.567501,43.757500,41.045990,126814000
2018-03-08,43.869999,44.279999,43.767502,44.235001,41.493912,95096400
2018-03-09,44.490002,45.000000,44.347500,44.994999,42.206818,128740800
2018-03-12,45.072498,45.597500,45.052502,45.430000,42.614853,128828400
2018-03-13,45.647499,45.875000,44.810001,44.992500,42.204468,126774000
2018-03-14,45.080002,45.130001,44.452499,44.610001,41.845669,117473600
2018-03-15,44.625000,45.060001,44.517502,44.662498,41.894932,90975200
2018-03-16,44.662498,44.779999,44.404999,44.505001,41.747181,157618800
2018-03-19,44.330002,44.367500,43.415001,43.825001,41.109310,133787200
2018-03-20,43.810001,44.200001,43.735001,43.810001,41.095242,78597600
2018-03-21,43.759998,43.772499,42.814999,42.817501,40.164249,148219600
2018-03-22,42.500000,43.169998,42.150002,42.212502,39.596729,165963200
2018-03-23,42.097500,42.480000,41.235001,41.235001,38.679813,164115200
2018-03-26,42.017502,43.275002,41.610001,43.192501,40.516014,150164800
2018-03-27,43.419998,43.787498,41.730000,42.084999,39.477146,163690400
2018-03-28,41.812500,42.505001,41.297501,41.619999,39.040966,166674000
2018-03-29,41.952499,42.937500,41.724998,41.945000,39.345818,153594000
2018-04-02,41.660000,42.235001,41.117500,41.669998,39.087860,150347200
2018-04-03,41.910000,42.187500,41.220001,42.097500,39.488857,121112000
2018-04-04,41.220001,43.002499,41.192501,42.902500,40.243969,138422000
2018-04-05,43.145000,43.557499,43.020000,43.200001,40.523041,107732800
2018-04-06,42.742500,43.119999,42.049999,42.095001,39.486523,140021200
2018-04-09,42.470001,43.272499,42.462502,42.512501,39.878151,116070800
2018-04-10,43.250000,43.500000,42.882500,43.312500,40.628571,113634400
2018-04-11,43.057499,43.480000,42.924999,43.110001,40.438622,89726400
2018-04-12,43.352501,43.750000,43.259998,43.535000,40.837280,91557200
2018-04-13,43.695000,43.959999,43.462502,43.682499,40.975658,100497200
2018-04-16,43.757500,44.047501,43.707500,43.955002,41.231262,86313600
2018-04-17,44.122501,44.735001,44.102501,44.560001,41.798779,106421600
2018-04-18,44.452499,44.705002,44.220001,44.459999,41.704964,83018000
2018-04-19,43.439999,43.847500,43.165001,43.200001,40.523041,139235200
2018-04-20,42.650002,42.805000,41.357498,41.430000,38.862732,261964400
2018-04-23,41.707500,41.730000,41.022499,41.310001,38.750172,146062000
2018-04-24,41.417500,41.582500,40.305000,40.735001,38.210789,134768000
2018-04-25,40.654999,41.355000,40.602501,40.912498,38.377308,113528400
2018-04-26,41.029999,41.432499,40.842499,41.055000,38.510960,111852000
2018-04-27,41.000000,41.082500,40.157501,40.580002,38.065392,142623200
2018-04-30,40.532501,41.814999,40.459999,41.314999,38.754852,169709600
2018-05-01,41.602501,42.299999,41.317501,42.275002,39.655376,214277600
2018-05-02,43.807499,44.437500,43.450001,44.142502,41.407150,266157600
2018-05-03,43.970001,44.375000,43.610001,44.222500,41.482201,136272800
2018-05-04,44.562500,46.062500,44.542500,45.957500,43.109673,224805200
2018-05-07,46.294998,46.917500,46.187500,46.290001,43.421574,169805600
2018-05-08,46.247501,46.555000,45.917500,46.512501,43.630276,113611200
2018-05-09,46.637501,46.849998,46.305000,46.840000,43.937481,92844800
2018-05-10,46.935001,47.592499,46.912498,47.509998,44.565975,111957200
2018-05-11,47.372501,47.514999,46.862499,47.147499,44.396465,104848800
2018-05-14,47.252499,47.382500,46.965000,47.037498,44.292889,83115200
2018-05-15,46.695000,46.767502,46.275002,46.610001,43.890331,94780800
2018-05-16,46.517502,47.115002,46.500000,47.044998,44.299950,76732400
2018-05-17,47.000000,47.227501,46.590000,46.747501,44.019810,69176000
2018-05-18,46.797501,46.952499,46.532501,46.577499,43.859741,73190800
2018-05-21,47.000000,47.317501,46.727501,46.907501,44.170460,73603200
2018-05-22,47.095001,47.220001,46.695000,46.790001,44.059845,60962800
2018-05-23,46.587502,47.125000,46.439999,47.090000,44.342327,80233600
2018-05-24,47.192501,47.209999,46.552502,47.037498,44.292889,92936000
2018-05-25,47.057499,47.412498,46.912498,47.145000,44.394123,69844000
2018-05-29,46.900002,47.187500,46.717499,46.974998,44.234043,90056400
2018-05-30,46.930000,47.000000,46.695000,46.875000,44.139881,74762000
2018-05-31,46.805000,47.057499,46.535000,46.717499,43.991562,109931200
2018-06-01,46.997501,47.564999,46.937500,47.560001,44.784912,93770000
2018-06-04,47.910000,48.355000,47.837502,47.957500,45.159206,105064800
2018-06-05,48.267502,48.485001,48.090000,48.327499,45.507610,86264000
2018-06-06,48.407501,48.520000,47.980000,48.494999,45.665348,83734400
2018-06-07,48.535000,48.549999,48.084999,48.365002,45.542942,85388800
2018-06-08,47.792500,48.000000,47.442501,47.924999,45.128601,106627200
2018-06-11,47.837502,47.992500,47.552502,47.807499,45.017967,73234000
2018-06-12,47.847500,48.152500,47.787498,48.070000,45.265141,67644400
2018-06-13,48.105000,48.220001,47.610001,47.674999,44.893185,86553600
2018-06-14,47.887501,47.892502,47.555000,47.700001,44.916744,86440400
2018-06-15,47.507500,47.540001,47.064999,47.209999,44.455334,246876800
2018-06-18,46.970001,47.305000,46.799999,47.185001,44.431786,73939600
2018-06-19,46.285000,46.582500,45.862499,46.422501,43.713783,134314000
2018-06-20,46.587502,46.799999,46.432499,46.625000,43.904453,82514800
2018-06-21,46.812500,47.087502,46.235001,46.365002,43.659630,102847600
2018-06-22,46.529999,46.537498,46.174999,46.230000,43.532505,108801600
2018-06-25,45.849998,46.230000,45.182499,45.542500,42.885124,126652400
2018-06-26,45.747501,46.632500,45.634998,46.107498,43.417152,98276800
2018-06-27,46.307499,46.820000,46.007500,46.040001,43.353603,101141200
2018-06-28,46.025002,46.552502,45.950001,46.375000,43.669041,69460800
2018-06-29,46.572498,46.797501,45.727501,46.277500,43.577240,90950800
2018-07-02,45.955002,46.825001,45.855000,46.794998,44.064533,70925200
2018-07-03,46.947498,46.987499,45.884998,45.980000,43.297096,55819200
2018-07-05,46.314999,46.602501,46.070000,46.349998,43.645504,66416800
2018-07-06,46.355000,47.107498,46.299999,46.992500,44.250504,69940800
2018-07-09,47.375000,47.669998,47.325001,47.645000,44.864937,79026400
2018-07-10,47.677502,47.820000,47.544998,47.587502,44.810795,63756400
2018-07-11,47.125000,47.445000,46.902500,46.970001,44.229328,75326000
2018-07-12,47.382500,47.852501,47.327499,47.757500,44.970879,72164400
2018-07-13,47.770000,47.959999,47.724998,47.832500,45.041500,50055600
2018-07-16,47.880001,48.162498,47.605000,47.727501,44.942635,60172400
2018-07-17,47.437500,47.967499,47.299999,47.862499,45.069759,62138000
2018-07-18,47.945000,47.950001,47.482498,47.599998,44.822567,65573600
2018-07-19,47.422501,48.137501,47.422501,47.970001,45.170990,81147200
2018-07-20,47.945000,48.107498,47.542500,47.860001,45.067402,82704800
2018-07-23,47.669998,47.990002,47.389999,47.902500,45.107422,63957600
2018-07-24,48.112499,48.415001,48.012501,48.250000,45.434647,74791600
2018-07-25,48.264999,48.712502,48.107498,48.705002,45.863106,66839600
2018-07-26,48.652500,48.990002,48.402500,48.552502,45.719494,76304000
2018-07-27,48.747501,48.797501,47.525002,47.744999,44.959103,96096000
2018-07-30,47.974998,48.049999,47.267502,47.477501,44.707226,84118000
2018-07-31,47.575001,48.035000,47.334999,47.572498,44.796665,157492000
2018-08-01,49.782501,50.439999,49.327499,50.375000,47.435661,271742800
2018-08-02,50.145000,52.095001,50.087502,51.847500,48.822231,249616000
2018-08-03,51.757500,52.185001,51.369999,51.997501,48.963482,133789600
2018-08-06,52.000000,52.312500,51.767502,52.267502,49.217724,101701600
2018-08-07,52.330002,52.375000,51.689999,51.777500,48.756310,102349600
2018-08-08,51.512501,51.952499,51.130001,51.812500,48.789272,90102000
2018-08-09,52.382500,52.445000,51.799999,52.220001,49.172985,93970400
2018-08-10,51.840000,52.275002,51.667500,51.882500,49.026535,98444800
2018-08-13,52.327499,52.737499,51.924999,52.217499,49.343082,103563600
2018-08-14,52.540001,52.639999,52.064999,52.437500,49.550976,82992000
2018-08-15,52.305000,52.685001,52.082500,52.560001,49.666740,115230400
2018-08-16,52.937500,53.452499,52.867500,53.330002,50.394348,114001600
2018-08-17,53.360001,54.487499,53.290001,54.395000,51.400726,141708000
2018-08-20,54.525002,54.794998,53.777500,53.865002,50.899906,121150800
2018-08-21,54.200001,54.297501,53.507500,53.759998,50.800671,104639200
2018-08-22,53.525002,54.090000,53.459999,53.762501,50.803043,76072400
2018-08-23,53.662498,54.262501,53.650002,53.872501,50.906986,75532800
2018-08-24,54.150002,54.224998,53.777500,54.040001,51.065254,73905600
2018-08-27,54.287498,54.685001,54.082500,54.485001,51.485771,82100400
2018-08-28,54.752499,55.134998,54.730000,54.924999,51.901539,91107200
2018-08-29,55.037498,55.872501,54.852501,55.744999,52.676407,109019200
2018-08-30,55.812500,57.064999,55.599998,56.257500,53.160694,195175200
2018-08-31,56.627499,57.217499,56.500000,56.907501,53.774921,173360400
2018-09-04,57.102501,57.294998,56.657501,57.090000,53.947384,109560400
2018-09-05,57.247501,57.417500,56.275002,56.717499,53.595375,133332000
2018-09-06,56.557499,56.837502,55.325001,55.775002,52.704758,137160000
2018-09-07,55.462502,56.342499,55.177502,55.325001,52.279530,150479200
2018-09-10,55.237499,55.462502,54.117500,54.582500,51.577896,158066000
2018-09-11,54.502499,56.075001,54.139999,55.962502,52.881947,142996000
2018-09-12,56.235001,56.250000,54.959999,55.267502,52.225204,197114800
2018-09-13,55.880001,57.087502,55.642502,56.602501,53.486710,166825600
2018-09-14,56.437500,56.709999,55.630001,55.959999,52.879570,127997200
2018-09-17,55.537498,55.737499,54.317501,54.470001,51.471603,148780400
2018-09-18,54.447498,55.462502,54.279999,54.560001,51.556641,126286800
2018-09-19,54.625000,54.904999,53.825001,54.592499,51.587353,108495200
2018-09-20,55.060001,55.570000,54.787498,55.007500,51.979496,106435200
2018-09-21,55.195000,55.340000,54.322498,54.415001,51.419621,384986800
2018-09-24,54.205002,55.314999,54.157501,55.197498,52.159042,110773600
2018-09-25,54.937500,55.705002,54.924999,55.547501,52.489780,98217600
2018-09-26,55.250000,55.937500,54.939999,55.105000,52.071644,95938800
2018-09-27,55.955002,56.610001,55.884998,56.237499,53.141800,120724800
2018-09-28,56.197498,56.459999,56.005001,56.435001,53.328423,91717600
2018-10-01,56.987499,57.355000,56.587502,56.814999,53.687515,94403200
2018-10-02,56.812500,57.500000,56.657501,57.320000,54.164703,99152800
2018-10-03,57.512501,58.367500,57.445000,58.017502,54.823818,114619200
2018-10-04,57.695000,58.087502,56.682499,56.997501,53.859966,128168000
2018-10-05,56.990002,57.102501,55.145000,56.072498,52.985878,134322000
2018-10-08,55.552502,56.200001,55.049999,55.942501,52.863041,118655600
2018-10-09,55.910000,56.817501,55.562500,56.717499,53.595375,107564000
2018-10-10,56.365002,56.587502,54.012501,54.090000,51.112514,167962400
2018-10-11,53.630001,54.875000,53.080002,53.612499,50.661297,212497600
2018-10-12,55.105000,55.720001,54.209999,55.527500,52.470882,161351600
2018-10-15,55.290001,55.457500,54.317501,54.340000,51.348763,123164000
2018-10-16,54.732498,55.747501,54.189999,55.537498,52.480335,116736000
2018-10-17,55.575001,55.660000,54.834999,55.297501,52.253548,91541600
2018-10-18,54.465000,54.935001,53.250000,54.005001,51.032192,130325200
2018-10-19,54.514999,55.314999,54.357498,54.827499,51.809418,132314800
2018-10-22,54.947498,55.840000,54.735001,55.162498,52.125957,115168400
2018-10-23,53.957500,55.812500,53.674999,55.682499,52.617344,155071200
2018-10-24,55.650002,56.057499,53.634998,53.772499,50.812489,163702000
2018-10-25,54.427502,55.345001,54.187500,54.950001,51.925171,119423200
2018-10-26,53.974998,55.047501,53.167500,54.075001,51.098335,189033600
2018-10-29,54.797501,54.922501,51.522499,53.060001,50.139206,183742000
2018-10-30,52.787498,53.794998,52.317501,53.325001,50.389629,146640000
2018-10-31,54.220001,55.112499,54.154999,54.715000,51.703106,153435600
2018-11-01,54.762501,55.590000,54.202499,55.555000,52.496864,233292800
2018-11-02,52.387501,53.412498,51.357498,51.869999,49.014717,365314800
2018-11-05,51.075001,51.097500,49.542500,50.397499,47.623260,264654800
2018-11-06,50.480000,51.180000,50.422501,50.942501,48.138275,127531600
2018-11-07,51.492500,52.514999,51.032501,52.487499,49.598213,133697600
2018-11-08,52.494999,52.529999,51.687500,52.122501,49.425171,101450400
2018-11-09,51.387501,51.502499,50.562500,51.117500,48.472187,137463200
2018-11-12,49.750000,49.962502,48.447498,48.542500,46.030434,204542000
2018-11-13,47.907501,49.294998,47.862499,48.057499,45.570538,187531600
2018-11-14,48.474998,48.619999,46.482498,46.700001,44.283283,243204000
2018-11-15,47.097500,47.992500,46.724998,47.852501,45.376144,185915200
2018-11-16,47.625000,48.742500,47.365002,48.382500,45.878708,147713200
2018-11-19,47.500000,47.674999,46.247501,46.465000,44.060452,167701200
2018-11-20,44.592499,45.367500,43.877499,44.244999,41.955330,271300800
2018-11-21,44.932499,45.067501,44.137501,44.195000,41.907917,124496800
2018-11-23,43.735001,44.150002,43.025002,43.072498,40.843506,94496000
2018-11-26,43.560001,43.737499,42.564999,43.654999,41.395851,179994000
2018-11-27,42.877499,43.692501,42.720001,43.560001,41.305782,165549600
2018-11-28,44.182499,45.322498,43.732498,45.235001,42.894096,184250000
2018-11-29,45.665001,45.700001,44.424999,44.887501,42.564579,167080000
2018-11-30,45.072498,45.082500,44.257500,44.645000,42.334633,158126000
2018-12-03,46.115002,46.235001,45.302502,46.205002,43.813900,163210000
2018-12-04,45.237499,45.597500,44.067501,44.172501,41.886593,165377200
2018-12-06,42.939999,43.695000,42.605000,43.680000,41.419563,172393600
2018-12-07,43.372501,43.622501,42.075001,42.122501,39.942665,169126400
2018-12-10,41.250000,42.522499,40.832500,42.400002,40.205811,248104000
2018-12-11,42.915001,42.947498,41.750000,42.157501,39.975857,189126800
2018-12-12,42.599998,42.980000,42.255001,42.275002,40.087284,142510800
2018-12-13,42.622501,43.142502,42.387501,42.737499,40.525837,127594400
2018-12-14,42.250000,42.270000,41.320000,41.369999,39.229107,162814800
2018-12-17,41.362499,42.087502,40.682499,40.985001,38.864048,177151600
2018-12-18,41.345001,41.882500,41.097500,41.517502,39.368973,135366000
2018-12-19,41.500000,41.862499,39.772499,40.222500,38.140999,196189200
2018-12-20,40.099998,40.527500,38.825001,39.207500,37.178513,259092000
2018-12-21,39.215000,39.540001,37.407501,37.682499,35.732437,382978400
2018-12-24,37.037498,37.887501,36.647499,36.707500,34.807903,148676800
2018-12-26,37.075001,39.307499,36.680000,39.292500,37.259125,234330000
2018-12-27,38.959999,39.192501,37.517502,39.037498,37.017315,212468400
2018-12-28,39.375000,39.630001,38.637501,39.057499,37.036274,169165600
2018-12-31,39.632500,39.840000,39.119999,39.435001,37.394238,140014000
2019-01-02,38.722500,39.712502,38.557499,39.480000,37.436913,148158800
2019-01-03,35.994999,36.430000,35.500000,35.547501,33.707924,365248800
2019-01-04,36.132500,37.137501,35.950001,37.064999,35.146915,234428400
2019-01-07,37.174999,37.207500,36.474998,36.982498,35.068668,219111200
2019-01-08,37.389999,37.955002,37.130001,37.687500,35.737183,164101200
2019-01-09,37.822498,38.632500,37.407501,38.327499,36.344063,180396400
2019-01-10,38.125000,38.492500,37.715000,38.450001,36.460224,143122800
2019-01-11,38.220001,38.424999,37.877499,38.072498,36.102261,108092800
2019-01-14,37.712502,37.817501,37.305000,37.500000,35.559387,129756800
2019-01-15,37.567501,38.347500,37.512501,38.267502,36.287170,114843600
2019-01-16,38.270000,38.970001,38.250000,38.735001,36.730473,122278800
2019-01-17,38.549999,39.415001,38.314999,38.965000,36.948563,119284800
2019-01-18,39.375000,39.470001,38.994999,39.205002,37.176151,135004000
2019-01-22,39.102501,39.182499,38.154999,38.325001,36.341686,121576000
2019-01-23,38.537498,38.785000,37.924999,38.480000,36.488663,92522400
2019-01-24,38.527500,38.619999,37.935001,38.174999,36.199455,101766000
2019-01-25,38.869999,39.532501,38.580002,39.439999,37.398983,134142000
2019-01-28,38.947498,39.082500,38.415001,39.075001,37.052872,104768400
2019-01-29,39.062500,39.532501,38.527500,38.669998,36.668827,166348800
2019-01-30,40.812500,41.537498,40.057499,41.312500,39.174587,244439200
2019-01-31,41.527500,42.250000,41.139999,41.610001,39.456684,162958400
2019-02-01,41.740002,42.244999,41.482498,41.630001,39.475647,130672400
2019-02-04,41.852501,42.915001,41.820000,42.812500,40.596966,125982000
2019-02-05,43.215000,43.770000,43.087502,43.544998,41.291565,144406400
2019-02-06,43.662498,43.892502,43.212502,43.560001,41.305782,112958400
2019-02-07,43.099998,43.485001,42.584999,42.735001,40.523483,126966800
2019-02-08,42.247501,42.665001,42.105000,42.602501,40.571091,95280000
2019-02-11,42.762501,42.802502,42.312500,42.357498,40.337772,83973600
2019-02-12,42.525002,42.750000,42.424999,42.722500,40.685371,89134000
2019-02-13,42.847500,43.119999,42.480000,42.544998,40.516327,89960800
2019-02-14,42.427502,42.814999,42.345001,42.700001,40.663933,87342800
2019-02-15,42.812500,42.924999,42.437500,42.605000,40.573471,98507200
2019-02-19,42.427502,42.860001,42.372501,42.732498,40.694874,75891200
2019-02-20,42.797501,43.330002,42.747501,43.007500,40.956772,104457600
2019-02-21,42.950001,43.092499,42.575001,42.764999,40.725826,68998800
2019-02-22,42.895000,43.250000,42.845001,43.242500,41.180561,75652800
2019-02-25,43.540001,43.967499,43.487499,43.557499,41.480549,87493600
2019-02-26,43.427502,43.825001,43.292500,43.582500,41.504360,68280800
2019-02-27,43.302502,43.750000,43.182499,43.717499,41.632915,111341600
2019-02-28,43.580002,43.727501,43.230000,43.287498,41.223419,112861600
2019-03-01,43.570000,43.787498,43.222500,43.742500,41.656727,103544800
2019-03-04,43.922501,44.437500,43.492500,43.962502,41.866253,109744800
2019-03-05,43.985001,44.000000,43.634998,43.882500,41.790039,78949600
2019-03-06,43.667500,43.872501,43.485001,43.630001,41.549583,83241600
2019-03-07,43.467499,43.610001,43.005001,43.125000,41.068684,99185600
2019-03-08,42.580002,43.267502,42.375000,43.227501,41.166298,95997600
2019-03-11,43.872501,44.779999,43.837502,44.724998,42.592377,128044000
2019-03-12,45.000000,45.667500,44.842499,45.227501,43.070919,129870400
2019-03-13,45.562500,45.825001,45.230000,45.427502,43.261383,124130000
2019-03-14,45.974998,46.025002,45.639999,45.932499,43.742302,94318000
2019-03-15,46.212502,46.832500,45.935001,46.529999,44.311306,156171600
2019-03-18,46.450001,47.097500,46.447498,47.005001,44.763653,104879200
2019-03-19,47.087502,47.247501,46.480000,46.632500,44.408924,126585600
2019-03-20,46.557499,47.372501,46.182499,47.040001,44.796993,124140800
2019-03-21,47.505001,49.082500,47.452499,48.772499,46.446877,204136800
2019-03-22,48.834999,49.422501,47.695000,47.762501,45.485039,169630800
2019-03-25,47.877499,47.994999,46.650002,47.185001,44.935078,175381200
2019-03-26,47.915001,48.220001,46.145000,46.697498,44.470825,199202000
2019-03-27,47.187500,47.439999,46.637501,47.117500,44.870789,119393600
2019-03-28,47.237499,47.389999,46.882500,47.180000,44.930325,83121600
2019-03-29,47.457500,47.520000,47.134998,47.487499,45.223160,94256000
2019-04-01,47.910000,47.919998,47.095001,47.810001,45.530270,111448000
2019-04-02,47.772499,48.615002,47.762501,48.505001,46.192139,91062800
2019-04-03,48.312500,49.125000,48.287498,48.837502,46.508789,93087200
2019-04-04,48.697498,49.092499,48.285000,48.922501,46.589737,76457200
2019-04-05,49.112499,49.275002,48.982498,49.250000,46.901615,74106400
2019-04-08,49.105000,50.057499,49.084999,50.025002,47.639668,103526800
2019-04-09,50.080002,50.712502,49.807499,49.875000,47.496815,143072800
2019-04-10,49.669998,50.185001,49.544998,50.154999,47.763454,86781200
2019-04-11,50.212502,50.250000,49.610001,49.737499,47.365871,83603200
2019-04-12,49.799999,50.035000,49.052502,49.717499,47.346809,111042800
2019-04-15,49.645000,49.962502,49.502499,49.807499,47.432533,70146400
2019-04-16,49.865002,50.342499,49.639999,49.812500,47.437290,102785600
2019-04-17,49.884998,50.845001,49.652500,50.782501,48.361034,115627200
2019-04-18,50.779999,51.037498,50.630001,50.965000,48.534836,96783200
2019-04-22,50.707500,51.235001,50.584999,51.132500,48.694344,77758000
2019-04-23,51.107498,51.937500,50.974998,51.869999,49.396687,93292000
2019-04-24,51.840000,52.119999,51.762501,51.790001,49.320499,70162400
2019-04-25,51.707500,51.939999,51.279999,51.320000,48.872913,74172800
2019-04-26,51.224998,51.250000,50.529999,51.075001,48.639584,74596400
2019-04-29,51.099998,51.492500,50.965000,51.152500,48.713394,88818800
2019-04-30,50.764999,50.849998,49.777500,50.167500,47.775356,186139600
2019-05-01,52.470001,53.827499,52.307499,52.630001,50.120453,259309200
2019-05-02,52.459999,53.162498,52.032501,52.287498,49.794281,127985200
2019-05-03,52.722500,52.959999,52.557499,52.937500,50.413288,83569600
2019-05-06,51.072498,52.209999,50.875000,52.119999,49.634766,129772400
2019-05-07,51.470001,51.855000,50.207500,50.715000,48.296764,155054800
2019-05-08,50.474998,51.334999,50.437500,50.724998,48.306274,105358000
2019-05-09,50.099998,50.419998,49.165001,50.180000,47.787273,139634400
2019-05-10,49.355000,49.712502,48.192501,49.294998,47.125259,164834800
2019-05-13,46.927502,47.369999,45.712502,46.430000,44.386353,229722400
2019-05-14,46.602501,47.424999,46.352501,47.165001,45.089001,146118800
2019-05-15,46.567501,47.937500,46.505001,47.730000,45.629128,106178800
2019-05-16,47.477501,48.117500,47.209999,47.520000,45.428383,132125600
2019-05-17,46.732498,47.724998,46.689999,47.250000,45.170258,131516400
2019-05-20,45.880001,46.087502,45.070000,45.772499,43.757797,154449200
2019-05-21,46.305000,47.000000,46.174999,46.650002,44.596664,113459200
2019-05-22,46.165001,46.427502,45.637501,45.695000,43.683704,118994400
2019-05-23,44.950001,45.134998,44.452499,44.915001,42.938038,146118800
2019-05-24,45.049999,45.535000,44.654999,44.742500,42.773136,94858800
2019-05-28,44.730000,45.147499,44.477501,44.557499,42.596268,111792800
2019-05-29,44.105000,44.837502,44.000000,44.345001,42.393131,113924800
2019-05-30,44.487499,44.807499,44.167500,44.575001,42.612999,84873600
2019-05-31,44.057499,44.497501,43.747501,43.767502,41.841049,108174400
2019-06-03,43.900002,44.480000,42.567501,43.325001,41.418022,161584400
2019-06-04,43.860001,44.957500,43.630001,44.910000,42.933262,123872000
2019-06-05,46.070000,46.247501,45.285000,45.634998,43.626343,119093600
2019-06-06,45.770000,46.367500,45.537498,46.305000,44.266857,90105200
2019-06-07,46.627499,47.980000,46.442501,47.537498,45.445107,122737600
2019-06-10,47.952499,48.842499,47.904999,48.145000,46.025867,104883600
2019-06-11,48.715000,49.000000,48.400002,48.702499,46.558823,107731600
2019-06-12,48.487499,48.992500,48.347500,48.547501,46.410645,73012800
2019-06-13,48.674999,49.197498,48.400002,48.537498,46.401089,86698400
2019-06-14,47.887501,48.397499,47.575001,48.185001,46.064102,75046000
2019-06-17,48.224998,48.740002,48.042500,48.472500,46.338959,58676400
2019-06-18,49.012501,50.072498,48.802502,49.612499,47.428772,106204000
2019-06-19,49.919998,49.970001,49.327499,49.467499,47.290154,84496800
2019-06-20,50.092499,50.152500,49.507500,49.865002,47.670162,86056000
2019-06-21,49.700001,50.212502,49.537498,49.695000,47.507645,191202400
2019-06-24,49.634998,50.040001,49.542500,49.645000,47.459843,72881600
2019-06-25,49.607498,49.814999,48.822498,48.892502,46.740467,84281200
2019-06-26,49.442501,50.247501,49.337502,49.950001,47.751423,104270000
2019-06-27,50.072498,50.392502,49.892502,49.935001,47.737080,83598800
2019-06-28,49.669998,49.875000,49.262501,49.480000,47.302105,124442400
2019-07-01,50.792500,51.122501,50.162498,50.387501,48.169674,109012000
2019-07-02,50.352501,50.782501,50.340000,50.682499,48.451679,67740800
2019-07-03,50.820000,51.110001,50.672501,51.102501,48.853195,45448000
2019-07-05,50.837502,51.270000,50.724998,51.057499,48.810181,69062000
2019-07-08,50.202499,50.349998,49.602501,50.005001,47.803993,101354400
2019-07-09,49.799999,50.377499,49.702499,50.310001,48.095573,82312000
2019-07-10,50.462502,50.932499,50.389999,50.807499,48.571178,71588400
2019-07-11,50.827499,51.097500,50.427502,50.437500,48.217468,80767200
2019-07-12,50.612499,51.000000,50.549999,50.825001,48.587910,70380800
2019-07-15,51.022499,51.467499,51.000000,51.302502,49.044392,67789600
2019-07-16,51.147499,51.527500,50.875000,51.125000,48.874706,67467200
2019-07-17,51.012501,51.272499,50.817501,50.837502,48.599854,56430000
2019-07-18,51.000000,51.470001,50.924999,51.415001,49.151936,74162400
2019-07-19,51.447498,51.625000,50.590000,50.647499,48.418221,83717200
2019-07-22,50.912498,51.807499,50.902500,51.805000,49.524769,89111600
2019-07-23,52.115002,52.227501,51.822498,52.209999,49.911945,73420800
2019-07-24,51.917500,52.287498,51.792500,52.167500,49.871315,59966400
2019-07-25,52.222500,52.310001,51.682499,51.755001,49.476967,55638400
2019-07-26,51.869999,52.432499,51.785000,51.935001,49.649048,70475600
2019-07-29,52.115002,52.660000,52.110001,52.419998,50.112709,86693600
2019-07-30,52.189999,52.540001,51.827499,52.195000,49.897610,135742800
2019-07-31,54.105000,55.342499,52.825001,53.259998,50.915730,277125600
2019-08-01,53.474998,54.507500,51.685001,52.107498,49.813953,216071600
2019-08-02,51.382500,51.607498,50.407501,51.005001,48.759998,163448400
2019-08-05,49.497501,49.662498,48.145000,48.334999,46.207500,209572000
2019-08-06,49.077499,49.517502,48.509998,49.250000,47.082237,143299200
2019-08-07,48.852501,49.889999,48.455002,49.759998,47.569782,133457600
2019-08-08,50.049999,50.882500,49.847500,50.857498,48.618980,108038000
2019-08-09,50.325001,50.689999,49.822498,50.247501,48.218338,98478800
2019-08-12,49.904999,50.512501,49.787498,50.119999,48.095989,89927600
2019-08-13,50.255001,53.035000,50.119999,52.242500,50.132778,188874000
2019-08-14,50.790001,51.610001,50.647499,50.687500,48.640568,146189600
2019-08-15,50.865002,51.285000,49.917500,50.435001,48.398266,108909600
2019-08-16,51.070000,51.790001,50.959999,51.625000,49.540211,110481600
2019-08-19,52.654999,53.182499,52.507500,52.587502,50.463844,97654400
2019-08-20,52.720001,53.337502,52.580002,52.590000,50.466236,107537200
2019-08-21,53.247501,53.412498,52.900002,53.160000,51.013214,86141600
2019-08-22,53.297501,53.610001,52.687500,53.115002,50.970043,89014800
2019-08-23,52.357498,53.012501,50.250000,50.660000,48.614185,187272000
2019-08-26,51.465000,51.797501,51.264999,51.622501,49.537807,104174400
2019-08-27,51.965000,52.137501,50.882500,51.040001,48.978840,103493200
2019-08-28,51.025002,51.430000,50.830002,51.382500,49.307503,63755200
2019-08-29,52.125000,52.330002,51.665001,52.252499,50.142365,83962000
2019-08-30,52.540001,52.612499,51.799999,52.185001,50.077602,84573600
2019-09-03,51.607498,51.744999,51.055000,51.424999,49.348293,80092000
2019-09-04,52.097500,52.369999,51.830002,52.297501,50.185551,76752400
2019-09-05,53.000000,53.492500,52.877499,53.320000,51.166756,95654800
2019-09-06,53.512501,53.605000,53.127499,53.314999,51.161961,77449200
2019-09-09,53.709999,54.110001,52.767502,53.542500,51.380272,109237600
2019-09-10,53.465000,54.195000,52.927502,54.174999,51.987225,127111600
2019-09-11,54.517502,55.927502,54.432499,55.897499,53.640167,177158400
2019-09-12,56.200001,56.605000,55.715000,55.772499,53.520218,128906800
2019-09-13,55.000000,55.197498,54.255001,54.687500,52.479027,159053200
2019-09-16,54.432499,55.032501,54.389999,54.974998,52.754925,84632400
2019-09-17,54.990002,55.205002,54.779999,55.174999,52.946838,73274800
2019-09-18,55.264999,55.712502,54.860001,55.692501,53.443447,101360000
2019-09-19,55.502499,55.939999,55.092499,55.240002,53.009224,88242400
2019-09-20,55.345001,55.639999,54.367500,54.432499,52.234322,221652400
2019-09-23,54.737499,54.959999,54.412498,54.680000,52.471836,76662000
2019-09-24,55.257500,55.622501,54.297501,54.419998,52.222336,124763200
2019-09-25,54.637501,55.375000,54.285000,55.257500,53.026024,87613600
2019-09-26,55.000000,55.235001,54.707500,54.972500,52.752525,75334000
2019-09-27,55.134998,55.240002,54.320000,54.705002,52.495823,101408000
2019-09-30,55.224998,56.145000,55.197498,55.992500,53.731335,103909600
2019-10-01,56.267502,57.055000,56.049999,56.147499,53.880089,139223200
2019-10-02,55.764999,55.895000,54.482498,54.740002,52.529411,138449200
2019-10-03,54.607498,55.240002,53.782501,55.205002,52.975636,114426000
2019-10-04,56.410000,56.872501,55.972500,56.752499,54.460632,138478800
2019-10-07,56.567501,57.482498,56.459999,56.764999,54.472637,122306000
2019-10-08,56.455002,57.014999,56.082500,56.099998,53.834496,111820000
2019-10-09,56.757500,56.947498,56.410000,56.757500,54.465435,74770400
2019-10-10,56.982498,57.610001,56.825001,57.522499,55.199543,113013600
2019-10-11,58.237499,59.410000,58.077499,59.052502,56.667755,166795600
2019-10-14,58.724998,59.532501,58.667500,58.967499,56.586189,96427600
2019-10-15,59.097500,59.412498,58.720001,58.830002,56.454247,87360000
2019-10-16,58.342499,58.810001,58.299999,58.592499,56.226337,73903200
2019-10-17,58.772499,59.037498,58.380001,58.820000,56.444645,67585200
2019-10-18,58.647499,59.395000,58.572498,59.102501,56.715748,97433600
2019-10-21,59.380001,60.247501,59.330002,60.127499,57.699356,87247200
2019-10-22,60.290001,60.549999,59.904999,59.990002,57.567406,82293600
2019-10-23,60.525002,60.810001,60.305000,60.794998,58.339890,75828800
2019-10-24,61.127499,61.200001,60.452499,60.895000,58.435856,69275200
2019-10-25,60.790001,61.682499,60.720001,61.645000,59.155567,73477200
2019-10-28,61.855000,62.312500,61.680000,62.262501,59.748131,96572800
2019-10-29,62.242500,62.437500,60.642502,60.822498,58.366287,142839600
2019-10-30,61.189999,61.325001,60.302502,60.814999,58.359081,124522000
2019-10-31,61.810001,62.292500,59.314999,62.189999,59.678558,139162000
2019-11-01,62.384998,63.982498,62.290001,63.955002,61.372288,151125200
2019-11-04,64.332497,64.462502,63.845001,64.375000,61.775311,103272000
2019-11-05,64.262497,64.547501,64.080002,64.282501,61.686554,79897600
2019-11-06,64.192497,64.372498,63.842499,64.309998,61.712940,75864400
2019-11-07,64.684998,65.087502,64.527496,64.857498,62.425205,94940400
2019-11-08,64.672501,65.110001,64.212502,65.035004,62.596039,69986400
2019-11-11,64.574997,65.617500,64.570000,65.550003,63.091709,81821200
2019-11-12,65.387497,65.697502,65.230003,65.489998,63.033978,87388800
2019-11-13,65.282501,66.195000,65.267502,66.117500,63.637936,102734400
2019-11-14,65.937500,66.220001,65.525002,65.660004,63.197586,89182800
2019-11-15,65.919998,66.445000,65.752502,66.440002,63.948353,100206400
2019-11-18,66.449997,66.857498,66.057503,66.775002,64.270760,86703200
2019-11-19,66.974998,67.000000,66.347504,66.572502,64.075882,76167200
2019-11-20,66.385002,66.519997,65.099998,65.797501,63.329933,106234400
2019-11-21,65.922501,66.002502,65.294998,65.502502,63.046001,121395200
2019-11-22,65.647499,65.794998,65.209999,65.445000,62.990643,65325200
2019-11-25,65.677498,66.610001,65.629997,66.592499,64.095108,84020400
2019-11-26,66.735001,66.790001,65.625000,66.072502,63.594643,105207600
2019-11-27,66.394997,66.995003,66.327499,66.959999,64.448868,65235600
2019-11-29,66.650002,67.000000,66.474998,66.812500,64.306885,46617600
2019-12-02,66.817497,67.062500,65.862503,66.040001,63.563332,94487200
2019-12-03,64.577499,64.882500,64.072502,64.862503,62.430016,114430400
2019-12-04,65.267502,65.827499,65.169998,65.434998,62.981030,67181600
2019-12-05,65.947502,66.472504,65.682503,66.394997,63.905022,74424400
2019-12-06,66.870003,67.750000,66.824997,67.677498,65.139427,106075600
2019-12-09,67.500000,67.699997,66.227501,66.730003,64.227486,128042400
2019-12-10,67.150002,67.517502,66.464996,67.120003,64.602837,90420400
2019-12-11,67.202499,67.775002,67.125000,67.692497,65.153854,78756800
2019-12-12,66.945000,68.139999,66.830002,67.864998,65.319908,137310400
2019-12-13,67.864998,68.824997,67.732498,68.787498,66.207817,133587600
2019-12-16,69.250000,70.197502,69.245003,69.964996,67.341148,128186000
2019-12-17,69.892502,70.442497,69.699997,70.102501,67.473495,114158400
2019-12-18,69.949997,70.474998,69.779999,69.934998,67.312271,116028400
2019-12-19,69.875000,70.294998,69.737503,70.004997,67.379623,98369200
2019-12-20,70.557503,70.662498,69.639999,69.860001,67.240097,275978000
2019-12-23,70.132500,71.062500,70.092499,71.000000,68.337349,98572000
2019-12-24,71.172501,71.222504,70.730003,71.067497,68.402313,48478800
2019-12-26,71.205002,72.495003,71.175003,72.477501,69.759415,93121200
2019-12-27,72.779999,73.492500,72.029999,72.449997,69.732948,146266000
2019-12-30,72.364998,73.172501,71.305000,72.879997,70.146812,144114400
2019-12-31,72.482498,73.419998,72.379997,73.412498,70.659363,100805600
2020-01-02,74.059998,75.150002,73.797501,75.087502,72.271538,135480400
2020-01-03,74.287498,75.144997,74.125000,74.357498,71.568916,146322800
2020-01-06,73.447502,74.989998,73.187500,74.949997,72.139198,118387200
2020-01-07,74.959999,75.224998,74.370003,74.597504,71.799950,108872000
2020-01-08,74.290001,76.110001,74.290001,75.797501,72.954910,132079200
2020-01-09,76.809998,77.607498,76.550003,77.407501,74.504547,170108400
2020-01-10,77.650002,78.167503,77.062500,77.582497,74.672989,140644800
2020-01-13,77.910004,79.267502,77.787498,79.239998,76.268311,121532000
2020-01-14,79.175003,79.392502,78.042503,78.169998,75.238464,161954400
2020-01-15,77.962502,78.875000,77.387497,77.834999,74.915993,121923600
2020-01-16,78.397499,78.925003,78.022499,78.809998,75.854439,108829200
2020-01-17,79.067497,79.684998,78.750000,79.682503,76.694221,137816400
2020-01-21,79.297501,79.754997,79.000000,79.142502,76.174492,110843200
2020-01-22,79.644997,79.997498,79.327499,79.425003,76.446381,101832400
2020-01-23,79.480003,79.889999,78.912498,79.807503,76.814545,104472000
2020-01-24,80.062500,80.832497,79.379997,79.577499,76.593147,146537600
2020-01-27,77.514999,77.942497,76.220001,77.237503,74.340919,161940000
2020-01-28,78.150002,79.599998,78.047501,79.422501,76.443970,162234000
2020-01-29,81.112503,81.962502,80.345001,81.084999,78.044128,216229200
2020-01-30,80.135002,81.022499,79.687500,80.967499,77.931023,126743200
2020-01-31,80.232498,80.669998,77.072502,77.377502,74.475677,199588400
2020-02-03,76.074997,78.372498,75.555000,77.165001,74.271133,173788400
2020-02-04,78.827499,79.910004,78.407501,79.712502,76.723083,136616400
2020-02-05,80.879997,81.190002,79.737503,80.362503,77.348717,118826800
2020-02-06,80.642502,81.305000,80.065002,81.302498,78.253448,105425600
2020-02-07,80.592499,80.849998,79.500000,80.007500,77.189812,117684000
2020-02-10,78.544998,80.387497,78.462502,80.387497,77.556419,109348800
2020-02-11,80.900002,80.974998,79.677498,79.902496,77.088493,94323200
2020-02-12,80.367500,81.805000,80.367500,81.800003,78.919151,113730400
2020-02-13,81.047501,81.555000,80.837502,81.217499,78.357170,94747600
2020-02-14,81.184998,81.495003,80.712502,81.237503,78.376465,80113600
2020-02-18,78.839996,79.937500,78.652496,79.750000,76.941368,152531200
2020-02-19,80.000000,81.142502,80.000000,80.904999,78.055656,93984000
2020-02-20,80.657501,81.162498,79.552498,80.074997,77.254913,100566000
2020-02-21,79.654999,80.112503,77.625000,78.262497,75.506233,129554000
2020-02-24,74.315002,76.044998,72.307503,74.544998,71.919693,222195200
2020-02-25,75.237503,75.632500,71.532501,72.019997,69.483582,230673600
2020-02-26,71.632500,74.470001,71.625000,73.162498,70.585854,198054800
2020-02-27,70.275002,71.500000,68.239998,68.379997,65.971809,320605600
2020-02-28,64.315002,69.602501,64.092499,68.339996,65.933197,426510000
2020-03-02,70.570000,75.360001,69.430000,74.702499,72.071617,341397200
2020-03-03,75.917503,76.000000,71.449997,72.330002,69.782684,319475600
2020-03-04,74.110001,75.849998,73.282501,75.684998,73.019516,219178400
2020-03-05,73.879997,74.887497,72.852501,73.230003,70.650978,187572800
2020-03-06,70.500000,72.705002,70.307503,72.257500,69.712730,226176800
2020-03-09,65.937500,69.522499,65.750000,66.542503,64.199005,286744800
2020-03-10,69.285004,71.610001,67.342499,71.334999,68.822723,285290000
2020-03-11,69.347504,70.305000,67.964996,68.857498,66.432465,255598800
2020-03-12,63.985001,67.500000,62.000000,62.057499,59.871948,418474000
2020-03-13,66.222504,69.980003,63.237499,69.492500,67.045128,370732000
2020-03-16,60.487499,64.769997,60.000000,60.552502,58.419968,322423600
2020-03-17,61.877499,64.402496,59.599998,63.215000,60.988697,324056000
2020-03-18,59.942501,62.500000,59.279999,61.667500,59.495693,300233600
2020-03-19,61.847500,63.209999,60.652500,61.195000,59.039833,271857200
2020-03-20,61.794998,62.957500,57.000000,57.310001,55.291649,401693200
2020-03-23,57.020000,57.125000,53.152500,56.092499,54.117031,336752800
2020-03-24,59.090000,61.922501,58.575001,61.720001,59.546345,287531200
2020-03-25,62.687500,64.562500,61.075001,61.380001,59.218311,303602000
2020-03-26,61.630001,64.669998,61.590000,64.610001,62.334564,252087200
2020-03-27,63.187500,63.967499,61.762501,61.935001,59.753769,204216800
2020-03-30,62.685001,63.880001,62.349998,63.702499,61.459015,167976400
2020-03-31,63.900002,65.622498,63.000000,63.572498,61.333595,197002000
2020-04-01,61.625000,62.180000,59.782501,60.227501,58.106407,176218400
2020-04-02,60.084999,61.287498,59.224998,61.232498,59.076004,165934000
2020-04-03,60.700001,61.424999,59.742500,60.352501,58.227005,129880000
2020-04-06,62.724998,65.777496,62.345001,65.617500,63.306564,201820400
2020-04-07,67.699997,67.925003,64.750000,64.857498,62.573345,202887200
2020-04-08,65.684998,66.842499,65.307503,66.517502,64.174881,168895200
2020-04-09,67.175003,67.517502,66.175003,66.997498,64.637955,161834800
2020-04-13,67.077499,68.425003,66.457497,68.312500,65.906662,131022800
2020-04-14,70.000000,72.062500,69.512497,71.762497,69.235161,194994800
2020-04-15,70.599998,71.582497,70.157501,71.107498,68.603249,131154400
2020-04-16,71.845001,72.050003,70.587502,71.672501,69.148323,157125200
2020-04-17,71.172501,71.737503,69.214996,70.699997,68.210068,215250000
2020-04-20,69.487503,70.419998,69.212502,69.232498,66.794258,130015200
2020-04-21,69.070000,69.312500,66.357498,67.092499,64.729645,180991600
2020-04-22,68.402496,69.474998,68.050003,69.025002,66.594093,116862400
2020-04-23,68.967499,70.437500,68.717499,68.757500,66.335991,124814400
2020-04-24,69.300003,70.752502,69.250000,70.742500,68.251091,126161200
2020-04-27,70.449997,71.135002,69.987503,70.792503,68.299309,117087600
2020-04-28,71.269997,71.457497,69.550003,69.644997,67.192261,112004800
2020-04-29,71.182503,72.417503,70.972504,71.932503,69.399170,137280800
2020-04-30,72.489998,73.632500,72.087502,73.449997,70.863243,183064000
2020-05-01,71.562500,74.750000,71.462502,72.267502,69.722389,240616800
2020-05-04,72.292503,73.422501,71.580002,73.290001,70.708862,133568000
2020-05-05,73.764999,75.250000,73.614998,74.389999,71.770149,147751200
2020-05-06,75.114998,75.809998,74.717499,75.157501,72.510612,142333600
2020-05-07,75.805000,76.292503,75.492500,75.934998,73.260689,115215200
2020-05-08,76.410004,77.587502,76.072502,77.532501,75.004440,133838400
2020-05-11,77.025002,79.262497,76.809998,78.752502,76.184677,145946400
2020-05-12,79.457497,79.922501,77.727501,77.852501,75.314034,162301200
2020-05-13,78.037498,78.987503,75.802498,76.912498,74.404640,200622400
2020-05-14,76.127502,77.447502,75.382500,77.385002,74.861763,158929200
2020-05-15,75.087502,76.974998,75.052498,76.927498,74.419174,166348400
2020-05-18,78.292503,79.125000,77.580002,78.739998,76.172554,135178400
2020-05-19,78.757500,79.629997,78.252502,78.285004,75.732422,101729600
2020-05-20,79.169998,79.879997,79.129997,79.807503,77.205284,111504800
2020-05-21,79.665001,80.222504,78.967499,79.212502,76.629684,102688800
2020-05-22,78.942497,79.807503,78.837502,79.722504,77.123024,81803200
2020-05-26,80.875000,81.059998,79.125000,79.182503,76.600632,125522000
2020-05-27,79.035004,79.677498,78.272499,79.527496,76.934395,112945200
2020-05-28,79.192497,80.860001,78.907501,79.562500,76.968239,133560800
2020-05-29,79.812500,80.287498,79.117500,79.485001,76.893265,153532400
2020-06-01,79.437500,80.587502,79.302498,80.462502,77.838905,80791200
2020-06-02,80.187500,80.860001,79.732498,80.834999,78.199272,87642800
2020-06-03,81.165001,81.550003,80.574997,81.279999,78.629730,104491200
2020-06-04,81.097504,81.404999,80.195000,80.580002,77.952568,87560400
2020-06-05,80.837502,82.937500,80.807503,82.875000,80.172745,137250400
2020-06-08,82.562500,83.400002,81.830002,83.364998,80.646759,95654400
2020-06-09,83.035004,86.402496,83.002502,85.997498,83.193428,147712400
2020-06-10,86.974998,88.692497,86.522499,88.209999,85.333794,166651600
2020-06-11,87.327499,87.764999,83.870003,83.974998,81.236885,201662400
2020-06-12,86.180000,86.949997,83.555000,84.699997,81.938225,200146000
2020-06-15,83.312500,86.419998,83.144997,85.747498,82.951584,138808800
2020-06-16,87.864998,88.300003,86.180000,88.019997,85.149994,165428800
2020-06-17,88.787498,88.849998,87.772499,87.897499,85.031464,114406400
2020-06-18,87.852501,88.362503,87.305000,87.932503,85.065353,96820400
2020-06-19,88.660004,89.139999,86.287498,87.430000,84.579224,264476000
2020-06-22,87.834999,89.864998,87.787498,89.717499,86.792137,135445200
2020-06-23,91.000000,93.095001,90.567497,91.632500,88.644691,212155600
2020-06-24,91.250000,92.197502,89.629997,90.014999,87.079933,192623200
2020-06-25,90.175003,91.250000,89.392502,91.209999,88.235954,137522400
2020-06-26,91.102501,91.330002,88.254997,88.407501,85.524841,205256800
2020-06-29,88.312500,90.542503,87.820000,90.445000,87.495903,130646000
2020-06-30,90.019997,91.495003,90.000000,91.199997,88.226295,140223200
2020-07-01,91.279999,91.839996,90.977501,91.027496,88.059433,110737200
2020-07-02,91.962502,92.617500,90.910004,91.027496,88.059433,114041600
2020-07-06,92.500000,93.945000,92.467499,93.462502,90.415031,118655600
2020-07-07,93.852501,94.654999,93.057503,93.172501,90.134476,112424400
2020-07-08,94.180000,95.375000,94.089996,95.342499,92.233711,117092000
2020-07-09,96.262497,96.317497,94.672501,95.752502,92.630363,125642800
2020-07-10,95.334999,95.980003,94.705002,95.919998,92.792381,90257200
2020-07-13,97.264999,99.955002,95.257500,95.477501,92.364319,191649200
2020-07-14,94.839996,97.254997,93.877502,97.057503,93.892799,170989200
2020-07-15,98.989998,99.247498,96.489998,97.724998,94.538551,153198000
2020-07-16,96.562500,97.404999,95.904999,96.522499,93.375244,110577600
2020-07-17,96.987503,97.147499,95.839996,96.327499,93.186623,92186800
2020-07-20,96.417503,98.500000,96.062500,98.357498,95.150398,90318000
2020-07-21,99.172501,99.250000,96.742500,97.000000,93.837158,103433200
2020-07-22,96.692497,97.974998,96.602501,97.272499,94.100800,89001600
2020-07-23,96.997498,97.077499,92.010002,92.845001,89.817665,197004400
2020-07-24,90.987503,92.970001,89.144997,92.614998,89.595184,185438800
2020-07-27,93.709999,94.904999,93.480003,94.809998,91.718582,121214000
2020-07-28,94.367500,94.550003,93.247498,93.252502,90.211884,103625600
2020-07-29,93.750000,95.230003,93.712502,95.040001,91.941109,90329200
2020-07-30,94.187500,96.297501,93.767502,96.190002,93.053574,158130000
2020-07-31,102.885002,106.415001,100.824997,106.260002,102.795242,374336800
2020-08-03,108.199997,111.637497,107.892502,108.937500,105.385422,308151200
2020-08-04,109.132500,110.790001,108.387497,109.665001,106.089211,173071600
2020-08-05,109.377502,110.392502,108.897499,110.062500,106.473770,121776800
2020-08-06,110.404999,114.412498,109.797501,113.902496,110.188538,202428800
2020-08-07,113.205002,113.675003,110.292503,111.112503,107.683327,198045600
2020-08-10,112.599998,113.775002,110.000000,112.727501,109.248489,212403600
2020-08-11,111.970001,112.482498,109.107498,109.375000,105.999458,187902400
2020-08-12,110.497498,113.275002,110.297501,113.010002,109.522270,165598000
2020-08-13,114.430000,116.042503,113.927498,115.010002,111.460548,210082000
2020-08-14,114.830002,115.000000,113.044998,114.907501,111.361206,165565200
2020-08-17,116.062500,116.087502,113.962502,114.607498,111.070457,119561600
2020-08-18,114.352501,116.000000,114.007500,115.562500,111.995964,105633600
2020-08-19,115.982498,117.162498,115.610001,115.707497,112.136490,145538000
2020-08-20,115.750000,118.392502,115.732498,118.275002,114.624771,126907200
2020-08-21,119.262497,124.867500,119.250000,124.370003,120.531677,338054800
2020-08-24,128.697495,128.785004,123.937500,125.857498,121.973274,345937600
2020-08-25,124.697502,125.180000,123.052498,124.824997,120.972626,211495600
2020-08-26,126.180000,126.992500,125.082497,126.522499,122.617729,163022400
2020-08-27,127.142502,127.485001,123.832497,125.010002,121.151909,155552400
2020-08-28,126.012497,126.442497,124.577499,124.807503,120.955643,187630000
2020-08-31,127.580002,131.000000,126.000000,129.039993,125.057541,225702700
2020-09-01,132.759995,134.800003,130.529999,134.179993,130.038910,151948100
2020-09-02,137.589996,137.979996,127.000000,131.399994,127.344711,200119000
2020-09-03,126.910004,128.839996,120.500000,120.879997,117.149368,257599600
2020-09-04,120.070000,123.699997,110.889999,120.959999,117.226929,332607200
2020-09-08,113.949997,118.989998,112.680000,112.820000,109.338120,231366600
2020-09-09,117.260002,119.139999,115.260002,117.320000,113.699226,176940500
2020-09-10,120.360001,120.500000,112.500000,113.489998,109.987434,182274400
2020-09-11,114.570000,115.230003,110.000000,112.000000,108.543434,180860300
2020-09-14,114.720001,115.930000,112.800003,115.360001,111.799744,140150100
2020-09-15,118.330002,118.830002,113.610001,115.540001,111.974167,184642000
2020-09-16,115.230003,116.000000,112.040001,112.129997,108.669411,154679000
2020-09-17,109.720001,112.199997,108.709999,110.339996,106.934647,178011000
2020-09-18,110.400002,110.879997,106.089996,106.839996,103.542671,287104900
2020-09-21,104.540001,110.190002,103.099998,110.080002,106.682686,195713800
2020-09-22,112.680000,112.860001,109.160004,111.809998,108.359299,183055400
2020-09-23,111.620003,112.110001,106.769997,107.120003,103.814034,150718700
2020-09-24,105.169998,110.250000,105.000000,108.220001,104.880104,167743300
2020-09-25,108.430000,112.440002,107.669998,112.279999,108.814781,149981400
2020-09-28,115.010002,115.320000,112.779999,114.959999,111.412071,137672400
2020-09-29,114.550003,115.309998,113.570000,114.089996,110.568924,99382200
2020-09-30,113.790001,117.260002,113.620003,115.809998,112.235847,142675200
2020-10-01,117.639999,117.720001,115.830002,116.790001,113.185616,116120400
2020-10-02,112.889999,115.370003,112.220001,113.019997,109.531952,144712000
2020-10-05,113.910004,116.650002,113.550003,116.500000,112.904564,106243800
2020-10-06,115.699997,116.120003,112.250000,113.160004,109.667618,161498200
2020-10-07,114.620003,115.550003,114.129997,115.080002,111.528389,96849000
2020-10-08,116.250000,116.400002,114.589996,114.970001,111.421776,83477200
2020-10-09,115.279999,117.000000,114.919998,116.970001,113.360046,100506900
2020-10-12,120.059998,125.180000,119.279999,124.400002,120.560760,240226800
2020-10-13,125.269997,125.389999,119.650002,121.099998,117.362610,262330500
2020-10-14,121.000000,123.029999,119.620003,121.190002,117.449814,150712000
2020-10-15,118.720001,121.199997,118.150002,120.709999,116.984612,112559200
2020-10-16,121.279999,121.550003,118.809998,119.019997,115.346786,115393800
2020-10-19,119.959999,120.419998,115.660004,115.980003,112.400612,120639300
2020-10-20,116.199997,118.980003,115.629997,117.510002,113.883385,124423700
2020-10-21,116.669998,118.709999,116.449997,116.870003,113.263138,89946000
2020-10-22,117.449997,118.040001,114.589996,115.750000,112.177689,101988000
2020-10-23,116.389999,116.550003,114.279999,115.040001,111.489609,82572600
2020-10-26,114.010002,116.550003,112.879997,115.050003,111.499290,111850700
2020-10-27,115.489998,117.279999,114.540001,116.599998,113.001488,92276800
2020-10-28,115.050003,115.430000,111.099998,111.199997,107.768127,143937800
2020-10-29,112.370003,116.930000,112.199997,115.320000,111.760979,146129200
2020-10-30,111.059998,111.989998,107.720001,108.860001,105.500320,190272600
2020-11-02,109.110001,110.680000,107.320000,108.769997,105.413109,122866900
2020-11-03,109.660004,111.489998,108.730003,110.440002,107.031586,107624400
2020-11-04,114.139999,115.589996,112.349998,114.949997,111.402374,138235500
2020-11-05,117.949997,119.620003,116.870003,119.029999,115.356468,126387100
2020-11-06,118.320000,119.199997,116.129997,118.690002,115.225426,114457900
2020-11-09,120.500000,121.989998,116.050003,116.320000,112.924583,154515300
2020-11-10,115.550003,117.589996,114.129997,115.970001,112.584816,138023400
2020-11-11,117.190002,119.629997,116.440002,119.489998,116.002083,112295000
2020-11-12,119.620003,120.529999,118.570000,119.209999,115.730232,103162300
2020-11-13,119.440002,119.669998,117.870003,119.260002,115.778786,81581900
2020-11-16,118.919998,120.989998,118.150002,120.300003,116.788429,91183000
2020-11-17,119.550003,120.669998,118.959999,119.389999,115.904984,74271000
2020-11-18,118.610001,119.820000,118.000000,118.029999,114.584679,76322100
2020-11-19,117.589996,119.059998,116.809998,118.639999,115.176872,74113000
2020-11-20,118.639999,118.769997,117.290001,117.339996,113.914833,73604300
2020-11-23,117.180000,117.620003,113.750000,113.849998,110.526695,127959300
2020-11-24,113.910004,115.849998,112.589996,115.169998,111.808182,113874200
2020-11-25,115.550003,116.750000,115.169998,116.029999,112.643051,76499200
2020-11-27,116.570000,117.489998,116.220001,116.589996,113.186714,46691300
2020-11-30,116.970001,120.970001,116.809998,119.050003,115.574921,169410200
2020-12-01,121.010002,123.470001,120.010002,122.720001,119.137787,127728200
2020-12-02,122.019997,123.370003,120.889999,123.080002,119.487274,89004200
2020-12-03,123.519997,123.779999,122.209999,122.940002,119.351364,78967600
2020-12-04,122.599998,122.860001,121.519997,122.250000,118.681488,78260400
2020-12-07,122.309998,124.570000,122.250000,123.750000,120.137726,86712000
2020-12-08,124.370003,124.980003,123.089996,124.379997,120.749329,82225500
2020-12-09,124.529999,125.949997,121.000000,121.779999,118.225212,115089200
2020-12-10,120.500000,123.870003,120.150002,123.239998,119.642586,81312200
2020-12-11,122.430000,122.760002,120.550003,122.410004,118.836823,86939800
2020-12-14,122.599998,123.349998,121.540001,121.779999,118.225212,79184500
2020-12-15,124.339996,127.900002,124.129997,127.879997,124.147133,157243700
2020-12-16,127.410004,128.369995,126.559998,127.809998,124.079193,98208600
2020-12-17,128.899994,129.580002,128.039993,128.699997,124.943230,94359800
2020-12-18,128.960007,129.100006,126.120003,126.660004,122.962761,192541500
2020-12-21,125.019997,128.309998,123.449997,128.229996,124.486954,121251600
2020-12-22,131.610001,134.410004,129.649994,131.880005,128.030441,168904800
2020-12-23,132.160004,132.429993,130.779999,130.960007,127.137260,88223700
2020-12-24,131.320007,133.460007,131.100006,131.970001,128.117752,54930100
2020-12-28,133.990005,137.339996,133.509995,136.690002,132.699997,124486200
2020-12-29,138.050003,138.789993,134.339996,134.869995,130.933075,121047300
2020-12-30,135.580002,135.990005,133.399994,133.720001,129.816711,96452100
2020-12-31,134.080002,134.740005,131.720001,132.690002,128.816742,99116600
2021-01-04,133.520004,133.610001,126.760002,129.410004,125.632484,143301900
2021-01-05,128.889999,131.740005,128.429993,131.009995,127.185814,97664900
2021-01-06,127.720001,131.050003,126.379997,126.599998,122.904510,155088000
2021-01-07,128.360001,131.630005,127.860001,130.919998,127.098419,109578200
2021-01-08,132.429993,132.630005,130.229996,132.050003,128.195435,105158200
2021-01-11,129.190002,130.169998,128.500000,128.979996,125.215057,100384500
2021-01-12,128.500000,129.690002,126.860001,128.800003,125.040283,91951100
2021-01-13,128.759995,131.449997,128.490005,130.889999,127.069267,88636800
2021-01-14,130.800003,131.000000,128.759995,128.910004,125.147102,90221800
2021-01-15,128.779999,130.220001,127.000000,127.139999,123.428757,111598500
2021-01-19,127.779999,128.710007,126.940002,127.830002,124.098625,90757300
2021-01-20,128.660004,132.490005,128.550003,132.029999,128.176025,104319500
2021-01-21,133.800003,139.669998,133.589996,136.869995,132.874725,120150900
2021-01-22,136.279999,139.850006,135.020004,139.070007,135.010513,114459400
2021-01-25,143.070007,145.089996,136.539993,142.919998,138.748184,157611700
2021-01-26,143.600006,144.300003,141.369995,143.160004,138.981125,98390600
2021-01-27,143.429993,144.300003,140.410004,142.059998,137.913269,140843800
2021-01-28,139.520004,141.990005,136.699997,137.089996,133.088333,142621100
2021-01-29,135.830002,136.740005,130.210007,131.960007,128.108093,177523800
2021-02-01,133.750000,135.380005,130.929993,134.139999,130.224457,106239800
2021-02-02,135.729996,136.309998,134.610001,134.990005,131.049622,83305400
2021-02-03,135.759995,135.770004,133.610001,133.940002,130.030273,89880900
2021-02-04,136.300003,137.399994,134.589996,137.389999,133.379547,84183100
2021-02-05,137.350006,137.419998,135.860001,136.759995,132.966354,75693800
2021-02-08,136.029999,136.960007,134.919998,136.910004,133.112167,71297200
2021-02-09,136.619995,137.880005,135.850006,136.009995,132.237152,76774200
2021-02-10,136.479996,136.990005,134.399994,135.389999,131.634354,73046600
2021-02-11,135.899994,136.389999,133.770004,135.130005,131.381546,64280000
2021-02-12,134.350006,135.529999,133.690002,135.369995,131.614899,60145100
2021-02-16,135.490005,136.009995,132.789993,133.190002,129.495392,80576300
2021-02-17,131.250000,132.220001,129.470001,130.839996,127.210579,97918500
2021-02-18,129.199997,130.000000,127.410004,129.710007,126.111893,96856700
2021-02-19,130.240005,130.710007,128.800003,129.869995,126.267456,87668800
2021-02-22,128.009995,129.720001,125.599998,126.000000,122.504837,103916400
2021-02-23,123.760002,126.709999,118.389999,125.860001,122.368698,158273000
2021-02-24,124.940002,125.559998,122.230003,125.349998,121.872849,111039900
2021-02-25,124.680000,126.459999,120.540001,120.989998,117.633804,148199500
2021-02-26,122.589996,124.849998,121.199997,121.260002,117.896324,164560400
2021-03-01,123.750000,127.930000,122.790001,127.790001,124.245163,116307900
2021-03-02,128.410004,128.720001,125.010002,125.120003,121.649239,102260900
2021-03-03,124.809998,125.709999,121.839996,122.059998,118.674126,112966300
2021-03-04,121.750000,123.599998,118.620003,120.129997,116.797661,178155000
2021-03-05,120.980003,121.940002,117.570000,121.419998,118.051872,153766600
2021-03-08,120.930000,121.000000,116.209999,116.360001,113.132225,154376600
2021-03-09,119.029999,122.059998,118.790001,121.089996,117.731018,129525800
2021-03-10,121.690002,122.169998,119.449997,119.980003,116.651825,111943300
2021-03-11,122.540001,123.209999,121.260002,121.959999,118.576889,103026500
2021-03-12,120.400002,121.169998,119.160004,121.029999,117.672707,88105100
2021-03-15,121.410004,124.000000,120.419998,123.989998,120.550575,92403800
2021-03-16,125.699997,127.220001,124.720001,125.570000,122.086761,115227900
2021-03-17,124.050003,125.860001,122.339996,124.760002,121.299225,111932600
2021-03-18,122.879997,123.180000,120.320000,120.529999,117.186554,121229700
2021-03-19,119.900002,121.430000,119.680000,119.989998,116.661560,185549500
2021-03-22,120.330002,123.870003,120.260002,123.389999,119.967232,111912300
2021-03-23,123.330002,124.239998,122.139999,122.540001,119.140808,95467100
2021-03-24,122.820000,122.900002,120.070000,120.089996,116.758751,88530500
2021-03-25,119.540001,121.660004,119.000000,120.589996,117.244896,98844700
2021-03-26,120.349998,121.480003,118.919998,121.209999,117.847717,94071200
2021-03-29,121.650002,122.580002,120.730003,121.389999,118.022705,80819200
2021-03-30,120.110001,120.400002,118.860001,119.900002,116.574028,85671900
2021-03-31,121.650002,123.519997,121.150002,122.150002,118.761627,118323800
2021-04-01,123.660004,124.180000,122.489998,123.000000,119.588036,75089100
2021-04-05,123.870003,126.160004,123.070000,125.900002,122.407600,88651200
2021-04-06,126.500000,127.129997,125.650002,126.209999,122.708992,80171300
2021-04-07,125.830002,127.919998,125.139999,127.900002,124.352127,83466700
2021-04-08,128.949997,130.389999,128.520004,130.360001,126.743889,88844600
2021-04-09,129.800003,133.039993,129.470001,133.000000,129.310669,106686700
2021-04-12,132.520004,132.850006,130.630005,131.240005,127.599518,91420000
2021-04-13,132.440002,134.660004,131.929993,134.429993,130.700974,91266500
2021-04-14,134.940002,135.000000,131.660004,132.029999,128.367569,87222800
2021-04-15,133.820007,135.000000,133.639999,134.500000,130.769028,89347100
2021-04-16,134.300003,134.669998,133.279999,134.160004,130.438461,84922400
2021-04-19,133.509995,135.470001,133.339996,134.839996,131.099640,94264200
2021-04-20,135.020004,135.529999,131.809998,133.110001,129.417572,94812300
2021-04-21,132.360001,133.750000,131.300003,133.500000,129.796768,68847100
2021-04-22,133.039993,134.149994,131.410004,131.940002,128.280029,84566500
2021-04-23,132.160004,135.119995,132.160004,134.320007,130.594040,78657500
2021-04-26,134.830002,135.059998,133.559998,134.720001,130.982910,66905100
2021-04-27,135.009995,135.410004,134.110001,134.389999,130.662094,66015800
2021-04-28,134.309998,135.020004,133.080002,133.580002,129.874573,107760100
2021-04-29,136.470001,137.070007,132.449997,133.479996,129.777328,151101000
2021-04-30,131.779999,133.559998,131.070007,131.460007,127.813393,109839500
2021-05-03,132.039993,134.070007,131.830002,132.539993,128.863419,75135100
2021-05-04,131.190002,131.490005,126.699997,127.849998,124.303497,137564700
2021-05-05,129.199997,130.449997,127.970001,128.100006,124.546577,84000900
2021-05-06,127.889999,129.750000,127.129997,129.740005,126.141090,78128300
2021-05-07,130.850006,131.259995,129.479996,130.210007,126.813103,78973300
2021-05-10,129.410004,129.539993,126.809998,126.849998,123.540726,88071200
2021-05-11,123.500000,126.269997,122.769997,125.910004,122.625259,126142800
2021-05-12,123.400002,124.639999,122.250000,122.769997,119.567169,112172300
2021-05-13,124.580002,126.150002,124.260002,124.970001,121.709770,105861300
2021-05-14,126.250000,127.889999,125.849998,127.449997,124.125069,81918000
2021-05-17,126.820000,126.930000,125.169998,126.269997,122.975853,74244600
2021-05-18,126.559998,126.989998,124.779999,124.849998,121.592903,63342900
2021-05-19,123.160004,124.919998,122.860001,124.690002,121.437080,92612000
2021-05-20,125.230003,127.720001,125.099998,127.309998,123.988754,76857100
2021-05-21,127.820000,128.000000,125.209999,125.430000,122.157799,79295400
2021-05-24,126.010002,127.940002,125.940002,127.099998,123.784218,63092900
2021-05-25,127.820000,128.320007,126.320000,126.900002,123.589432,72009500
2021-05-26,126.959999,127.389999,126.419998,126.849998,123.540726,56575900
2021-05-27,126.440002,127.639999,125.080002,125.279999,122.011681,94625600
2021-05-28,125.570000,125.800003,124.550003,124.610001,121.359184,71311100
2021-06-01,125.080002,125.349998,123.940002,124.279999,121.037796,67637100
2021-06-02,124.279999,125.239998,124.050003,125.059998,121.797432,59278900
2021-06-03,124.680000,124.849998,123.129997,123.540001,120.317101,76229200
2021-06-04,124.070000,126.160004,123.849998,125.889999,122.605774,75169300
2021-06-07,126.169998,126.320000,124.830002,125.900002,122.615501,71057600
2021-06-08,126.599998,128.460007,126.209999,126.739998,123.433609,74403800
2021-06-09,127.209999,127.750000,126.519997,127.129997,123.813416,56877900
2021-06-10,127.019997,128.190002,125.940002,126.110001,122.820030,71186400
2021-06-11,126.529999,127.440002,126.099998,127.349998,124.027687,53522400
2021-06-14,127.820000,130.539993,127.070000,130.479996,127.076012,96906500
2021-06-15,129.940002,130.600006,129.389999,129.639999,126.257927,62746300
2021-06-16,130.369995,130.889999,128.460007,130.149994,126.754608,91815000
2021-06-17,129.800003,132.550003,129.649994,131.789993,128.351807,96721700
2021-06-18,130.710007,131.509995,130.240005,130.460007,127.056595,108953300
2021-06-21,130.300003,132.410004,129.210007,132.300003,128.848557,79663300
2021-06-22,132.130005,134.080002,131.619995,133.979996,130.484695,74783600
2021-06-23,133.770004,134.320007,133.229996,133.699997,130.212036,60214200
2021-06-24,134.449997,134.639999,132.929993,133.410004,129.929642,68711000
2021-06-25,133.460007,133.889999,132.809998,133.110001,129.637405,70783700
2021-06-28,133.410004,135.250000,133.350006,134.779999,131.263855,62111300
2021-06-29,134.800003,136.490005,134.350006,136.330002,132.773453,64556100
2021-06-30,136.169998,137.410004,135.869995,136.960007,133.386993,63261400
2021-07-01,136.600006,137.330002,135.759995,137.270004,133.688889,52485800
2021-07-02,137.899994,140.000000,137.750000,139.960007,136.308716,78852600
2021-07-06,140.070007,143.149994,140.070007,142.020004,138.314987,108181800
2021-07-07,143.539993,144.889999,142.660004,144.570007,140.798462,104911600
2021-07-08,141.580002,144.059998,140.669998,143.240005,139.503159,105575500
2021-07-09,142.750000,145.649994,142.649994,145.110001,141.324356,99890800
2021-07-12,146.210007,146.320007,144.000000,144.500000,140.730270,76299700
2021-07-13,144.029999,147.460007,143.630005,145.639999,141.840546,100827100
2021-07-14,148.100006,149.570007,147.679993,149.149994,145.258957,127050800
2021-07-15,149.240005,150.000000,147.089996,148.479996,144.606430,106820300
2021-07-16,148.460007,149.759995,145.880005,146.389999,142.570999,93251400
2021-07-19,143.750000,144.070007,141.669998,142.449997,138.733749,121434600
2021-07-20,143.460007,147.100006,142.960007,146.149994,142.337234,96350000
2021-07-21,145.529999,146.130005,144.630005,145.399994,141.606796,74993500
2021-07-22,145.940002,148.199997,145.809998,146.800003,142.970245,77338200
2021-07-23,147.550003,148.720001,146.919998,148.559998,144.684387,71447400
2021-07-26,148.270004,149.830002,147.699997,148.990005,145.103165,72434100
2021-07-27,149.119995,149.210007,145.550003,146.770004,142.941025,104818600
2021-07-28,144.809998,146.970001,142.539993,144.979996,141.197769,118931200
2021-07-29,144.690002,146.550003,144.580002,145.639999,141.840546,56699500
2021-07-30,144.380005,146.330002,144.110001,145.860001,142.054825,70440600
2021-08-02,146.360001,146.949997,145.250000,145.520004,141.723709,62880000
2021-08-03,145.809998,148.039993,145.179993,147.360001,143.515701,64786600
2021-08-04,147.270004,147.789993,146.279999,146.949997,143.116364,56368300
2021-08-05,146.979996,147.839996,146.169998,147.059998,143.223480,46397700
2021-08-06,146.350006,147.110001,145.630005,146.139999,142.540726,54126800
2021-08-09,146.199997,146.699997,145.520004,146.089996,142.491974,48908700
2021-08-10,146.440002,147.710007,145.300003,145.600006,142.014008,69023100
2021-08-11,146.050003,146.720001,145.529999,145.860001,142.267639,48493500
2021-08-12,146.190002,149.050003,145.839996,148.889999,145.222977,72282600
2021-08-13,148.970001,149.440002,148.270004,149.100006,145.427841,59375000
2021-08-16,148.539993,151.190002,146.470001,151.119995,147.398071,103296000
2021-08-17,150.229996,151.679993,149.089996,150.190002,146.491013,92229700
2021-08-18,149.800003,150.720001,146.149994,146.360001,142.755310,86326000
2021-08-19,145.029999,148.000000,144.500000,146.699997,143.086945,86960300
2021-08-20,147.440002,148.500000,146.779999,148.190002,144.540253,60549600
2021-08-23,148.309998,150.190002,147.889999,149.710007,146.022812,60131800
2021-08-24,149.449997,150.860001,149.149994,149.619995,145.935059,48606400
2021-08-25,149.809998,150.320007,147.800003,148.360001,144.706009,58991300
2021-08-26,148.350006,149.119995,147.509995,147.539993,143.906281,48597200
2021-08-27,147.479996,148.750000,146.830002,148.600006,144.940140,55802400
2021-08-30,149.000000,153.490005,148.610001,153.119995,149.348816,90956700
2021-08-31,152.660004,152.800003,151.289993,151.830002,148.090607,86453100
2021-09-01,152.830002,154.979996,152.339996,152.509995,148.753860,80313700
2021-09-02,153.869995,154.720001,152.399994,153.649994,149.865784,71115500
2021-09-03,153.759995,154.630005,153.089996,154.300003,150.499786,57808700
2021-09-07,154.970001,157.259995,154.389999,156.690002,152.830902,82278300
2021-09-08,156.979996,157.039993,153.979996,155.110001,151.289825,74420200
2021-09-09,155.490005,156.110001,153.949997,154.070007,150.275421,57305700
2021-09-10,155.000000,155.479996,148.699997,148.970001,145.301056,140893200
2021-09-13,150.630005,151.419998,148.750000,149.550003,145.866745,102404300
2021-09-14,150.350006,151.070007,146.910004,148.119995,144.471970,109296300
2021-09-15,148.559998,149.440002,146.369995,149.029999,145.359558,83281300
2021-09-16,148.440002,148.970001,147.220001,148.789993,145.125458,68034100
2021-09-17,148.820007,148.820007,145.759995,146.059998,142.462692,129868800
2021-09-20,143.800003,144.839996,141.270004,142.940002,139.419540,123478900
2021-09-21,143.929993,144.600006,142.779999,143.429993,139.897461,75834000
2021-09-22,144.449997,146.429993,143.699997,145.850006,142.257904,76404300
2021-09-23,146.649994,147.080002,145.639999,146.830002,143.213745,64838200
2021-09-24,145.660004,147.470001,145.559998,146.919998,143.301529,53477900
2021-09-27,145.470001,145.960007,143.820007,145.369995,141.789703,74150700
2021-09-28,143.250000,144.750000,141.690002,141.910004,138.414902,108972300
2021-09-29,142.470001,144.449997,142.029999,142.830002,139.312286,74602000
2021-09-30,143.660004,144.380005,141.279999,141.500000,138.014984,89056700
2021-10-01,141.899994,142.919998,139.110001,142.649994,139.136658,94639600
2021-10-04,141.759995,142.210007,138.270004,139.139999,135.713165,98322000
2021-10-05,139.490005,142.240005,139.360001,141.110001,137.634644,80861100
2021-10-06,139.470001,142.149994,138.369995,142.000000,138.502731,83221100
2021-10-07,143.059998,144.220001,142.720001,143.289993,139.760941,61732700
2021-10-08,144.029999,144.179993,142.559998,142.899994,139.380524,58773200
2021-10-11,142.270004,144.809998,141.809998,142.809998,139.292725,64452200
2021-10-12,143.229996,143.250000,141.039993,141.509995,138.024750,73035900
2021-10-13,141.240005,141.399994,139.199997,140.910004,137.439560,78762700
2021-10-14,142.110001,143.880005,141.509995,143.759995,140.219345,69907100
2021-10-15,143.770004,144.899994,143.509995,144.839996,141.272736,67940300
2021-10-18,143.449997,146.839996,143.160004,146.550003,142.940582,85589200
2021-10-19,147.009995,149.169998,146.550003,148.759995,145.096191,76378900
2021-10-20,148.699997,149.750000,148.119995,149.259995,145.583847,58418800
2021-10-21,148.809998,149.639999,147.869995,149.479996,145.798492,61421000
2021-10-22,149.690002,150.179993,148.639999,148.690002,145.027939,58883400
2021-10-25,148.679993,149.369995,147.619995,148.639999,144.979187,50720600
2021-10-26,149.330002,150.839996,149.009995,149.320007,145.642441,60893400
2021-10-27,149.360001,149.729996,148.490005,148.850006,145.184006,56094900
2021-10-28,149.820007,153.169998,149.720001,152.570007,148.812393,100077900
2021-10-29,147.220001,149.940002,146.410004,149.800003,146.110596,124953200
2021-11-01,148.990005,149.699997,147.800003,148.960007,145.291306,74588300
2021-11-02,148.660004,151.570007,148.649994,150.020004,146.325195,69122000
2021-11-03,150.389999,151.970001,149.820007,151.490005,147.758987,54511500
2021-11-04,151.580002,152.429993,150.639999,150.960007,147.242004,60394600
2021-11-05,151.889999,152.199997,150.059998,151.279999,147.769485,65463900
2021-11-08,151.410004,151.570007,150.160004,150.440002,146.948975,55020900
2021-11-09,150.199997,151.429993,150.059998,150.809998,147.310394,56787900
2021-11-10,150.020004,150.130005,147.850006,147.919998,144.487488,65187100
2021-11-11,148.960007,149.429993,147.679993,147.869995,144.438644,41000000
2021-11-12,148.429993,150.399994,147.479996,149.990005,146.509415,63804000
2021-11-15,150.369995,151.880005,149.429993,150.000000,146.519196,59222800
2021-11-16,149.940002,151.490005,149.339996,151.000000,147.495987,59256200
2021-11-17,151.000000,155.000000,150.990005,153.490005,149.928223,88807000
2021-11-18,153.710007,158.669998,153.050003,157.869995,154.206573,137827700
2021-11-19,157.649994,161.020004,156.529999,160.550003,156.824417,117305600
2021-11-22,161.679993,165.699997,161.000000,161.020004,157.283478,117467900
2021-11-23,161.119995,161.800003,159.059998,161.410004,157.664429,96041900
2021-11-24,160.750000,162.139999,159.639999,161.940002,158.182144,69463600
2021-11-26,159.570007,160.449997,156.360001,156.809998,153.171173,76959800
2021-11-29,159.369995,161.190002,158.789993,160.240005,156.521561,88748200
2021-11-30,159.990005,165.520004,159.919998,165.300003,161.464157,174048100
2021-12-01,167.479996,170.300003,164.529999,164.770004,160.946457,152052500
2021-12-02,158.740005,164.199997,157.800003,163.759995,159.959885,136739200
2021-12-03,164.020004,164.960007,159.720001,161.839996,158.084442,118023100
2021-12-06,164.289993,167.880005,164.279999,165.320007,161.483688,107497000
2021-12-07,169.080002,171.580002,168.339996,171.179993,167.207703,120405400
2021-12-08,172.130005,175.960007,170.699997,175.080002,171.017197,116998900
2021-12-09,174.910004,176.750000,173.919998,174.559998,170.509232,108923700
2021-12-10,175.210007,179.630005,174.690002,179.449997,175.285767,115402700
2021-12-13,181.119995,182.130005,175.529999,175.740005,171.661896,153237000
2021-12-14,175.250000,177.740005,172.210007,174.330002,170.284622,139380400
2021-12-15,175.110001,179.500000,172.309998,179.300003,175.139297,131063300
2021-12-16,179.279999,181.139999,170.750000,172.259995,168.262650,150185800
2021-12-17,169.929993,173.470001,169.690002,171.139999,167.168640,195432700
2021-12-20,168.279999,170.580002,167.460007,169.750000,165.810883,107499100
2021-12-21,171.559998,173.199997,169.119995,172.990005,168.975708,91185900
2021-12-22,173.039993,175.860001,172.149994,175.639999,171.564194,92135300
2021-12-23,175.850006,176.850006,175.270004,176.279999,172.189346,68356600
2021-12-27,177.089996,180.419998,177.070007,180.330002,176.145370,74919600
2021-12-28,180.160004,181.330002,178.529999,179.289993,175.129517,79144300
2021-12-29,179.330002,180.630005,178.139999,179.380005,175.217422,62348900
2021-12-30,179.470001,180.570007,178.089996,178.199997,174.064789,59773000
2021-12-31,178.089996,179.229996,177.259995,177.570007,173.449387,64062300
2022-01-03,177.830002,182.880005,177.710007,182.009995,177.786392,104487900
2022-01-04,182.630005,182.940002,179.119995,179.699997,175.529953,99310400
2022-01-05,179.610001,180.169998,174.639999,174.919998,170.860901,94537600
2022-01-06,172.699997,175.300003,171.639999,172.000000,168.008698,96904000
2022-01-07,172.889999,174.139999,171.029999,172.169998,168.174774,86709100
2022-01-10,169.080002,172.500000,168.169998,172.190002,168.194275,106765600
2022-01-11,172.320007,175.179993,170.820007,175.080002,171.017197,76138300
2022-01-12,176.119995,177.179993,174.820007,175.529999,171.456757,74805200
2022-01-13,175.779999,176.619995,171.789993,172.190002,168.194275,84505800
2022-01-14,171.339996,173.779999,171.089996,173.070007,169.053833,80440800
2022-01-18,171.509995,172.539993,169.410004,169.800003,165.859741,90956700
2022-01-19,170.000000,171.080002,165.940002,166.229996,162.372559,94815000
2022-01-20,166.979996,169.679993,164.179993,164.509995,160.692459,91420500
2022-01-21,164.419998,166.330002,162.300003,162.410004,158.641235,122848900
2022-01-24,160.020004,162.300003,154.699997,161.619995,157.869507,162294600
2022-01-25,158.979996,162.759995,157.020004,159.779999,156.072250,115798400
2022-01-26,163.500000,164.389999,157.820007,159.690002,155.984344,108275300
2022-01-27,162.449997,163.839996,158.279999,159.220001,155.525208,121954600
2022-01-28,165.710007,170.350006,162.800003,170.330002,166.377441,179935700
2022-01-31,170.160004,175.000000,169.509995,174.779999,170.724167,115541600
2022-02-01,174.009995,174.839996,172.309998,174.610001,170.558075,86213900
2022-02-02,174.750000,175.880005,173.330002,175.839996,171.759567,84914300
2022-02-03,174.479996,176.240005,172.119995,172.899994,168.887772,89418100
2022-02-04,171.679993,174.100006,170.679993,172.389999,168.604172,82465400
2022-02-07,172.860001,173.949997,170.949997,171.660004,167.890198,77251200
2022-02-08,171.729996,175.350006,171.429993,174.830002,170.990601,74829200
2022-02-09,176.050003,176.649994,174.899994,176.279999,172.408737,71285000
2022-02-10,174.139999,175.479996,171.550003,172.119995,168.340073,90865900
2022-02-11,172.330002,173.080002,168.039993,168.639999,164.936508,98670700
2022-02-14,167.369995,169.580002,166.559998,168.880005,165.171265,86185500
2022-02-15,170.970001,172.949997,170.250000,172.789993,168.995392,62527400
2022-02-16,171.850006,173.339996,170.050003,172.550003,168.760666,61177400
2022-02-17,171.029999,171.910004,168.470001,168.880005,165.171265,69589300
2022-02-18,169.820007,170.539993,166.190002,167.300003,163.625961,82772700
2022-02-22,164.979996,166.690002,162.149994,164.320007,160.711395,91162800
2022-02-23,165.539993,166.149994,159.750000,160.070007,156.554733,90009200
2022-02-24,152.580002,162.850006,152.000000,162.740005,159.166092,141147500
2022-02-25,163.839996,165.119995,160.869995,164.850006,161.229736,91974200
2022-02-28,163.059998,165.419998,162.429993,165.119995,161.493790,95056600
2022-03-01,164.699997,166.600006,161.970001,163.199997,159.616013,83474400
2022-03-02,164.389999,167.360001,162.949997,166.559998,162.902176,79724800
2022-03-03,168.470001,168.910004,165.550003,166.229996,162.579407,76678400
2022-03-04,164.490005,165.550003,162.100006,163.169998,159.586624,83737200
2022-03-07,163.360001,165.020004,159.039993,159.300003,155.801620,96418800
2022-03-08,158.820007,162.880005,155.800003,157.440002,153.982468,131148300
2022-03-09,161.479996,163.410004,159.410004,162.949997,159.371460,91454900
2022-03-10,160.199997,160.389999,155.979996,158.520004,155.038742,105342000
2022-03-11,158.929993,159.279999,154.500000,154.729996,151.332016,96970100
2022-03-14,151.449997,154.119995,150.100006,150.619995,147.312256,108732100
2022-03-15,150.899994,155.570007,150.380005,155.089996,151.684113,92964300
2022-03-16,157.050003,160.000000,154.460007,159.589996,156.085236,102300200
2022-03-17,158.610001,161.000000,157.630005,160.619995,157.092651,75615400
2022-03-18,160.509995,164.479996,159.759995,163.979996,160.378891,123511700
2022-03-21,163.509995,166.350006,163.009995,165.380005,161.748123,95811400
2022-03-22,165.509995,169.419998,164.910004,168.820007,165.112579,81532000
2022-03-23,167.990005,172.639999,167.649994,170.210007,166.472061,98062700
2022-03-24,171.059998,174.139999,170.210007,174.070007,170.247269,90131400
2022-03-25,173.880005,175.279999,172.750000,174.720001,170.882996,80546200
2022-03-28,172.169998,175.729996,172.000000,175.600006,171.743683,90371900
2022-03-29,176.690002,179.009995,176.339996,178.960007,175.029892,100589400
2022-03-30,178.550003,179.610001,176.699997,177.770004,173.866043,92633200
2022-03-31,177.839996,178.029999,174.399994,174.610001,170.775406,103049300
2022-04-01,174.029999,174.880005,171.940002,174.309998,170.482025,78751300
2022-04-04,174.570007,178.490005,174.440002,178.440002,174.521332,76468400
2022-04-05,177.500000,178.300003,174.419998,175.059998,171.215515,73401800
2022-04-06,172.360001,173.630005,170.130005,171.830002,168.056473,89058800
2022-04-07,171.160004,173.360001,169.850006,172.139999,168.359680,77594700
2022-04-08,171.779999,171.779999,169.199997,170.089996,166.354706,76575500
2022-04-11,168.710007,169.029999,165.500000,165.750000,162.109985,72246700
2022-04-12,168.020004,169.869995,166.639999,167.660004,163.978027,79265200
2022-04-13,167.389999,171.039993,166.770004,170.399994,166.657867,70618900
2022-04-14,170.619995,171.270004,165.039993,165.289993,161.660110,75329400
2022-04-18,163.919998,166.600006,163.570007,165.070007,161.444962,69023900
2022-04-19,165.020004,167.820007,163.910004,167.399994,163.723755,67723800
2022-04-20,168.759995,168.880005,166.100006,167.229996,163.557465,67929800
2022-04-21,168.910004,171.529999,165.910004,166.419998,162.765305,87227800
2022-04-22,166.460007,167.869995,161.500000,161.789993,158.236938,84882400
2022-04-25,161.119995,163.169998,158.460007,162.880005,159.302994,96046400
2022-04-26,162.250000,162.339996,156.720001,156.800003,153.356567,95623200
2022-04-27,155.910004,159.789993,155.380005,156.570007,153.131592,88063200
2022-04-28,159.250000,164.520004,158.929993,163.639999,160.046326,130216800
2022-04-29,161.839996,166.199997,157.250000,157.649994,154.187851,131747600
2022-05-02,156.710007,158.229996,153.270004,157.960007,154.491058,123055300
2022-05-03,158.149994,160.710007,156.320007,159.479996,155.977676,88966500
2022-05-04,159.669998,166.479996,159.259995,166.020004,162.374054,108256500
2022-05-05,163.850006,164.080002,154.949997,156.770004,153.327179,130525300
2022-05-06,156.009995,159.440002,154.179993,157.279999,154.051987,116124600
2022-05-09,154.929993,155.830002,151.490005,152.059998,148.939163,131577900
2022-05-10,155.520004,156.740005,152.929993,154.509995,151.338837,115366700
2022-05-11,153.500000,155.449997,145.809998,146.500000,143.493256,142689800
2022-05-12,142.770004,146.199997,138.800003,142.559998,139.634094,182602000
2022-05-13,144.589996,148.100006,143.110001,147.110001,144.090714,113990900
2022-05-16,145.550003,147.520004,144.179993,145.539993,142.552979,86643800
2022-05-17,148.860001,149.770004,146.679993,149.240005,146.177002,78336300
2022-05-18,146.850006,147.360001,139.899994,140.820007,137.929825,109742900
2022-05-19,139.880005,141.660004,136.600006,137.350006,134.531082,136095600
2022-05-20,139.089996,140.699997,132.610001,137.589996,134.766098,137426100
2022-05-23,137.789993,143.259995,137.649994,143.110001,140.172821,117726300
2022-05-24,140.809998,141.970001,137.330002,140.360001,137.479233,104132700
2022-05-25,138.429993,141.789993,138.339996,140.520004,137.635956,92482700
2022-05-26,137.389999,144.339996,137.139999,143.779999,140.829086,90601500
2022-05-27,145.389999,149.679993,145.259995,149.639999,146.568817,90978500
2022-05-31,149.070007,150.660004,146.839996,148.839996,145.785233,103718400
2022-06-01,149.899994,151.740005,147.679993,148.710007,145.657913,74286600
2022-06-02,147.830002,151.270004,146.860001,151.210007,148.106567,72348100
2022-06-03,146.899994,147.970001,144.460007,145.380005,142.396240,88570300
2022-06-06,147.029999,148.570007,144.899994,146.139999,143.140656,71598400
2022-06-07,144.350006,149.000000,144.100006,148.710007,145.657913,67808200
2022-06-08,148.580002,149.869995,147.460007,147.960007,144.923294,53950200
2022-06-09,147.080002,147.949997,142.529999,142.639999,139.712463,69473000
2022-06-10,140.279999,140.759995,137.059998,137.130005,134.315567,91437900
2022-06-13,132.869995,135.199997,131.440002,131.880005,129.173325,122207100
2022-06-14,133.130005,133.889999,131.479996,132.759995,130.035263,84784300
2022-06-15,134.289993,137.339996,132.160004,135.429993,132.650421,91533000
2022-06-16,132.080002,132.389999,129.039993,130.059998,127.390671,108123900
2022-06-17,130.070007,133.080002,129.809998,131.559998,128.859894,134520300
2022-06-21,133.419998,137.059998,133.320007,135.869995,133.081421,81000500
2022-06-22,134.789993,137.759995,133.910004,135.350006,132.572098,73409200
2022-06-23,136.820007,138.589996,135.630005,138.270004,135.432175,72433800
2022-06-24,139.899994,141.910004,139.770004,141.660004,138.752579,89116800
2022-06-27,142.699997,143.490005,140.970001,141.660004,138.752579,70207900
2022-06-28,142.130005,143.419998,137.320007,137.440002,134.619263,67083400
2022-06-29,137.460007,140.669998,136.669998,139.229996,136.372452,66242400
2022-06-30,137.250000,138.369995,133.770004,136.720001,133.913986,98964500
2022-07-01,136.039993,139.039993,135.660004,138.929993,136.078629,71051600
2022-07-05,137.770004,141.610001,136.929993,141.559998,138.654663,73353800
2022-07-06,141.350006,144.119995,141.080002,142.919998,139.986740,74064300
2022-07-07,143.289993,146.550003,143.279999,146.350006,143.346313,66253700
2022-07-08,145.259995,147.550003,145.000000,147.039993,144.022141,64547800
2022-07-11,145.669998,146.639999,143.779999,144.869995,141.896713,63141600
2022-07-12,145.759995,148.449997,145.050003,145.860001,142.866409,77588800
2022-07-13,142.990005,146.449997,142.119995,145.490005,142.503998,71185600
2022-07-14,144.080002,148.949997,143.250000,148.470001,145.422821,78140700
2022-07-15,149.779999,150.860001,148.199997,150.169998,147.087936,76259900
2022-07-18,150.740005,151.570007,146.699997,147.070007,144.051559,81420900
2022-07-19,147.919998,151.229996,146.910004,151.000000,147.900909,82982400
2022-07-20,151.119995,153.720001,150.369995,153.039993,149.899002,64823400
2022-07-21,154.500000,155.570007,151.940002,155.350006,152.161606,65086600
2022-07-22,155.389999,156.279999,153.410004,154.089996,150.927490,66675400
2022-07-25,154.009995,155.039993,152.279999,152.949997,149.810852,53623900
2022-07-26,152.259995,153.089996,150.800003,151.600006,148.488602,55138700
2022-07-27,152.580002,157.330002,152.160004,156.789993,153.572083,78620700
2022-07-28,156.979996,157.639999,154.410004,157.350006,154.120590,81378700
2022-07-29,161.240005,163.630005,159.500000,162.509995,159.174683,101786900
2022-08-01,161.009995,163.589996,160.889999,161.509995,158.195190,67829400
2022-08-02,160.100006,162.410004,159.630005,160.009995,156.725998,59907000
2022-08-03,160.839996,166.589996,160.750000,166.130005,162.720398,82507500
2022-08-04,166.009995,167.190002,164.429993,165.809998,162.406952,55474100
2022-08-05,163.210007,165.850006,163.000000,165.350006,162.181351,56697000
2022-08-08,166.369995,167.809998,164.199997,164.869995,161.710571,60276900
2022-08-09,164.020004,165.820007,163.250000,164.919998,161.759613,63135500
2022-08-10,167.679993,169.339996,166.899994,169.240005,165.996811,70170500
2022-08-11,170.059998,170.990005,168.190002,168.490005,165.261185,57149200
2022-08-12,169.820007,172.169998,169.399994,172.100006,168.802002,68039400
2022-08-15,171.520004,173.389999,171.350006,173.190002,169.871109,54091700
2022-08-16,172.779999,173.710007,171.660004,173.029999,169.714188,56377100
2022-08-17,172.770004,176.149994,172.570007,174.550003,171.205032,79542000
2022-08-18,173.750000,174.899994,173.119995,174.149994,170.812698,62290100
2022-08-19,173.029999,173.740005,171.309998,171.520004,168.233093,70346300
2022-08-22,169.690002,169.860001,167.139999,167.570007,164.358810,69026800
2022-08-23,167.080002,168.710007,166.649994,167.229996,164.025345,54147100
2022-08-24,167.320007,168.110001,166.250000,167.529999,164.319565,53841500
2022-08-25,168.779999,170.139999,168.350006,170.029999,166.771637,51218200
2022-08-26,170.570007,171.050003,163.559998,163.619995,160.484497,78961000
2022-08-29,161.149994,162.899994,159.820007,161.380005,158.287384,73314000
2022-08-30,162.130005,162.559998,157.720001,158.910004,155.864792,77906200
2022-08-31,160.309998,160.580002,157.139999,157.220001,154.207153,87991100
2022-09-01,156.639999,158.419998,154.669998,157.960007,154.932983,74229900
2022-09-02,159.750000,160.360001,154.970001,155.809998,152.824188,76957800
2022-09-06,156.470001,157.089996,153.690002,154.529999,151.568680,73714800
2022-09-07,154.820007,156.669998,153.610001,155.960007,152.971283,87449600
2022-09-08,154.639999,156.360001,152.679993,154.460007,151.500000,84923800
2022-09-09,155.470001,157.820007,154.750000,157.369995,154.354263,68028800
2022-09-12,159.589996,164.259995,159.300003,163.429993,160.298141,104956000
2022-09-13,159.899994,160.539993,153.369995,153.839996,150.891907,122656600
2022-09-14,154.789993,157.100006,153.610001,155.309998,152.333755,87965400
2022-09-15,154.649994,155.240005,151.380005,152.369995,149.450073,90481100
2022-09-16,151.210007,151.350006,148.369995,150.699997,147.812073,162278800
2022-09-19,149.309998,154.559998,149.100006,154.479996,151.519638,81474200
2022-09-20,153.399994,158.080002,153.080002,156.899994,153.893311,107689800
2022-09-21,157.339996,158.740005,153.600006,153.720001,150.774216,101696800
2022-09-22,152.380005,154.470001,150.910004,152.740005,149.813004,86652500
2022-09-23,151.190002,151.470001,148.559998,150.429993,147.547241,96029900
2022-09-26,149.660004,153.770004,149.639999,150.770004,147.880753,93339400
2022-09-27,152.740005,154.720001,149.949997,151.759995,148.851776,84442700
2022-09-28,147.639999,150.639999,144.839996,149.839996,146.968552,146691400
2022-09-29,146.100006,146.720001,140.679993,142.479996,139.749619,128138200
2022-09-30,141.279999,143.100006,138.000000,138.199997,135.551620,124925300
2022-10-03,138.210007,143.070007,137.690002,142.449997,139.720200,114311700
2022-10-04,145.029999,146.220001,144.259995,146.100006,143.300247,87830100
2022-10-05,144.070007,147.380005,143.009995,146.399994,143.594467,79471000
2022-10-06,145.809998,147.539993,145.220001,145.429993,142.643036,68402200
2022-10-07,142.539993,143.100006,139.449997,140.089996,137.405396,85925600
2022-10-10,140.419998,141.889999,138.570007,140.419998,137.729065,74899000
2022-10-11,139.899994,141.350006,138.220001,138.979996,136.316666,77033700
2022-10-12,139.130005,140.360001,138.160004,138.339996,135.688965,70433700
2022-10-13,134.990005,143.589996,134.369995,142.990005,140.249863,113224000
2022-10-14,144.309998,144.520004,138.190002,138.380005,135.728165,88598000
2022-10-17,141.070007,142.899994,140.270004,142.410004,139.680969,85250900
2022-10-18,145.490005,146.699997,140.610001,143.750000,140.995255,99136600
2022-10-19,141.690002,144.949997,141.500000,143.860001,141.103165,61758300
2022-10-20,143.020004,145.889999,142.649994,143.389999,140.642166,64522000
2022-10-21,142.869995,147.850006,142.649994,147.270004,144.447815,86548600
2022-10-24,147.190002,150.229996,146.000000,149.449997,146.586029,75981900
2022-10-25,150.089996,152.490005,149.360001,152.339996,149.420654,74732300
2022-10-26,150.960007,151.990005,148.039993,149.350006,146.487961,88194300
2022-10-27,148.070007,149.050003,144.130005,144.800003,142.025146,109180200
2022-10-28,148.199997,157.500000,147.820007,155.740005,152.755524,164762400
2022-10-31,153.160004,154.240005,151.919998,153.339996,150.401505,97943200
2022-11-01,155.080002,155.449997,149.130005,150.649994,147.763046,80379300
2022-11-02,148.949997,152.169998,145.000000,145.029999,142.250717,93604600
2022-11-03,142.059998,142.800003,138.750000,138.880005,136.218597,97918500
2022-11-04,142.089996,142.669998,134.380005,138.380005,135.953339,140814800
2022-11-07,137.110001,139.149994,135.669998,138.919998,136.483887,83374600
2022-11-08,140.410004,141.429993,137.490005,139.500000,137.053711,89908500
2022-11-09,138.500000,138.550003,134.589996,134.869995,132.504883,74917800
2022-11-10,141.240005,146.869995,139.500000,146.869995,144.294495,118854000
2022-11-11,145.820007,150.009995,144.369995,149.699997,147.074860,93979700
2022-11-14,148.970001,150.279999,147.429993,148.279999,145.679703,73374100
2022-11-15,152.220001,153.589996,148.559998,150.039993,147.408875,89868300
2022-11-16,149.130005,149.869995,147.289993,148.789993,146.180801,64218300
2022-11-17,146.429993,151.479996,146.149994,150.720001,148.076935,80389400
2022-11-18,152.309998,152.699997,149.970001,151.289993,148.636932,74829600
2022-11-21,150.160004,150.369995,147.720001,148.009995,145.414459,58724100
2022-11-22,148.130005,150.419998,146.929993,150.179993,147.546402,51804100
2022-11-23,149.449997,151.830002,149.339996,151.070007,148.420822,58301400
2022-11-25,148.309998,148.880005,147.119995,148.110001,145.512726,35195900
2022-11-28,145.139999,146.639999,143.380005,144.220001,141.690933,69246000
2022-11-29,144.289993,144.809998,140.350006,141.169998,138.694443,83763800
2022-11-30,141.399994,148.720001,140.550003,148.029999,145.434082,111380900
2022-12-01,148.210007,149.130005,146.610001,148.309998,145.709198,71250400
2022-12-02,145.960007,148.000000,145.649994,147.809998,145.217972,65447400
2022-12-05,147.770004,150.919998,145.770004,146.630005,144.058670,68826400
2022-12-06,147.070007,147.300003,141.919998,142.910004,140.403915,64727200
2022-12-07,142.190002,143.369995,140.000000,140.940002,138.468475,69721100
2022-12-08,142.360001,143.520004,141.100006,142.649994,140.148468,62128300
2022-12-09,142.339996,145.570007,140.899994,142.160004,139.667023,76097000
2022-12-12,142.699997,144.500000,141.059998,144.490005,141.956192,70462700
2022-12-13,149.500000,149.970001,144.240005,145.470001,142.918991,93886200
2022-12-14,145.350006,146.660004,141.160004,143.210007,140.698624,82291200
2022-12-15,141.110001,141.800003,136.029999,136.500000,134.106308,98931900
2022-12-16,136.690002,137.649994,133.729996,134.509995,132.151169,160156900
2022-12-19,135.110001,135.199997,131.320007,132.369995,130.048737,79592600
2022-12-20,131.389999,133.250000,129.889999,132.300003,129.979980,77432800
2022-12-21,132.979996,136.809998,132.750000,135.449997,133.074722,85928000
2022-12-22,134.350006,134.559998,130.300003,132.229996,129.911179,77852100
2022-12-23,130.919998,132.419998,129.639999,131.860001,129.547653,63814900
2022-12-27,131.380005,131.410004,128.720001,130.029999,127.749763,69007800
2022-12-28,129.669998,131.029999,125.870003,126.040001,123.829720,85438400
2022-12-29,127.989998,130.479996,127.730003,129.610001,127.337120,75703700
2022-12-30,128.410004,129.949997,127.430000,129.929993,127.651497,77034200
2023-01-03,130.279999,130.899994,124.169998,125.070000,122.876762,112117500
2023-01-04,126.889999,128.660004,125.080002,126.360001,124.144127,89113600
2023-01-05,127.129997,127.769997,124.760002,125.019997,122.827614,80962700
2023-01-06,126.010002,130.289993,124.889999,129.619995,127.346970,87754700
2023-01-09,130.470001,133.410004,129.889999,130.149994,127.867645,70790800
2023-01-10,130.259995,131.259995,128.119995,130.729996,128.437515,63896200
2023-01-11,131.250000,133.509995,130.460007,133.490005,131.149124,69458900
2023-01-12,133.880005,134.259995,131.440002,133.410004,131.070465,71379600
2023-01-13,132.029999,134.919998,131.660004,134.759995,132.396835,57809700
2023-01-17,134.830002,137.289993,134.130005,135.940002,133.556137,63646600
2023-01-18,136.820007,138.610001,135.029999,135.210007,132.838928,69672800
2023-01-19,134.080002,136.250000,133.770004,135.270004,132.897858,58280400
2023-01-20,135.279999,138.020004,134.220001,137.869995,135.452286,80223600
2023-01-23,138.119995,143.320007,137.899994,141.110001,138.635437,81760300
2023-01-24,140.309998,143.160004,140.300003,142.529999,140.030548,66435100
2023-01-25,140.889999,142.429993,138.809998,141.860001,139.372299,65799300
2023-01-26,143.169998,144.250000,141.899994,143.960007,141.435486,54105100
2023-01-27,143.160004,147.229996,143.080002,145.929993,143.370911,70555800
2023-01-30,144.960007,145.550003,142.850006,143.000000,140.492310,64015300
2023-01-31,142.699997,144.339996,142.279999,144.289993,141.759705,65874500
2023-02-01,143.970001,146.610001,141.320007,145.429993,142.879700,77663600
2023-02-02,148.899994,151.179993,148.169998,150.820007,148.175171,118339000
2023-02-03,148.029999,157.380005,147.830002,154.500000,151.790649,154357300
2023-02-06,152.570007,153.100006,150.779999,151.729996,149.069214,69858300
2023-02-07,150.639999,155.229996,150.639999,154.649994,151.938004,83322600
2023-02-08,153.880005,154.580002,151.169998,151.919998,149.255890,64120100
2023-02-09,153.779999,154.330002,150.419998,150.869995,148.224319,56007100
2023-02-10,149.460007,151.339996,149.220001,151.009995,148.588364,57450700
2023-02-13,150.949997,154.259995,150.919998,153.850006,151.382828,62199000
2023-02-14,152.119995,153.770004,150.860001,153.199997,150.743271,61707600
2023-02-15,153.110001,155.500000,152.880005,155.330002,152.839142,65573800
2023-02-16,153.509995,156.330002,153.350006,153.710007,151.245056,68167900
2023-02-17,152.350006,153.000000,150.850006,152.550003,150.103683,59144100
2023-02-21,150.199997,151.300003,148.410004,148.479996,146.098953,58867200
2023-02-22,148.869995,149.949997,147.160004,148.910004,146.522049,51011300
2023-02-23,150.089996,150.339996,147.240005,149.399994,147.004196,48394200
2023-02-24,147.110001,147.190002,145.720001,146.710007,144.357330,55469600
2023-02-27,147.710007,149.169998,147.449997,147.919998,145.547897,44998500
2023-02-28,147.050003,149.080002,146.830002,147.410004,145.046127,50547000
2023-03-01,146.830002,147.229996,145.009995,145.309998,142.979797,55479000
2023-03-02,144.380005,146.710007,143.899994,145.910004,143.570175,52238100
2023-03-03,148.039993,151.110001,147.330002,151.029999,148.608047,70732300
2023-03-06,153.789993,156.300003,153.460007,153.830002,151.363144,87558000
2023-03-07,153.699997,154.029999,151.130005,151.600006,149.168930,56182000
2023-03-08,152.809998,153.470001,151.830002,152.869995,150.418549,47204800
2023-03-09,153.559998,154.539993,150.229996,150.589996,148.175110,53833600
2023-03-10,150.210007,150.940002,147.610001,148.500000,146.118622,68572400
2023-03-13,147.809998,153.139999,147.699997,150.470001,148.057037,84457100
2023-03-14,151.279999,153.399994,150.100006,152.589996,150.143051,73695900
2023-03-15,151.190002,153.250000,149.919998,152.990005,150.536606,77167900
2023-03-16,152.160004,156.460007,151.639999,155.850006,153.350754,76161100
2023-03-17,156.080002,156.740005,154.279999,155.000000,152.514389,98944600
2023-03-20,155.070007,157.820007,154.149994,157.399994,154.875885,73641400
2023-03-21,157.320007,159.399994,156.539993,159.279999,156.725800,73938300
2023-03-22,159.300003,162.139999,157.809998,157.830002,155.298996,75701800
2023-03-23,158.830002,161.550003,157.679993,158.929993,156.381378,67622100
2023-03-24,158.860001,160.339996,157.850006,160.250000,157.680222,59196500
2023-03-27,159.940002,160.770004,157.869995,158.279999,155.741791,52390300
2023-03-28,157.970001,158.490005,155.979996,157.649994,155.121902,45992200
2023-03-29,159.369995,161.050003,159.350006,160.770004,158.191864,51305700
2023-03-30,161.529999,162.470001,161.270004,162.360001,159.756378,49501700
2023-03-31,162.440002,165.000000,161.910004,164.899994,162.255646,68749800
2023-04-03,164.270004,166.289993,164.220001,166.169998,163.505249,56976200
2023-04-04,166.600006,166.839996,165.110001,165.630005,162.973938,46278300
2023-04-05,164.740005,165.050003,161.800003,163.759995,161.133911,51511700
2023-04-06,162.429993,164.960007,162.000000,164.660004,162.019470,45390100
2023-04-10,161.419998,162.029999,160.080002,162.029999,159.431656,47716900
2023-04-11,162.350006,162.360001,160.509995,160.800003,158.221375,47644200
2023-04-12,161.220001,162.059998,159.779999,160.100006,157.532639,50133100
2023-04-13,161.630005,165.800003,161.419998,165.559998,162.905060,68445600
2023-04-14,164.589996,166.320007,163.820007,165.210007,162.560669,49386500
2023-04-17,165.089996,165.389999,164.029999,165.229996,162.580322,41516200
2023-04-18,166.100006,167.410004,165.649994,166.470001,163.800461,49923000
2023-04-19,165.800003,168.160004,165.539993,167.630005,164.941833,47720200
2023-04-20,166.089996,167.869995,165.559998,166.649994,163.977554,52456400
2023-04-21,165.050003,166.449997,164.490005,165.020004,162.373718,58337300
2023-04-24,165.000000,165.600006,163.889999,165.330002,162.678741,41949600
2023-04-25,165.190002,166.309998,163.729996,163.770004,161.143738,48714100
2023-04-26,163.059998,165.279999,162.800003,163.759995,161.133911,45498800
2023-04-27,165.190002,168.559998,165.190002,168.410004,165.709381,64902300
2023-04-28,168.490005,169.850006,167.880005,169.679993,166.958984,55275900
2023-05-01,169.279999,170.449997,168.639999,169.589996,166.870422,52472900
2023-05-02,170.089996,170.350006,167.539993,168.539993,165.837250,48425700
2023-05-03,169.500000,170.919998,167.160004,167.449997,164.764725,65136000
2023-05-04,164.889999,167.039993,164.309998,165.789993,163.131348,81235400
2023-05-05,170.979996,174.300003,170.759995,173.570007,170.786591,113453200
2023-05-08,172.479996,173.850006,172.110001,173.500000,170.717712,55962800
2023-05-09,173.050003,173.539993,171.600006,171.770004,169.015488,45326900
2023-05-10,173.020004,174.029999,171.899994,173.559998,170.776749,53724500
2023-05-11,173.850006,174.589996,172.169998,173.750000,170.963699,49514700
2023-05-12,173.619995,174.059998,171.000000,172.570007,170.037521,45533100
2023-05-15,173.160004,173.210007,171.470001,172.070007,169.544876,37266700
2023-05-16,171.990005,173.139999,171.800003,172.070007,169.544876,42110300
2023-05-17,171.710007,172.929993,170.419998,172.690002,170.155746,57951600
2023-05-18,173.000000,175.240005,172.580002,175.050003,172.481125,65496700
2023-05-19,176.389999,176.389999,174.940002,175.160004,172.589508,55809500
2023-05-22,173.979996,174.710007,173.449997,174.199997,171.643570,43570900
2023-05-23,173.130005,173.380005,171.279999,171.559998,169.042313,50747300
2023-05-24,171.089996,172.419998,170.520004,171.839996,169.318222,45143500
2023-05-25,172.410004,173.899994,171.690002,172.990005,170.451340,56058300
2023-05-26,173.320007,175.770004,173.110001,175.429993,172.855530,54835000
2023-05-30,176.960007,178.990005,176.570007,177.300003,174.698120,55964400
2023-05-31,177.330002,179.350006,176.759995,177.250000,174.648849,99625300
2023-06-01,177.699997,180.119995,176.929993,180.089996,177.447159,68901800
2023-06-02,181.029999,181.779999,179.259995,180.949997,178.294525,61996900
2023-06-05,182.630005,184.949997,178.039993,179.580002,176.944641,121946500
2023-06-06,179.970001,180.119995,177.429993,179.210007,176.580063,64848400
2023-06-07,178.440002,181.210007,177.320007,177.820007,175.210480,61944600
2023-06-08,177.899994,180.839996,177.460007,180.570007,177.920105,50214900
2023-06-09,181.500000,182.229996,180.630005,180.960007,178.304398,48900000
2023-06-12,181.270004,183.889999,180.970001,183.789993,181.092819,54274900
2023-06-13,182.800003,184.149994,182.440002,183.309998,180.619873,54929100
2023-06-14,183.369995,184.389999,182.020004,183.949997,181.250504,57462900
2023-06-15,183.960007,186.520004,183.779999,186.009995,183.280273,65433200
2023-06-16,186.729996,186.990005,184.270004,184.919998,182.206253,101256200
2023-06-20,184.410004,186.100006,184.410004,185.009995,182.294952,49799100
2023-06-21,184.899994,185.410004,182.589996,183.960007,181.260345,49515700
2023-06-22,183.740005,187.050003,183.669998,187.000000,184.255737,51245300
2023-06-23,185.550003,187.559998,185.009995,186.679993,183.940445,53117000
2023-06-26,186.830002,188.050003,185.229996,185.270004,182.551147,48088700
2023-06-27,185.889999,188.389999,185.669998,188.059998,185.300186,50730800
2023-06-28,187.929993,189.899994,187.600006,189.250000,186.472717,51216800
2023-06-29,189.080002,190.070007,188.940002,189.589996,186.807724,46347300
2023-06-30,191.630005,194.479996,191.259995,193.970001,191.123474,85213200
2023-07-03,193.779999,193.880005,191.759995,192.460007,189.635590,31458200
2023-07-05,191.570007,192.979996,190.619995,191.330002,188.522217,46920300
2023-07-06,189.839996,192.020004,189.199997,191.809998,188.995148,45094300
2023-07-07,191.410004,192.669998,190.240005,190.679993,187.881744,46815000
2023-07-10,189.259995,189.990005,187.039993,188.610001,185.842133,59922200
2023-07-11,189.160004,189.300003,186.600006,188.080002,185.319901,46638100
2023-07-12,189.679993,191.699997,188.470001,189.770004,186.985107,60750200
2023-07-13,190.500000,191.190002,189.779999,190.539993,187.743805,41342300
2023-07-14,190.229996,191.179993,189.630005,190.690002,187.891602,41616200
2023-07-17,191.899994,194.320007,191.809998,193.990005,191.143173,50520200
2023-07-18,193.350006,194.330002,192.419998,193.729996,190.886993,48288200
2023-07-19,193.100006,198.229996,192.649994,195.100006,192.236877,80507300
2023-07-20,195.089996,196.470001,192.500000,193.130005,190.295807,59581200
2023-07-21,194.100006,194.970001,191.229996,191.940002,189.123260,71951700
2023-07-24,193.410004,194.910004,192.250000,192.750000,189.921371,45377800
2023-07-25,193.330002,194.440002,192.919998,193.619995,190.778580,37283200
2023-07-26,193.669998,195.639999,193.320007,194.500000,191.645691,47471900
2023-07-27,196.020004,197.199997,192.550003,193.220001,190.384460,47460200
2023-07-28,194.669998,196.630005,194.139999,195.830002,192.956161,48291400
2023-07-31,196.059998,196.490005,195.259995,196.449997,193.567047,38824100
2023-08-01,196.240005,196.729996,195.279999,195.610001,192.739395,35175100
2023-08-02,195.039993,195.179993,191.850006,192.580002,189.753845,50389300
2023-08-03,191.570007,192.369995,190.690002,191.169998,188.364548,61235200
2023-08-04,185.520004,187.380005,181.919998,181.990005,179.319275,115956800
2023-08-07,182.130005,183.130005,177.350006,178.850006,176.225372,97576100
2023-08-08,179.690002,180.270004,177.580002,179.800003,177.161392,67823000
2023-08-09,180.869995,180.929993,177.009995,178.190002,175.575027,60378500
2023-08-10,179.479996,180.750000,177.600006,177.970001,175.358292,54686900
2023-08-11,177.320007,178.619995,176.550003,177.789993,175.417435,52036700
2023-08-14,177.970001,179.690002,177.309998,179.460007,177.065186,43675600
2023-08-15,178.880005,179.479996,177.050003,177.449997,175.081985,43622600
2023-08-16,177.130005,178.539993,176.500000,176.570007,174.213745,46964900
2023-08-17,177.139999,177.509995,173.479996,174.000000,171.678040,66062900
2023-08-18,172.300003,175.100006,171.960007,174.490005,172.161530,61172200
2023-08-21,175.070007,176.130005,173.740005,175.839996,173.493500,46311900
2023-08-22,177.059998,177.679993,176.250000,177.229996,174.864944,42038900
2023-08-23,178.520004,181.550003,178.330002,181.119995,178.703049,52722800
2023-08-24,180.669998,181.100006,176.009995,176.380005,174.026276,54945800
2023-08-25,177.380005,179.149994,175.820007,178.610001,176.226517,51449600
2023-08-28,180.089996,180.589996,178.550003,180.190002,177.785431,43820700
2023-08-29,179.699997,184.899994,179.500000,184.119995,181.662979,53003900
2023-08-30,184.940002,187.850006,184.740005,187.649994,185.145874,60813900
2023-08-31,187.839996,189.119995,187.479996,187.869995,185.362946,60794500
2023-09-01,189.490005,189.919998,188.279999,189.460007,186.931717,45766500
2023-09-05,188.279999,189.979996,187.610001,189.699997,187.168533,45280000
2023-09-06,188.399994,188.850006,181.470001,182.910004,180.469116,81755800
2023-09-07,175.179993,178.210007,173.539993,177.559998,175.190536,112488800
2023-09-08,178.350006,180.240005,177.789993,178.179993,175.802231,65551300
2023-09-11,180.070007,180.300003,177.339996,179.360001,176.966537,58953100
2023-09-12,179.490005,180.130005,174.820007,176.300003,173.947357,90370200
2023-09-13,176.509995,177.300003,173.979996,174.210007,171.885239,84267900
2023-09-14,174.000000,176.100006,173.580002,175.740005,173.394806,60895800
2023-09-15,176.479996,176.500000,173.820007,175.009995,172.674530,109259500
2023-09-18,176.479996,179.380005,176.169998,177.970001,175.595078,67257600
2023-09-19,177.520004,179.630005,177.130005,179.070007,176.680389,51826900
2023-09-20,179.259995,179.699997,175.399994,175.490005,173.148163,58436200
2023-09-21,174.550003,176.300003,173.860001,173.929993,171.608963,63149100
2023-09-22,174.669998,177.080002,174.050003,174.789993,172.457489,56725400
2023-09-25,174.199997,176.970001,174.149994,176.080002,173.730255,46172700
2023-09-26,174.820007,175.199997,171.660004,171.960007,169.665268,64588900
2023-09-27,172.619995,173.039993,169.050003,170.429993,168.155624,66921800
2023-09-28,169.339996,172.029999,167.619995,170.690002,168.412216,56294400
2023-09-29,172.020004,173.070007,170.339996,171.210007,168.925278,51861100
2023-10-02,171.220001,174.300003,170.929993,173.750000,171.431366,52164500
2023-10-03,172.259995,173.630005,170.820007,172.399994,170.099380,49594600
2023-10-04,171.089996,174.210007,170.970001,173.660004,171.342575,53020300
2023-10-05,173.789993,175.449997,172.679993,174.910004,172.575882,48527900
2023-10-06,173.800003,177.990005,173.179993,177.490005,175.121445,57266700
2023-10-09,176.809998,179.050003,175.800003,178.990005,176.601456,42390800
2023-10-10,178.100006,179.720001,177.949997,178.389999,176.009460,43698000
2023-10-11,178.199997,179.850006,177.600006,179.800003,177.400620,47551100
2023-10-12,180.070007,182.339996,179.039993,180.710007,178.298523,56743100
2023-10-13,181.419998,181.929993,178.139999,178.850006,176.463333,51427100
2023-10-16,176.750000,179.080002,176.509995,178.720001,176.335052,52517000
2023-10-17,176.649994,178.419998,174.800003,177.149994,174.786011,57549400
2023-10-18,175.580002,177.580002,175.110001,175.839996,173.493500,54764400
2023-10-19,176.039993,177.839996,175.190002,175.460007,173.118561,59302900
2023-10-20,175.309998,175.419998,172.639999,172.880005,170.572968,64244000
2023-10-23,170.910004,174.009995,169.929993,173.000000,170.691360,55980100
2023-10-24,173.050003,173.669998,171.449997,173.440002,171.125519,43816600
2023-10-25,171.880005,173.059998,170.649994,171.100006,168.816711,57157000
2023-10-26,170.369995,171.380005,165.669998,166.889999,164.662949,70625300
2023-10-27,166.910004,168.960007,166.830002,168.220001,165.975159,58499100
2023-10-30,169.020004,171.169998,168.869995,170.289993,168.017548,51131000
2023-10-31,169.350006,170.899994,167.899994,170.770004,168.491135,44846000
2023-11-01,171.000000,174.229996,170.119995,173.970001,171.648407,56934900
2023-11-02,175.520004,177.779999,175.460007,177.570007,175.200378,77334800
2023-11-03,174.240005,176.820007,173.350006,176.649994,174.292664,79829200
2023-11-06,176.380005,179.429993,176.210007,179.229996,176.838211,63841300
2023-11-07,179.179993,182.440002,178.970001,181.820007,179.393692,70530000
2023-11-08,182.350006,183.449997,181.589996,182.889999,180.449417,49340300
2023-11-09,182.960007,184.119995,181.809998,182.410004,179.975845,53763500
2023-11-10,183.970001,186.570007,183.529999,186.399994,184.154861,66133400
2023-11-13,185.820007,186.029999,184.210007,184.800003,182.574142,43627500
2023-11-14,187.699997,188.110001,186.300003,187.440002,185.182358,60108400
2023-11-15,187.850006,189.500000,187.779999,188.009995,185.745483,53790500
2023-11-16,189.570007,190.960007,188.649994,189.710007,187.424988,54412900
2023-11-17,190.250000,190.380005,188.570007,189.690002,187.405228,50922700
2023-11-20,189.889999,191.910004,189.880005,191.449997,189.144028,46505100
2023-11-21,191.410004,191.520004,189.740005,190.639999,188.343781,38134500
2023-11-22,191.490005,192.929993,190.830002,191.309998,189.005707,39617700
2023-11-24,190.869995,190.899994,189.250000,189.970001,187.681839,24048300
2023-11-27,189.919998,190.669998,188.899994,189.789993,187.504028,40552600
2023-11-28,189.779999,191.080002,189.399994,190.399994,188.106674,38415400
2023-11-29,190.899994,192.089996,188.970001,189.369995,187.089081,43014200
2023-11-30,189.839996,190.320007,188.190002,189.949997,187.662109,48794400
2023-12-01,190.330002,191.559998,189.229996,191.240005,188.936554,45704800
2023-12-04,189.979996,190.050003,187.449997,189.429993,187.148346,43389500
2023-12-05,190.210007,194.399994,190.179993,193.419998,191.090286,66628400
2023-12-06,194.449997,194.759995,192.110001,192.320007,190.003555,41089700
2023-12-07,193.630005,195.000000,193.589996,194.270004,191.930054,47477700
2023-12-08,194.199997,195.990005,193.669998,195.710007,193.352707,53406400
2023-12-11,193.110001,193.490005,191.419998,193.179993,190.853210,60943700
2023-12-12,193.080002,194.720001,191.720001,194.710007,192.364761,52696900
2023-12-13,195.089996,198.000000,194.850006,197.960007,195.575638,70404200
2023-12-14,198.020004,199.619995,196.160004,198.110001,195.723831,66831600
2023-12-15,197.529999,198.399994,197.000000,197.570007,195.190292,128538400
2023-12-18,196.089996,196.630005,194.389999,195.889999,193.530563,55751900
2023-12-19,196.160004,196.949997,195.889999,196.940002,194.567917,40714100
2023-12-20,196.899994,197.679993,194.830002,194.830002,192.483322,52242800
2023-12-21,196.100006,197.080002,193.500000,194.679993,192.335144,46482500
2023-12-22,195.179993,195.410004,192.970001,193.600006,191.268143,37149600
2023-12-26,193.610001,193.889999,192.830002,193.050003,190.724747,28919300
2023-12-27,192.490005,193.500000,191.089996,193.149994,190.823532,48087700
2023-12-28,194.139999,194.660004,193.169998,193.580002,191.248367,34049900
2023-12-29,193.899994,194.399994,191.729996,192.529999,190.210999,42672100
2024-01-02,187.149994,188.440002,183.889999,185.639999,183.403992,82488700
2024-01-03,184.220001,185.880005,183.429993,184.250000,182.030746,58414500
2024-01-04,182.149994,183.089996,180.880005,181.910004,179.718933,71983600
2024-01-05,181.990005,182.759995,180.169998,181.179993,178.997711,62379700
2024-01-08,182.089996,185.600006,181.500000,185.559998,183.324966,59144500
2024-01-09,183.919998,185.149994,182.729996,185.139999,182.910034,42841800
2024-01-10,184.350006,186.399994,183.919998,186.190002,183.947403,46792900
2024-01-11,186.539993,187.050003,183.619995,185.589996,183.354614,49128400
2024-01-12,186.059998,186.740005,185.190002,185.919998,183.680634,40477800
2024-01-16,182.160004,184.259995,180.929993,183.630005,181.418243,65603000
2024-01-17,181.270004,182.929993,180.300003,182.679993,180.479630,47317400
2024-01-18,186.089996,189.139999,185.830002,188.630005,186.358032,78005800
2024-01-19,189.330002,191.949997,188.820007,191.559998,189.252686,68903000
2024-01-22,192.300003,195.330002,192.259995,193.889999,191.554642,60133900
2024-01-23,195.020004,195.750000,193.830002,195.179993,192.829102,42355600
2024-01-24,195.419998,196.380005,194.339996,194.500000,192.157318,53631300
2024-01-25,195.220001,196.270004,193.110001,194.169998,191.831268,54822100
2024-01-26,194.270004,194.759995,191.940002,192.419998,190.102341,44594000
2024-01-29,192.009995,192.199997,189.580002,191.729996,189.420654,47145600
2024-01-30,190.940002,191.800003,187.470001,188.039993,185.775116,55859400
2024-01-31,187.039993,187.100006,184.350006,184.399994,182.178970,55467800
2024-02-01,183.990005,186.949997,183.820007,186.860001,184.609314,64885400
2024-02-02,179.860001,187.330002,179.250000,185.850006,183.611496,102551700
2024-02-05,188.149994,189.250000,185.839996,187.679993,185.419403,69668800
2024-02-06,186.860001,189.309998,186.770004,189.300003,187.019943,43490800
2024-02-07,190.639999,191.050003,188.610001,189.410004,187.128601,53439000
2024-02-08,189.389999,189.539993,187.350006,188.320007,186.051727,40962000
2024-02-09,188.649994,189.990005,188.000000,188.850006,186.813416,45155200
2024-02-12,188.419998,188.669998,186.789993,187.149994,185.131775,41781900
2024-02-13,185.770004,186.210007,183.509995,185.039993,183.044525,56529500
2024-02-14,185.320007,185.529999,182.440002,184.149994,182.164124,54630500
2024-02-15,183.550003,184.490005,181.350006,183.860001,181.877197,65434500
2024-02-16,183.419998,184.850006,181.669998,182.309998,180.343964,49752500
2024-02-20,181.789993,182.429993,180.000000,181.559998,179.602051,53665600
2024-02-21,181.940002,182.889999,180.660004,182.320007,180.353867,41371400
2024-02-22,183.479996,184.960007,182.460007,184.369995,182.381760,52292200
2024-02-23,185.009995,185.039993,182.229996,182.520004,180.551682,45119700
2024-02-26,182.240005,182.759995,180.649994,181.160004,179.206360,40867400
2024-02-27,181.100006,183.919998,179.559998,182.630005,180.660507,54318900
2024-02-28,182.509995,183.119995,180.130005,181.419998,179.463547,48953900
2024-02-29,181.270004,182.570007,179.529999,180.750000,178.800766,136682600
2024-03-01,179.550003,180.529999,177.380005,179.660004,177.722519,73563100
2024-03-04,176.149994,176.899994,173.789993,175.100006,173.211716,81510100
2024-03-05,170.759995,172.039993,169.619995,170.119995,168.285416,95132400
2024-03-06,171.059998,171.240005,168.679993,169.119995,167.296188,68587700
2024-03-07,169.149994,170.729996,168.490005,169.000000,167.177475,71765100
2024-03-08,169.000000,173.699997,168.940002,170.729996,168.888840,76267000
2024-03-11,172.940002,174.380005,172.050003,172.750000,170.887070,60139500
2024-03-12,173.149994,174.029999,171.009995,173.229996,171.361877,59825400
2024-03-13,172.770004,173.190002,170.759995,171.130005,169.284531,52488700
2024-03-14,172.910004,174.309998,172.050003,173.000000,171.134354,72913500
2024-03-15,171.169998,172.619995,170.289993,172.619995,170.758453,121752700
2024-03-18,175.570007,177.710007,173.520004,173.720001,171.846588,75604200
2024-03-19,174.339996,176.610001,173.029999,176.080002,174.181137,55215200
2024-03-20,175.720001,178.669998,175.089996,178.669998,176.743225,53423100
2024-03-21,177.050003,177.490005,170.839996,171.369995,169.521927,106181300
2024-03-22,171.759995,173.050003,170.059998,172.279999,170.422119,71160100
2024-03-25,170.570007,171.940002,169.449997,170.850006,169.007523,54288300
2024-03-26,170.000000,171.419998,169.580002,169.710007,167.879852,57388400
2024-03-27,170.410004,173.600006,170.110001,173.309998,171.440994,60273300
2024-03-28,171.750000,172.229996,170.509995,171.479996,169.630722,65672700
2024-04-01,171.190002,171.250000,169.479996,170.029999,168.196381,46240500
2024-04-02,169.080002,169.339996,168.229996,168.839996,167.019196,49329500
2024-04-03,168.789993,170.679993,168.580002,169.649994,167.820465,47691700
2024-04-04,170.289993,171.919998,168.820007,168.820007,166.999451,53704400
2024-04-05,169.589996,170.389999,168.949997,169.580002,167.751251,42104800
2024-04-08,169.029999,169.199997,168.240005,168.449997,166.633423,37425500
2024-04-09,168.699997,170.080002,168.350006,169.669998,167.840271,42373800
2024-04-10,168.800003,169.089996,167.110001,167.779999,165.970657,49709300
2024-04-11,168.339996,175.460007,168.160004,175.039993,173.152344,91070300
2024-04-12,174.259995,178.360001,174.210007,176.550003,174.646072,101670900
2024-04-15,175.360001,176.630005,172.500000,172.690002,170.827682,73531800
2024-04-16,171.750000,173.759995,168.270004,169.380005,167.553421,73711200
2024-04-17,169.610001,170.649994,168.000000,168.000000,166.188278,50901200
2024-04-18,168.029999,168.639999,166.550003,167.039993,165.238632,43122900
2024-04-19,166.210007,166.399994,164.080002,165.000000,163.220627,68149400
2024-04-22,165.520004,167.259995,164.770004,165.839996,164.051559,48116400
2024-04-23,165.350006,167.050003,164.919998,166.899994,165.100113,49537800
2024-04-24,166.539993,169.300003,166.210007,169.020004,167.197311,48251800
2024-04-25,169.529999,170.610001,168.149994,169.889999,168.057877,50558300
2024-04-26,169.880005,171.339996,169.179993,169.300003,167.474274,44838400
2024-04-29,173.369995,176.029999,173.100006,173.500000,171.628952,68169400
2024-04-30,173.330002,174.990005,170.000000,170.330002,168.493164,65934800
2024-05-01,169.580002,172.710007,169.110001,169.300003,167.474274,50383100
2024-05-02,172.509995,173.419998,170.889999,173.029999,171.164047,94214900
2024-05-03,186.649994,187.000000,182.660004,183.380005,181.402435,163224100
2024-05-06,182.350006,184.199997,180.419998,181.710007,179.750443,78569700
2024-05-07,183.449997,184.899994,181.320007,182.399994,180.432968,77305800
2024-05-08,182.850006,183.070007,181.449997,182.740005,180.769318,45057100
2024-05-09,182.559998,184.660004,182.110001,184.570007,182.579575,48983000
2024-05-10,184.899994,185.089996,182.130005,183.050003,181.321609,50759500
2024-05-13,185.440002,187.100006,184.619995,186.279999,184.521072,72044800
2024-05-14,187.509995,188.300003,186.289993,187.429993,185.660202,52393600
2024-05-15,187.910004,190.649994,187.369995,189.720001,187.928619,70400000
2024-05-16,190.470001,191.100006,189.660004,189.839996,188.047485,52845200
2024-05-17,189.509995,190.809998,189.179993,189.869995,188.077164,41282900
2024-05-20,189.330002,191.919998,189.009995,191.039993,189.236115,44361300
2024-05-21,191.089996,192.729996,190.919998,192.350006,190.533768,42309400
2024-05-22,192.270004,192.820007,190.270004,190.899994,189.097427,34648500
2024-05-23,190.979996,191.000000,186.630005,186.880005,185.115417,51005900
2024-05-24,188.820007,190.580002,188.039993,189.979996,188.186127,36327000
2024-05-28,191.509995,193.000000,189.100006,189.990005,188.196075,52280100
2024-05-29,189.610001,192.250000,189.509995,190.289993,188.493210,53068000
2024-05-30,190.759995,192.179993,190.630005,191.289993,189.483780,49889100
2024-05-31,191.440002,192.570007,189.910004,192.250000,190.434692,75158300
2024-06-03,192.899994,194.990005,192.520004,194.029999,192.197876,50080500
2024-06-04,194.639999,195.320007,193.029999,194.350006,192.514877,47471400
2024-06-05,195.399994,196.899994,194.869995,195.869995,194.020523,54156800
2024-06-06,195.690002,196.500000,194.169998,194.479996,192.643646,41181800
2024-06-07,194.649994,196.940002,194.139999,196.889999,195.030930,53103900
2024-06-10,196.899994,197.300003,192.149994,193.119995,191.296494,97010200
2024-06-11,193.649994,207.160004,193.630005,207.149994,205.194016,172373300
2024-06-12,207.369995,220.199997,206.899994,213.070007,211.058105,198134300
2024-06-13,214.740005,216.750000,211.600006,214.240005,212.217056,97862700
2024-06-14,213.850006,215.169998,211.300003,212.490005,210.483612,70122700
2024-06-17,213.369995,218.949997,212.720001,216.669998,214.624115,93728300
2024-06-18,217.589996,218.630005,213.000000,214.289993,212.266586,79943300
2024-06-20,213.929993,214.240005,208.850006,209.679993,207.700104,86172500
2024-06-21,210.389999,211.889999,207.110001,207.490005,205.530823,241805100
2024-06-24,207.720001,212.699997,206.589996,208.139999,206.174652,80727000
2024-06-25,209.149994,211.380005,208.610001,209.070007,207.095932,55549700
2024-06-26,211.500000,214.860001,210.639999,213.250000,211.236404,66213200
2024-06-27,214.690002,215.740005,212.350006,214.100006,212.078400,49772700
2024-06-28,215.770004,216.070007,210.300003,210.619995,208.631241,82542700
2024-07-01,212.089996,217.509995,211.919998,216.750000,214.703369,60402900
2024-07-02,216.149994,220.380005,215.100006,220.270004,218.190155,58046200
2024-07-03,220.000000,221.550003,219.029999,221.550003,219.458038,37369800
2024-07-05,221.649994,226.449997,221.649994,226.339996,224.202820,60412400
2024-07-08,227.089996,227.850006,223.250000,227.820007,225.668854,59085900
2024-07-09,227.929993,229.399994,226.369995,228.679993,226.520691,48076100
2024-07-10,229.300003,233.080002,229.250000,232.979996,230.780106,62627700
2024-07-11,231.389999,232.389999,225.770004,227.570007,225.421204,64710600
2024-07-12,228.919998,232.639999,228.679993,230.539993,228.363144,53046500
2024-07-15,236.479996,237.229996,233.089996,234.399994,232.186722,62631300
2024-07-16,235.000000,236.270004,232.330002,234.820007,232.602737,43234300
2024-07-17,229.449997,231.460007,226.639999,228.880005,226.718842,57345900
2024-07-18,230.279999,230.440002,222.270004,224.179993,222.063202,66034600
2024-07-19,224.820007,226.800003,223.279999,224.309998,222.191971,49151500
2024-07-22,227.009995,227.779999,223.089996,223.960007,221.845306,48201800
2024-07-23,224.369995,226.940002,222.679993,225.009995,222.885376,39960300
2024-07-24,224.000000,224.800003,217.130005,218.539993,216.476471,61777600
2024-07-25,218.929993,220.850006,214.619995,217.490005,215.436401,51391200
2024-07-26,218.699997,219.490005,216.009995,217.960007,215.901947,41601300
2024-07-29,216.960007,219.300003,215.750000,218.240005,216.179321,36311800
2024-07-30,219.190002,220.330002,216.119995,218.800003,216.734024,41643800
2024-07-31,221.440002,223.820007,220.630005,222.080002,219.983032,50036300
2024-08-01,224.369995,224.479996,217.020004,218.360001,216.298172,62501000
2024-08-02,219.149994,225.600006,217.710007,219.860001,217.783997,105568600
2024-08-05,199.089996,213.500000,196.000000,209.270004,207.294006,119548600
2024-08-06,205.300003,209.990005,201.070007,207.229996,205.273239,69660500
2024-08-07,206.899994,213.639999,206.389999,209.820007,207.838806,63516400
2024-08-08,213.110001,214.199997,208.830002,213.309998,211.295853,47161100
2024-08-09,212.100006,216.779999,211.970001,216.240005,214.198212,42201600
2024-08-12,216.070007,219.509995,215.600006,217.529999,215.725418,38028100
2024-08-13,219.009995,221.889999,219.009995,221.270004,219.434387,44155300
2024-08-14,220.570007,223.029999,219.699997,221.720001,219.880676,41960600
2024-08-15,224.600006,225.350006,222.759995,224.720001,222.855759,46414000
2024-08-16,223.919998,226.830002,223.649994,226.050003,224.174728,44340200
2024-08-19,225.720001,225.990005,223.039993,225.889999,224.016052,40687800
2024-08-20,225.770004,227.169998,225.449997,226.509995,224.630920,30299000
2024-08-21,226.520004,227.979996,225.050003,226.399994,224.521835,34765500
2024-08-22,227.789993,228.339996,223.899994,224.529999,222.667343,43695300
2024-08-23,225.660004,228.220001,224.330002,226.839996,224.958191,38677300
2024-08-26,226.759995,227.279999,223.889999,227.179993,225.295334,30602200
2024-08-27,226.000000,228.850006,224.889999,228.029999,226.138321,35934600
2024-08-28,227.919998,229.860001,225.679993,226.490005,224.611084,38052200
2024-08-29,230.100006,232.919998,228.880005,229.789993,227.883713,51906300
2024-08-30,230.190002,230.399994,227.479996,229.000000,227.100266,52990800
2024-09-03,228.550003,229.000000,221.169998,222.770004,220.921967,50190600
2024-09-04,221.660004,221.779999,217.479996,220.850006,219.017883,43840200
2024-09-05,221.630005,225.479996,221.520004,222.380005,220.535187,36615400
2024-09-06,223.949997,225.240005,219.770004,220.820007,218.988129,48423000
2024-09-09,220.820007,221.270004,216.710007,220.910004,219.077377,67180000
2024-09-10,218.919998,221.479996,216.729996,220.110001,218.283997,51591000
2024-09-11,221.460007,223.089996,217.889999,222.660004,220.812866,44587100
2024-09-12,222.500000,223.550003,219.820007,222.770004,220.921967,37455600
2024-09-13,223.580002,224.039993,221.910004,222.500000,220.654190,36766600
2024-09-16,216.539993,217.220001,213.919998,216.320007,214.525467,59357400
2024-09-17,215.750000,216.899994,214.500000,216.789993,214.991547,45519300
2024-09-18,217.550003,222.710007,217.539993,220.690002,218.859207,59894900
2024-09-19,224.990005,229.820007,224.630005,228.869995,226.971359,66781300
2024-09-20,229.970001,233.089996,227.619995,228.199997,226.306900,318679900
2024-09-23,227.339996,229.449997,225.809998,226.470001,224.591232,54146000
2024-09-24,228.649994,229.350006,225.729996,227.369995,225.483780,43556100
2024-09-25,224.929993,227.289993,224.020004,226.369995,224.492081,42308700
2024-09-26,227.300003,228.500000,225.410004,227.520004,225.632538,36636700
2024-09-27,228.460007,229.520004,227.300003,227.789993,225.900269,34026000
2024-09-30,230.039993,233.000000,229.649994,233.000000,231.067078,54541900
2024-10-01,229.520004,229.649994,223.740005,226.210007,224.333420,63285000
2024-10-02,225.889999,227.369995,223.020004,226.779999,224.898682,32880600
2024-10-03,225.139999,226.809998,223.320007,225.669998,223.797897,34044200
2024-10-04,227.899994,228.000000,224.130005,226.800003,224.918518,37245100
2024-10-07,224.500000,225.690002,221.330002,221.690002,219.850922,39505400
2024-10-08,224.300003,225.979996,223.250000,225.770004,223.897049,31855700
2024-10-09,225.229996,229.750000,224.830002,229.539993,227.635788,33591100
2024-10-10,227.779999,229.500000,227.169998,229.039993,227.139908,28183500
2024-10-11,229.300003,229.410004,227.339996,227.550003,225.662308,31759200
2024-10-14,228.699997,231.729996,228.600006,231.300003,229.381180,39882100
2024-10-15,233.610001,237.490005,232.369995,233.850006,231.910019,64751400
2024-10-16,231.600006,232.119995,229.839996,231.779999,229.857178,34082200
2024-10-17,233.429993,233.850006,230.520004,232.149994,230.224136,32993800
2024-10-18,236.179993,236.179993,234.009995,235.000000,233.050461,46431500
2024-10-21,234.449997,236.850006,234.449997,236.479996,234.518188,36254500
2024-10-22,233.889999,236.220001,232.600006,235.860001,233.903351,38846600
2024-10-23,234.080002,235.139999,227.759995,230.759995,228.845657,52287000
2024-10-24,229.979996,230.820007,228.410004,230.570007,228.657227,31109500
2024-10-25,229.740005,233.220001,229.570007,231.410004,229.490265,38802300
2024-10-28,233.320007,234.729996,232.550003,233.399994,231.463745,36087100
2024-10-29,233.100006,234.330002,232.320007,233.669998,231.731506,35417200
2024-10-30,232.610001,233.470001,229.550003,230.100006,228.191147,47070900
2024-10-31,229.339996,229.830002,225.369995,225.910004,224.035889,64370100
2024-11-01,220.970001,225.350006,220.270004,222.910004,221.060791,65276700
2024-11-04,220.990005,222.789993,219.710007,222.009995,220.168243,44944500
2024-11-05,221.800003,223.949997,221.139999,223.449997,221.596313,28111300
2024-11-06,222.610001,226.070007,221.190002,222.720001,220.872375,54561100
2024-11-07,224.630005,227.880005,224.570007,227.479996,225.592865,42137700
2024-11-08,227.169998,228.660004,226.410004,226.960007,225.324814,38328800
2024-11-11,225.000000,225.699997,221.500000,224.229996,222.614502,42005600
2024-11-12,224.550003,225.589996,223.360001,224.229996,222.614502,40398300
2024-11-13,224.009995,226.649994,222.759995,225.119995,223.498077,48566200
2024-11-14,225.020004,228.869995,225.000000,228.220001,226.575729,44923900
2024-11-15,226.399994,226.919998,224.270004,225.000000,223.378922,47923700
2024-11-18,225.250000,229.740005,225.169998,228.020004,226.377167,44633700
2024-11-19,226.979996,230.160004,226.660004,228.279999,226.635300,36211800
2024-11-20,228.059998,229.929993,225.889999,229.000000,227.350128,35169600
2024-11-21,228.880005,230.160004,225.710007,228.520004,226.873581,42108300
2024-11-22,228.059998,230.720001,228.059998,229.869995,228.213852,38168300
2024-11-25,231.460007,233.250000,229.740005,232.869995,231.192245,90152800
2024-11-26,233.330002,235.570007,233.330002,235.059998,233.366440,45986200
2024-11-27,234.470001,235.690002,233.809998,234.929993,233.237396,33498400
2024-11-29,234.809998,237.809998,233.970001,237.330002,235.620102,28481400
2024-12-02,237.270004,240.789993,237.160004,239.589996,237.863815,48137100
2024-12-03,239.809998,242.759995,238.899994,242.649994,240.901764,38861000
2024-12-04,242.869995,244.110001,241.250000,243.009995,241.259171,44383900
2024-12-05,243.990005,244.539993,242.130005,243.039993,241.288956,40033900
2024-12-06,242.910004,244.630005,242.080002,242.839996,241.090408,36870600
2024-12-09,241.830002,247.240005,241.750000,246.750000,244.972244,44649200
2024-12-10,246.889999,248.210007,245.339996,247.770004,245.984879,36914800
2024-12-11,247.960007,250.800003,246.259995,246.490005,244.714096,45205800
2024-12-12,246.889999,248.740005,245.679993,247.960007,246.173538,32777500
2024-12-13,247.820007,249.289993,246.240005,248.130005,246.342300,33155300
2024-12-16,247.990005,251.380005,247.649994,251.039993,249.231308,51694800
2024-12-17,250.080002,253.830002,249.779999,253.479996,251.653748,51356400
2024-12-18,252.160004,254.279999,247.740005,248.050003,246.262894,56774100
2024-12-19,247.500000,252.000000,247.089996,249.789993,247.990326,60882300
2024-12-20,248.039993,255.000000,245.690002,254.490005,252.656479,147495300
2024-12-23,254.770004,255.649994,253.449997,255.270004,253.430878,40858800
2024-12-24,255.490005,258.209991,255.289993,258.200012,256.339722,23234700
2024-12-26,258.190002,260.100006,257.630005,259.019989,257.153809,27237100
2024-12-27,257.829987,258.700012,253.059998,255.589996,253.748535,42355300
2024-12-30,252.229996,253.500000,250.750000,252.199997,250.382980,35557500
2024-12-31,252.440002,253.279999,249.429993,250.419998,248.615799,39480700
2025-01-02,248.929993,249.100006,241.820007,243.850006,242.093124,55740700
2025-01-03,243.360001,244.179993,241.889999,243.360001,241.606644,40244100
2025-01-06,244.309998,247.330002,243.199997,245.000000,243.234848,45045600
2025-01-07,242.979996,245.550003,241.350006,242.210007,240.464951,40856000
2025-01-08,241.919998,243.710007,240.050003,242.699997,240.951416,37628900
2025-01-10,240.009995,240.160004,233.000000,236.850006,235.143570,61710900
2025-01-13,233.529999,234.669998,229.720001,234.399994,232.711212,49630700
2025-01-14,234.750000,236.119995,232.470001,233.279999,231.599289,39435300
2025-01-15,234.639999,238.960007,234.429993,237.869995,236.156204,39832000
2025-01-16,237.350006,238.009995,228.029999,228.259995,226.615448,71759100
2025-01-17,232.119995,232.289993,228.479996,229.979996,228.323059,68488300
2025-01-21,224.000000,224.419998,219.380005,222.639999,221.035934,98070400
2025-01-22,219.789993,224.119995,219.789993,223.830002,222.217346,64126500
2025-01-23,224.740005,227.029999,222.300003,223.660004,222.048615,60234800
2025-01-24,224.779999,225.630005,221.410004,222.779999,221.174942,54697900
2025-01-27,224.020004,232.149994,223.979996,229.860001,228.203918,94863400
2025-01-28,230.850006,240.190002,230.809998,238.259995,236.543381,75707600
2025-01-29,234.119995,239.860001,234.009995,239.360001,237.635498,45486100
2025-01-30,238.669998,240.789993,237.210007,237.589996,235.878235,55658300
2025-01-31,247.190002,247.190002,233.440002,236.000000,234.299698,100959800
2025-02-03,229.990005,231.830002,225.699997,228.009995,226.367249,73063300
2025-02-04,227.250000,233.130005,226.649994,232.800003,231.122757,45067300
2025-02-05,228.529999,232.669998,228.270004,232.470001,230.795120,39620300
2025-02-06,231.289993,233.800003,230.429993,233.220001,231.539719,29925300
2025-02-07,232.600006,234.000000,227.259995,227.630005,225.990005,39707200
2025-02-10,229.570007,230.589996,227.199997,227.649994,226.258316,33115600
2025-02-11,228.199997,235.229996,228.130005,232.619995,231.197937,53718400
2025-02-12,231.199997,236.960007,230.679993,236.869995,235.421967,45243300
2025-02-13,236.910004,242.339996,235.570007,241.529999,240.053482,53614100
2025-02-14,241.250000,245.550003,240.990005,244.600006,243.104721,40896200
2025-02-18,244.149994,245.179993,241.839996,244.470001,242.975510,48822500
2025-02-19,244.660004,246.009995,243.160004,244.869995,243.373062,32204200
2025-02-20,244.940002,246.779999,244.289993,245.830002,244.327209,32316900
2025-02-21,245.949997,248.690002,245.220001,245.550003,244.048904,53197400
2025-02-24,244.929993,248.860001,244.419998,247.100006,245.589447,51326400
2025-02-25,248.000000,250.000000,244.910004,247.039993,245.529800,48013300
2025-02-26,244.330002,244.979996,239.130005,240.360001,238.890640,44433600
2025-02-27,239.410004,242.460007,237.059998,237.300003,235.849350,41153600
2025-02-28,236.949997,242.089996,230.199997,241.839996,240.361588,56833400
2025-03-03,241.789993,244.029999,236.110001,238.029999,236.574875,47184000
2025-03-04,237.710007,240.070007,234.679993,235.929993,234.487717,53798100
2025-03-05,235.419998,236.550003,229.229996,235.740005,234.298889,47227600
2025-03-06,234.440002,237.860001,233.160004,235.330002,233.891403,45170400
2025-03-07,235.110001,241.369995,234.759995,239.070007,237.608536,46273600
2025-03-10,235.539993,236.160004,224.220001,227.479996,226.089386,72071200
2025-03-11,223.809998,225.839996,217.449997,220.839996,219.489960,76137400
2025-03-12,220.139999,221.750000,214.910004,216.979996,215.653549,62547500
2025-03-13,215.949997,216.839996,208.419998,209.679993,208.398193,61368300
2025-03-14,211.250000,213.949997,209.580002,213.490005,212.184891,60107600
2025-03-17,213.309998,215.220001,209.970001,214.000000,212.691788,48073400
2025-03-18,214.160004,215.149994,211.490005,212.690002,211.389786,42432400
2025-03-19,214.220001,218.759995,213.750000,215.240005,213.924194,54385400
2025-03-20,213.990005,217.490005,212.220001,214.100006,212.791183,48862900
2025-03-21,211.559998,218.839996,211.279999,218.270004,216.935684,94127800
2025-03-24,221.000000,221.479996,218.580002,220.729996,219.380646,44299500
2025-03-25,220.770004,224.100006,220.080002,223.750000,222.382187,34493600
2025-03-26,223.509995,225.020004,220.470001,221.529999,220.175751,34466100
2025-03-27,221.389999,224.990005,220.559998,223.850006,222.481567,37094800
2025-03-28,221.669998,223.809998,217.679993,217.899994,216.567947,39818600
2025-03-31,217.009995,225.619995,216.229996,222.130005,220.772079,65299300
2025-04-01,219.809998,223.679993,218.899994,223.190002,221.825607,36412700
2025-04-02,221.320007,225.190002,221.020004,223.889999,222.521332,35905900
2025-04-03,205.539993,207.490005,201.250000,203.190002,201.947845,103419000
2025-04-04,193.889999,199.880005,187.339996,188.380005,187.228409,125910900
2025-04-07,177.199997,194.149994,174.619995,181.460007,180.350693,160466300
2025-04-08,186.699997,190.339996,169.210007,172.419998,171.365967,120859500
2025-04-09,171.949997,200.610001,171.889999,198.850006,197.634399,184395900
2025-04-10,189.070007,194.779999,183.000000,190.419998,189.255936,121880000
2025-04-11,186.100006,199.539993,186.059998,198.149994,196.938660,87435900
2025-04-14,211.440002,212.940002,201.160004,202.520004,201.281967,101352900
2025-04-15,201.860001,203.509995,199.800003,202.139999,200.904266,51343900
2025-04-16,198.360001,200.699997,192.369995,194.270004,193.082413,59732400
2025-04-17,197.199997,198.830002,194.419998,196.979996,195.775818,52164700
2025-04-21,193.270004,193.800003,189.809998,193.160004,191.979172,46742500
2025-04-22,196.119995,201.589996,195.970001,199.740005,198.518967,52976400
2025-04-23,206.000000,208.000000,202.800003,204.600006,203.349258,52929200
2025-04-24,204.889999,208.830002,202.940002,208.369995,207.096222,47311000
2025-04-25,206.369995,209.750000,206.199997,209.279999,208.000626,38222300
2025-04-28,210.000000,211.500000,207.460007,210.139999,208.855392,38743100
2025-04-29,208.690002,212.240005,208.369995,211.210007,209.918854,36827600
2025-04-30,209.300003,213.580002,206.669998,212.500000,211.200958,52286500
2025-05-01,209.080002,214.559998,208.899994,213.320007,212.015976,57365700
2025-05-02,206.089996,206.990005,202.160004,205.350006,204.094681,101010600
2025-05-05,203.100006,204.100006,198.210007,198.889999,197.674149,69018500
2025-05-06,198.210007,200.649994,197.020004,198.509995,197.296463,51216500
2025-05-07,199.169998,199.440002,193.250000,196.250000,195.050278,68536700
2025-05-08,197.720001,200.050003,194.679993,197.490005,196.282700,50478900
2025-05-09,199.000000,200.539993,197.539993,198.529999,197.316360,36453900
2025-05-12,210.970001,211.270004,206.750000,210.789993,209.776138,63775800
2025-05-13,210.429993,213.399994,209.000000,212.929993,211.905838,51909300
2025-05-14,212.429993,213.940002,210.580002,212.330002,211.308731,49325800
2025-05-15,210.949997,212.960007,209.539993,211.449997,210.432953,45029500
2025-05-16,212.360001,212.570007,209.770004,211.259995,210.243866,54737900
2025-05-19,207.910004,209.479996,204.259995,208.779999,207.775803,46140500
2025-05-20,207.669998,208.470001,205.029999,206.860001,205.865036,42496600
2025-05-21,205.169998,207.039993,200.710007,202.089996,201.117966,59211800
2025-05-22,200.710007,202.750000,199.699997,201.360001,200.391479,46742400
2025-05-23,193.669998,197.699997,193.460007,195.270004,194.330780,78432900
2025-05-27,198.300003,200.740005,197.429993,200.210007,199.247025,56288500
2025-05-28,200.589996,202.729996,199.899994,200.419998,199.456009,45339700
2025-05-29,203.580002,203.809998,198.509995,199.949997,198.988266,51396800
2025-05-30,199.369995,201.960007,196.779999,200.850006,199.883942,70819900
2025-06-02,200.279999,202.130005,200.119995,201.699997,200.729843,35423300
2025-06-03,201.350006,203.770004,200.960007,203.270004,202.292297,46381600
2025-06-04,202.910004,206.240005,202.100006,202.820007,201.844482,43604000
2025-06-05,203.500000,204.750000,200.149994,200.630005,199.665024,55126100
2025-06-06,203.000000,205.699997,202.050003,203.919998,202.939178,46607700
2025-06-09,204.389999,206.000000,200.020004,201.449997,200.481064,72862600
2025-06-10,200.600006,204.350006,200.570007,202.669998,201.695190,54672600
2025-06-11,203.500000,204.500000,198.410004,198.779999,197.823898,60989900
2025-06-12,199.080002,199.679993,197.360001,199.199997,198.241867,43904600
2025-06-13,199.729996,200.369995,195.699997,196.449997,195.505096,51447300
2025-06-16,197.300003,198.690002,196.559998,198.419998,197.465637,43020700
2025-06-17,197.199997,198.389999,195.210007,195.639999,194.698990,38856200
2025-06-18,195.940002,197.570007,195.070007,196.580002,195.634476,45394700
2025-06-20,198.240005,201.699997,196.860001,201.000000,200.033218,96813500
2025-06-23,201.630005,202.300003,198.960007,201.500000,200.530838,55814300
2025-06-24,202.589996,203.440002,200.199997,200.300003,199.336594,54064000
2025-06-25,201.449997,203.669998,200.619995,201.559998,200.590530,39525700
2025-06-26,201.429993,202.639999,199.460007,201.000000,200.033218,50799100
2025-06-27,201.889999,203.220001,200.000000,201.080002,200.112823,73188600
2025-06-30,202.009995,207.389999,199.259995,205.169998,204.183151,91912800
2025-07-01,206.669998,210.190002,206.139999,207.820007,206.820404,78788900
2025-07-02,208.910004,213.339996,208.139999,212.440002,211.418213,67941800
2025-07-03,212.149994,214.649994,211.809998,213.550003,212.522858,34955800
2025-07-07,212.679993,216.229996,208.800003,209.949997,208.940155,50229000
2025-07-08,210.100006,211.429993,208.449997,210.009995,208.999908,42848900
2025-07-09,209.529999,211.330002,207.220001,211.139999,210.124466,48749400
2025-07-10,210.509995,213.479996,210.029999,212.410004,211.388321,44443600
2025-07-11,210.570007,212.130005,209.860001,211.160004,210.144363,39765800
2025-07-14,209.929993,210.910004,207.539993,208.619995,207.616577,38840100
2025-07-15,209.220001,211.889999,208.919998,209.110001,208.104233,42296300
2025-07-16,210.300003,212.399994,208.639999,210.160004,209.149185,47490500
2025-07-17,210.570007,211.800003,209.589996,210.020004,209.009842,48068100
2025-07-18,210.869995,211.789993,209.699997,211.179993,210.164246,48974600
2025-07-21,212.100006,215.779999,211.630005,212.479996,211.457993,51377400
2025-07-22,213.139999,214.949997,212.229996,214.399994,213.368774,46404100
2025-07-23,215.000000,215.149994,212.410004,214.149994,213.119965,46989300
2025-07-24,213.899994,215.690002,213.529999,213.759995,212.731842,46022600
2025-07-25,214.699997,215.240005,213.399994,213.880005,212.851257,40268800
2025-07-28,214.029999,214.850006,213.059998,214.050003,213.020477,37858000
2025-07-29,214.179993,214.809998,210.820007,211.270004,210.253845,51411700
2025-07-30,211.899994,212.389999,207.720001,209.050003,208.044495,45512500
2025-07-31,208.490005,209.839996,207.160004,207.570007,206.571625,80698400
2025-08-01,210.869995,213.580002,201.500000,202.380005,201.406601,104434500
2025-08-04,204.509995,207.880005,201.679993,203.350006,202.371933,75109300
2025-08-05,203.399994,205.339996,202.160004,202.919998,201.944000,44155100
2025-08-06,205.630005,215.380005,205.589996,213.250000,212.224304,108483100
2025-08-07,218.880005,220.850006,216.580002,220.029999,218.971695,90224800
2025-08-08,220.830002,231.000000,219.250000,229.350006,228.246872,113854000
2025-08-11,227.919998,229.559998,224.759995,227.179993,226.343887,61806100
2025-08-12,228.009995,230.800003,227.070007,229.649994,228.804794,55626200
2025-08-13,231.070007,235.000000,230.429993,233.330002,232.471252,69878500
2025-08-14,234.059998,235.119995,230.850006,232.779999,231.923279,51916300
2025-08-15,234.000000,234.279999,229.339996,231.589996,230.737640,56038700
2025-08-18,231.699997,233.119995,230.110001,230.889999,230.040222,37476200
2025-08-19,231.279999,232.869995,229.350006,230.559998,229.711441,39402600
2025-08-20,229.979996,230.470001,225.770004,226.009995,225.178207,42263900
2025-08-21,226.270004,226.520004,223.779999,224.899994,224.072281,30621200
2025-08-22,226.169998,229.089996,225.410004,227.759995,226.921768,42477800
2025-08-25,226.479996,229.300003,226.229996,227.160004,226.323975,30983100
2025-08-26,226.869995,229.490005,224.690002,229.309998,228.466049,54575100
2025-08-27,228.610001,230.899994,228.259995,230.490005,229.641724,31259500
2025-08-28,230.820007,233.410004,229.339996,232.559998,231.704086,38074700
2025-08-29,232.509995,233.380005,231.369995,232.139999,231.285629,39418400
2025-09-02,229.250000,230.850006,226.970001,229.720001,228.874557,44075600
2025-09-03,237.210007,238.850006,234.360001,238.470001,237.592346,66427800
2025-09-04,238.449997,239.899994,236.740005,239.779999,238.897522,47549400
2025-09-05,240.000000,241.320007,238.490005,239.690002,238.807846,54870400
2025-09-08,239.300003,240.149994,236.339996,237.880005,237.004517,48999500
2025-09-09,237.000000,238.779999,233.360001,234.350006,233.487518,66313900
2025-09-10,232.190002,232.419998,225.949997,226.789993,225.955322,83440800
2025-09-11,226.880005,230.449997,226.649994,230.029999,229.183411,50208600
2025-09-12,229.220001,234.509995,229.020004,234.070007,233.208542,55824200
2025-09-15,237.000000,238.190002,235.029999,236.699997,235.828857,42699500
2025-09-16,237.179993,241.220001,236.320007,238.149994,237.273499,63421100
2025-09-17,238.970001,240.100006,237.729996,238.990005,238.110443,46508000
2025-09-18,239.970001,241.199997,236.649994,237.880005,237.004517,44249600
2025-09-19,241.229996,246.300003,240.210007,245.500000,244.596466,163741300
2025-09-22,248.300003,256.640015,248.119995,256.079987,255.137512,105517400
2025-09-23,255.880005,257.339996,253.580002,254.429993,253.493607,60275200
2025-09-24,255.220001,255.740005,251.039993,252.309998,251.381393,42303700
2025-09-25,253.210007,257.170013,251.710007,256.869995,255.924606,55202100
2025-09-26,254.100006,257.600006,253.779999,255.460007,254.519806,46076300
2025-09-29,254.559998,255.000000,253.009995,254.429993,253.493607,40127700
2025-09-30,254.860001,255.919998,253.110001,254.630005,253.692856,37704300
2025-10-01,255.039993,258.790009,254.929993,255.449997,254.509842,48713900
2025-10-02,256.579987,258.179993,254.149994,257.130005,256.183685,42630200
2025-10-03,254.669998,259.239990,253.949997,258.019989,257.070374,49155600
2025-10-06,257.989990,259.070007,255.050003,256.690002,255.745270,44664100
2025-10-07,256.809998,257.399994,255.429993,256.480011,255.536072,31955800
2025-10-08,256.519989,258.519989,256.109985,258.059998,257.110229,36496900
2025-10-09,257.809998,258.000000,253.139999,254.039993,253.105042,38322000
2025-10-10,254.940002,256.380005,244.000000,245.270004,244.367310,61999100
2025-10-13,249.380005,249.690002,245.559998,247.660004,246.748520,38142900
2025-10-14,246.600006,248.850006,244.699997,247.770004,246.858124,35478000
2025-10-15,249.490005,251.820007,247.470001,249.339996,248.422318,33893600
2025-10-16,248.250000,249.039993,245.130005,247.449997,246.539291,39777000
2025-10-17,248.020004,253.380005,247.270004,252.289993,251.361481,49147000
2025-10-20,255.889999,264.380005,255.630005,262.239990,261.274841,90483000
2025-10-21,261.880005,265.290009,261.829987,262.769989,261.802856,46695900
2025-10-22,262.649994,262.850006,255.429993,258.450012,257.498779,45015300
2025-10-23,259.940002,260.619995,258.010010,259.579987,258.624603,32754900
2025-10-24,261.190002,264.130005,259.179993,262.820007,261.852753,38253700
2025-10-27,264.880005,269.119995,264.649994,268.809998,267.820709,44888200
2025-10-28,268.989990,269.890015,268.149994,269.000000,268.009979,41534800
2025-10-29,269.279999,271.410004,267.109985,269.700012,268.707428,51086700
2025-10-30,271.989990,274.140015,268.480011,271.399994,270.401154,69886500
2025-10-31,276.989990,277.320007,269.160004,270.369995,269.374939,86167100
2025-11-03,270.420013,270.850006,266.250000,269.049988,268.059753,50194600
2025-11-04,268.329987,271.489990,267.619995,270.040009,269.046173,49274800
2025-11-05,268.609985,271.700012,266.929993,270.140015,269.145813,43683100
2025-11-06,267.890015,273.399994,267.890015,269.769989,268.777130,51204000
2025-11-07,269.799988,272.290009,266.769989,268.470001,267.481934,48227400
2025-11-10,268.959991,273.730011,267.459991,269.429993,268.698608,41312400
2025-11-11,269.809998,275.910004,269.799988,275.250000,274.502838,46208300
2025-11-12,275.000000,275.730011,271.700012,273.470001,272.727631,48398000
2025-11-13,274.109985,276.700012,272.089996,272.950012,272.209076,49602800
2025-11-14,271.049988,275.959991,269.600006,272.410004,271.670532,47431300
2025-11-17,268.820007,270.489990,265.730011,267.459991,266.733948,45018300
2025-11-18,269.989990,270.709991,265.320007,267.440002,266.714020,45677300
2025-11-19,265.529999,272.209991,265.500000,268.559998,267.830963,40424500
2025-11-20,270.829987,275.429993,265.920013,266.250000,265.527252,45823600
2025-11-21,265.950012,273.329987,265.670013,271.489990,270.753021,59030800
2025-11-24,270.899994,277.000000,270.899994,275.920013,275.171021,65585800
2025-11-25,275.269989,280.380005,275.250000,276.970001,276.218140,46914200
2025-11-26,276.959991,279.529999,276.630005,277.549988,276.796570,33431400
2025-11-28,277.260010,279.000000,275.989990,278.850006,278.093018,20135600
2025-12-01,278.010010,283.420013,276.140015,283.100006,282.331482,46587700
2025-12-02,283.000000,287.399994,282.630005,286.190002,285.413116,53669500
2025-12-03,286.200012,288.619995,283.299988,284.149994,283.378662,43538700
2025-12-04,284.100006,284.730011,278.589996,280.700012,279.938049,43989100
2025-12-05,280.540009,281.140015,278.049988,278.779999,278.023254,47265800
2025-12-08,278.130005,279.670013,276.149994,277.890015,277.135651,38211800
2025-12-09,278.160004,280.029999,276.920013,277.179993,276.427582,32193300
2025-12-10,277.750000,279.750000,276.440002,278.779999,278.023254,33038300
2025-12-11,279.100006,279.589996,273.809998,278.029999,277.275238,33248000
2025-12-12,277.899994,279.220001,276.820007,278.279999,277.524597,39532900
2025-12-15,280.149994,280.149994,272.839996,274.109985,273.365875,50409100
2025-12-16,272.820007,275.500000,271.790009,274.609985,273.864532,37648600
2025-12-17,275.010010,276.160004,271.640015,271.839996,271.102051,50138700
2025-12-18,273.609985,273.630005,266.950012,272.190002,271.451111,51630700
2025-12-19,272.149994,274.600006,269.899994,273.670013,272.927124,144632000
2025-12-22,272.859985,273.880005,270.510010,270.970001,270.234467,36571800
2025-12-23,270.839996,272.500000,269.559998,272.359985,271.620667,29642000
2025-12-24,272.339996,275.429993,272.200012,273.809998,273.066742,17910600
2025-12-26,274.160004,275.369995,272.859985,273.399994,272.657806,21521800
2025-12-29,272.690002,274.359985,272.350006,273.760010,273.016876,23715200
2025-12-30,272.809998,274.079987,272.279999,273.079987,272.338684,22139600
2025-12-31,273.059998,273.679993,271.750000,271.859985,271.122009,27293600
2026-01-02,272.260010,277.839996,269.000000,271.010010,270.274323,37838100
2026-01-05,270.640015,271.510010,266.140015,267.260010,266.534515,45647200
2026-01-06,267.000000,267.549988,262.119995,262.359985,261.647797,52352100
2026-01-07,263.200012,263.679993,259.809998,260.329987,259.623291,48309800
2026-01-08,257.019989,259.290009,255.699997,259.040009,258.336853,50419300
2026-01-09,259.079987,260.209991,256.220001,259.369995,258.665924,39997000
2026-01-12,259.160004,261.299988,256.799988,260.250000,259.543518,45263800
2026-01-13,258.720001,261.809998,258.390015,261.049988,260.341339,45730800
2026-01-14,259.489990,261.820007,256.709991,259.959991,259.254333,40019400
2026-01-15,260.649994,261.040009,257.049988,258.209991,257.509064,39388600
2026-01-16,257.899994,258.899994,254.929993,255.529999,254.836349,72142800
2026-01-20,252.729996,254.789993,243.419998,246.699997,246.030319,80267500
2026-01-21,248.699997,251.559998,245.179993,247.649994,246.977753,54641700
2026-01-22,249.199997,251.000000,248.149994,248.350006,247.675842,39708300
2026-01-23,247.320007,249.410004,244.679993,248.039993,247.366684,41689000
2026-01-26,251.479996,256.559998,249.800003,255.410004,254.716675,55969200
2026-01-27,259.170013,261.950012,258.209991,258.269989,257.568878,49648300
2026-01-28,257.649994,258.859985,254.509995,256.440002,255.743881,41288000
2026-01-29,258.000000,259.649994,254.410004,258.279999,257.578888,67253000
2026-01-30,255.169998,261.899994,252.179993,259.480011,258.775635,92443400
2026-02-02,260.029999,270.489990,259.209991,270.010010,269.277069,73913400
2026-02-03,269.200012,271.880005,267.609985,269.480011,268.748505,64394700
2026-02-04,272.290009,278.950012,272.290009,276.489990,275.739441,90545700
2026-02-05,278.130005,279.500000,273.230011,275.910004,275.161011,52977400
2026-02-06,277.119995,280.910004,276.929993,278.119995,277.365021,50453400
2026-02-09,277.910004,278.200012,271.700012,274.619995,274.130798,44623400
2026-02-10,274.890015,275.369995,272.940002,273.679993,273.192444,34376900
2026-02-11,274.700012,280.179993,274.450012,275.500000,275.009216,51931300
2026-02-12,275.589996,275.720001,260.179993,261.730011,261.263763,81077200
2026-02-13,262.010010,262.230011,255.449997,255.779999,255.324356,56290700
2026-02-17,258.049988,266.290009,255.539993,263.880005,263.409943,58469100
2026-02-18,263.600006,266.820007,262.450012,264.350006,263.879120,34203300
2026-02-19,262.600006,264.480011,260.049988,260.579987,260.115784,30845300
2026-02-20,258.970001,264.750000,258.160004,264.579987,264.108673,42070500
2026-02-23,263.489990,269.429993,263.380005,266.179993,265.705811,37308200
2026-02-24,267.859985,274.890015,267.709991,272.140015,271.655243,47014600
2026-02-25,271.779999,274.940002,271.049988,274.230011,273.741516,33714300
2026-02-26,274.950012,276.109985,270.799988,272.950012,272.463776,32345100
2026-02-27,272.809998,272.809998,262.890015,264.179993,263.709412,72366500
2026-03-02,262.410004,266.529999,260.200012,264.720001,264.248413,41827900
2026-03-03,263.480011,265.559998,260.130005,263.750000,263.280182,38568900
2026-03-04,264.649994,266.149994,261.420013,262.519989,262.052338,39803100
2026-03-05,260.790009,261.559998,257.250000,260.290009,259.826324,49658600
2026-03-06,258.630005,258.769989,254.369995,257.459991,257.001343,41120000
2026-03-09,255.690002,261.149994,253.679993,259.880005,259.417053,38218500
2026-03-10,257.649994,262.480011,256.950012,260.829987,260.365356,30590800
2026-03-11,261.089996,262.130005,259.549988,260.809998,260.345398,26218900
2026-03-12,258.660004,258.950012,254.179993,255.759995,255.304398,40794000
2026-03-13,255.479996,256.329987,249.520004,250.119995,249.674438,36930000
2026-03-16,252.110001,253.889999,249.880005,252.820007,252.369644,32074200
2026-03-17,252.960007,255.130005,252.179993,254.229996,253.777115,32361600
2026-03-18,252.630005,254.940002,249.000000,249.940002,249.494766,35757900
2026-03-19,249.399994,251.830002,247.300003,248.960007,248.516525,34864100
2026-03-20,247.979996,249.199997,246.000000,247.990005,247.548233,88331100
2026-03-23,253.970001,254.600006,250.279999,251.490005,251.042007,40546100
2026-03-24,250.350006,254.830002,249.550003,251.639999,251.191727,45152300
2026-03-25,254.100006,255.000000,251.600006,252.619995,252.169983,28476700
2026-03-26,252.119995,257.000000,250.770004,252.889999,252.439514,41796700
2026-03-27,253.899994,255.490005,248.070007,248.800003,248.356796,47900000
2026-03-30,250.070007,250.869995,245.509995,246.630005,246.190659,39446200
2026-03-31,247.910004,255.479996,247.100006,253.789993,253.337906,49598100
2026-04-01,254.080002,256.179993,253.330002,255.630005,255.174637,40059400
2026-04-02,254.199997,256.130005,250.649994,255.919998,255.464111,31289400
2026-04-06,256.510010,262.160004,256.459991,258.859985,258.398865,29329900
2026-04-07,256.160004,256.200012,245.699997,253.500000,253.048416,62148000
2026-04-08,258.450012,259.750000,256.529999,258.899994,258.438812,41032800
2026-04-09,259.000000,261.119995,256.070007,260.489990,260.025970,28121600
2026-04-10,259.980011,262.190002,259.019989,260.480011,260.015991,31291500
2026-04-13,259.730011,260.179993,256.660004,259.200012,258.738281,36234700
2026-04-14,259.250000,261.929993,257.190002,258.829987,258.368927,48370700
2026-04-15,258.160004,266.559998,257.809998,266.429993,265.955383,49913500
2026-04-16,266.799988,267.160004,261.269989,263.399994,262.930786,43323100
2026-04-17,266.959991,272.299988,266.720001,270.230011,269.748627,61436200
2026-04-20,270.329987,274.279999,270.290009,273.049988,272.563568,36590200
2026-04-21,271.500000,272.799988,265.399994,266.170013,265.695862,50209800
2026-04-22,267.820007,273.739990,266.869995,273.170013,272.683411,43249200
2026-04-23,275.049988,275.769989,271.649994,273.429993,272.942902,33399600
2026-04-24,272.760010,273.059998,269.649994,271.059998,270.577118,38157100
2026-04-27,266.089996,268.359985,265.070007,267.609985,267.133270,41466800
2026-04-28,272.339996,273.230011,268.660004,270.709991,270.227753,40018900
2026-04-29,267.549988,271.040009,267.040009,270.170013,269.688721,30047900
2026-04-30,270.500000,276.000000,268.140015,271.350006,270.866638,91848200
2026-05-01,278.859985,287.220001,278.369995,280.140015,279.640991,79915400
2026-05-04,279.660004,280.630005,274.859985,276.829987,276.336823,46668400
2026-05-05,276.929993,284.570007,276.500000,284.179993,283.673767,49311700
2026-05-06,281.920013,288.029999,281.070007,287.510010,286.997864,58336100
2026-05-07,289.269989,292.130005,285.779999,287.440002,286.927979,45224300
2026-05-08,290.010010,294.760010,290.000000,293.320007,292.797485,52692800
2026-05-11,291.980011,293.880005,290.230011,292.679993,292.427795,42247300
2026-05-12,292.559998,295.269989,292.559998,294.799988,294.545959,45748100
2026-05-13,293.500000,300.920013,293.500000,298.869995,298.612457,52684300
2026-05-14,299.820007,300.450012,295.380005,298.209991,297.953033,35324900
2026-05-15,297.899994,303.200012,296.519989,300.230011,299.971313,54862800
2026-05-18,300.239990,300.660004,294.910004,297.839996,297.583344,34483000
2026-05-19,296.970001,300.510010,296.350006,298.970001,298.712372,42243600
2026-05-20,298.179993,302.799988,298.079987,302.250000,301.989563,38229800
2026-05-21,301.059998,305.540009,300.399994,304.989990,304.727173,42965100
2026-05-22,306.119995,311.399994,305.839996,308.820007,308.553894,43670200
2026-05-26,309.559998,311.820007,307.670013,308.329987,308.064301,48000500
2026-05-27,308.329987,313.260010,308.299988,310.850006,310.582153,50430900
2026-05-28,310.679993,312.799988,309.570007,312.510010,312.240723,48220400
2026-05-29,311.779999,315.000000,309.529999,312.059998,311.791107,70026800
2026-06-01,309.630005,310.940002,305.019989,306.309998,306.046051,48849900
2026-06-02,307.459991,315.450012,306.690002,315.200012,314.928406,44534700
2026-06-03,314.179993,316.940002,308.850006,310.260010,309.992645,50836700
2026-06-04,313.230011,313.540009,309.649994,311.230011,310.961823,44869100
2026-06-05,312.859985,315.170013,307.149994,307.339996,307.075165,65310500
2026-06-08,308.739990,317.399994,301.170013,301.540009,301.280182,77949100
2026-06-09,300.279999,300.750000,287.779999,290.549988,290.299622,70108800
2026-06-10,290.739990,294.750000,287.380005,291.579987,291.328735,52793300
2026-06-11,293.720001,297.000000,289.589996,295.630005,295.375244,42572500
2026-06-12,296.029999,297.140015,289.619995,291.130005,290.879150,38742100
2026-06-15,294.119995,297.779999,291.700012,296.420013,296.164581,45732600
2026-06-16,295.250000,300.480011,293.970001,299.239990,298.982147,39874400
2026-06-17,300.850006,302.070007,294.359985,295.950012,295.694977,42745100
2026-06-18,298.109985,300.570007,295.619995,298.010010,297.753204,85962200
2026-06-22,297.309998,302.420013,296.760010,297.010010,296.754089,44879900
2026-06-23,297.540009,301.640015,294.179993,294.299988,294.046387,52010900
2026-06-24,295.359985,299.700012,292.940002,293.079987,292.827423,53081900
2026-06-25,287.399994,288.799988,273.750000,275.149994,274.912903,107013700
2026-06-26,275.000000,285.950012,274.209991,283.779999,283.535461,261775500
2026-06-29,286.730011,288.369995,279.850006,281.739990,281.497223,66427000
2026-06-30,281.170013,289.940002,280.700012,289.359985,289.110657,65100200
2026-07-01,293.440002,296.589996,289.200012,294.380005,294.126343,50164200
2026-07-02,294.119995,309.420013,293.679993,308.630005,308.364044,75352800
2026-07-06,307.359985,314.200012,307.000000,312.660004,312.390594,53590000
2026-07-07,315.290009,315.480011,310.149994,310.660004,310.392303,42490000
2026-07-08,311.910004,314.820007,307.049988,313.390015,313.119965,41323500
2026-07-09,310.510010,316.529999,308.160004,316.220001,315.947510,48124500
2026-07-10,314.720001,316.910004,312.170013,315.320007,315.048309,34132300
2026-07-13,317.019989,323.450012,315.779999,317.309998,317.036560,43257800
2026-07-14,313.760010,316.190002,311.910004,314.859985,314.588684,36336800
2026-07-15,317.619995,328.730011,317.320007,327.500000,327.217804,60957600
2026-07-16,328.010010,334.679993,326.790009,333.260010,332.972839,62970600
2026-07-17,331.980011,334.989990,329.000000,333.739990,333.452393,63407100
2026-07-20,333.510010,333.709991,323.679993,326.589996,326.308563,53468000
2026-07-21,323.130005,329.600006,322.220001,327.739990,327.457581,41338900
2026-07-22,327.869995,329.000000,323.339996,325.890015,325.609192,38755900
2026-07-23,321.730011,323.299988,319.350006,321.660004,321.382843,40840800
2026-07-24,321.790009,334.369995,321.619995,333.019989,332.733032,47489400
2026-07-27,334.540009,339.570007,334.019989,336.910004,336.619690,49604300
2026-07-28,340.029999,342.890015,335.600006,340.079987,339.786926,51859000
2026-07-29,339.730011,344.570007,337.350006,338.190002,337.898590,56090800
2026-07-30,333.100006,334.750000,329.589996,333.429993,333.142670,74817800
2026-07-31,304.809998,310.690002,300.000000,308.910004,308.643829,132489100
2026-08-03,309.579987,311.799988,302.559998,303.420013,303.158569,75052000
2026-08-04,302.730011,310.420013,301.320007,309.380005,309.113403,68001000
2026-08-05,309.359985,311.709991,305.670013,311.000000,310.732025,49438800
2026-08-06,314.339996,316.290009,309.230011,312.410004,312.140808,46139900
2026-08-07,311.450012,314.809998,310.739990,313.329987,313.059998,34437200
2026-08-10,306.829987,308.260010,304.609985,308.260010,308.260010,44812500
2026-08-11,307.750000,309.970001,302.790009,304.910004,304.910004,37476700
2026-08-12,305.100006,305.660004,300.570007,302.250000,302.250000,41657800
2026-08-13,304.209991,306.000000,302.049988,305.260010,305.260010,40349300
2026-08-14,306.000000,307.489990,304.299988,305.929993,305.929993,28229400
2026-08-17,306.209991,307.660004,302.940002,305.589996,305.589996,38169300
2026-08-18,307.579987,311.489990,305.739990,310.029999,310.029999,53424500
2026-08-19,310.140015,319.279999,309.600006,316.829987,316.829987,50505600
2026-08-20,317.459991,320.279999,310.649994,311.299988,311.299988,40959200
2026-08-21,312.049988,312.380005,307.010010,309.350006,309.350006,46768100
