Date,Open,High,Low,Close,Adj Close,Volume
2016-08-22,43.939999,43.950001,43.730000,43.740002,32.011093,8687500
2016-08-23,43.849998,43.980000,43.740002,43.849998,32.091599,8421100
2016-08-24,43.820000,43.939999,43.660000,43.849998,32.091599,11508900
2016-08-25,43.849998,43.939999,43.630001,43.669998,31.959862,9815700
2016-08-26,43.720001,43.919998,43.310001,43.320000,31.703714,11824900
2016-08-29,43.340000,43.610001,43.330002,43.540001,31.864723,9544600
2016-08-30,43.459999,43.529999,43.119999,43.240002,31.645172,9720100
2016-08-31,43.430000,43.459999,43.080002,43.430000,31.784224,10217900
2016-09-01,43.209999,43.410000,43.200001,43.349998,31.725679,8457800
2016-09-02,43.520000,43.830002,43.470001,43.660000,31.952551,9026000
2016-09-06,43.740002,43.799999,43.400002,43.790001,32.047695,8600400
2016-09-07,43.720001,43.799999,43.529999,43.639999,31.937904,8656600
2016-09-08,43.669998,43.730000,43.450001,43.630001,31.930595,10020400
2016-09-09,43.430000,43.430000,42.270000,42.270000,30.935274,23624200
2016-09-12,42.360001,43.230000,42.340000,43.189999,31.608583,15932300
2016-09-13,42.770000,42.770000,42.209999,42.279999,31.195400,12962700
2016-09-14,42.270000,42.410000,41.990002,42.110001,31.069950,9823900
2016-09-15,42.009998,42.389999,41.880001,42.360001,31.254425,10158500
2016-09-16,42.169998,42.259998,41.970001,42.139999,31.092098,16354000
2016-09-19,42.160000,42.369999,42.080002,42.099998,31.062582,7659900
2016-09-20,42.310001,42.529999,42.240002,42.340000,31.239662,8407200
2016-09-21,42.279999,42.610001,42.099998,42.529999,31.379850,13654700
2016-09-22,42.709999,43.009998,42.689999,42.959999,31.697124,9288300
2016-09-23,42.810001,42.939999,42.650002,42.740002,31.534796,8852700
2016-09-26,42.709999,42.720001,42.009998,42.049999,31.025682,15036000
2016-09-27,42.189999,42.630001,42.000000,42.590000,31.424120,11920400
2016-09-28,42.630001,42.759998,42.029999,42.150002,31.099478,15523800
2016-09-29,42.020000,42.389999,41.849998,42.029999,31.010921,12671700
2016-09-30,42.209999,42.500000,42.060001,42.320000,31.224897,14375700
2016-10-03,42.310001,42.310001,41.889999,42.029999,31.010921,11152800
2016-10-04,42.340000,42.340000,41.779999,41.840000,30.870741,13682700
2016-10-05,41.930000,42.070000,41.669998,41.810001,30.848619,9607300
2016-10-06,41.680000,41.939999,41.580002,41.709999,30.774834,9722900
2016-10-07,41.830002,41.939999,41.570000,41.730000,30.789583,8122800
2016-10-10,41.919998,41.990002,41.599998,41.730000,30.789583,8983600
2016-10-11,41.660000,41.700001,41.400002,41.540001,30.649410,12249100
2016-10-12,41.630001,41.840000,41.500000,41.779999,30.826477,12216300
2016-10-13,41.650002,41.889999,41.509998,41.759998,30.811718,17655600
2016-10-14,41.849998,41.910000,41.619999,41.669998,30.745310,9893800
2016-10-17,41.730000,41.860001,41.570000,41.599998,30.693668,10792500
2016-10-18,41.810001,42.000000,41.730000,41.970001,30.966660,11297300
2016-10-19,41.930000,42.119999,41.810001,42.049999,31.025682,16367400
2016-10-20,41.970001,42.110001,41.889999,41.930000,30.937155,10620500
2016-10-21,41.849998,42.169998,41.680000,42.130001,31.084719,14401500
2016-10-24,42.320000,42.770000,42.250000,42.560001,31.401985,13439200
2016-10-25,42.639999,42.880001,42.430000,42.540001,31.387226,16484700
2016-10-26,43.000000,43.029999,42.410000,42.439999,31.313448,16886200
2016-10-27,42.630001,42.650002,41.900002,42.119999,31.077339,14537000
2016-10-28,42.259998,42.470001,42.099998,42.230000,31.158489,13398400
2016-10-31,42.119999,42.410000,42.119999,42.400002,31.283937,13327500
2016-11-01,42.400002,42.430000,41.910000,42.119999,31.077339,12223400
2016-11-02,42.099998,42.340000,42.009998,42.049999,31.025682,12034300
2016-11-03,42.220001,42.220001,41.959999,42.029999,31.010921,11258000
2016-11-04,41.849998,42.040001,41.689999,41.689999,30.760077,14464200
2016-11-07,42.040001,42.500000,42.040001,42.459999,31.328203,14038500
2016-11-08,42.369999,42.980000,42.369999,42.880001,31.638084,12036600
2016-11-09,41.759998,42.320000,41.700001,42.270000,31.188011,21351000
2016-11-10,41.860001,42.259998,40.849998,40.939999,30.206701,33245500
2016-11-11,40.950001,41.130001,40.630001,41.029999,30.273108,13421000
2016-11-14,41.130001,41.419998,40.849998,41.169998,30.376402,19514200
2016-11-15,41.180000,41.520000,41.169998,41.439999,30.575617,16554000
2016-11-16,41.400002,41.650002,41.160000,41.259998,30.442816,12681400
2016-11-17,41.279999,41.299999,41.000000,41.119999,30.339504,12398800
2016-11-18,41.029999,41.200001,40.900002,40.910000,30.184563,16345300
2016-11-21,40.910000,41.360001,40.730000,41.360001,30.516594,12307000
2016-11-22,41.450001,41.700001,41.240002,41.369999,30.523960,12743500
2016-11-23,41.220001,41.310001,41.029999,41.119999,30.339504,9281300
2016-11-25,41.389999,41.580002,41.240002,41.529999,30.642017,7402300
2016-11-28,41.509998,41.790001,41.270000,41.750000,30.804344,19424400
2016-11-29,41.520000,41.520000,41.139999,41.150002,30.618324,11421900
2016-11-30,41.000000,41.200001,40.349998,40.349998,30.023073,22410400
2016-12-01,40.310001,40.389999,39.880001,40.169998,29.889147,20409900
2016-12-02,40.299999,40.490002,40.189999,40.360001,30.030523,11176300
2016-12-05,40.340000,40.689999,40.310001,40.619999,30.223972,15977800
2016-12-06,40.750000,40.770000,40.419998,40.570000,30.186775,11303500
2016-12-07,40.540001,41.290001,40.509998,41.290001,30.722494,13726500
2016-12-08,41.070000,41.209999,40.849998,40.980000,30.491846,13077100
2016-12-09,41.500000,42.220001,41.290001,42.000000,31.250788,28125800
2016-12-12,42.000000,42.009998,41.720001,41.900002,31.176371,17561900
2016-12-13,41.720001,41.959999,41.540001,41.759998,31.072205,18986000
2016-12-14,41.889999,41.990002,41.060001,41.209999,30.662971,17937900
2016-12-15,41.099998,41.810001,41.099998,41.549999,30.915947,14265300
2016-12-16,41.610001,41.759998,41.480000,41.740002,31.057318,19675200
2016-12-19,41.689999,41.799999,41.580002,41.669998,31.005232,8687300
2016-12-20,41.700001,41.720001,41.439999,41.660000,30.997793,10603500
2016-12-21,41.599998,41.830002,41.520000,41.570000,30.930840,9693600
2016-12-22,41.570000,41.619999,41.080002,41.549999,30.915947,11894100
2016-12-23,41.619999,41.689999,41.349998,41.599998,30.953156,6436600
2016-12-27,41.560001,41.759998,41.540001,41.610001,30.960608,6999200
2016-12-28,41.490002,41.669998,41.389999,41.389999,30.796906,8988000
2016-12-29,41.380001,41.689999,41.380001,41.599998,30.953156,6875300
2016-12-30,41.689999,41.840000,41.349998,41.459999,30.848991,11470200
2017-01-03,41.500000,41.810001,41.279999,41.799999,31.101965,14711000
2017-01-04,41.880001,41.970001,41.590000,41.650002,30.990351,9959400
2017-01-05,41.660000,41.860001,41.529999,41.750000,31.064774,8968300
2017-01-06,41.700001,41.810001,41.540001,41.740002,31.057318,10246600
2017-01-09,41.230000,41.580002,41.209999,41.320000,30.744812,14822500
2017-01-10,41.439999,41.439999,40.860001,41.040001,30.536482,19706800
2017-01-11,40.849998,41.119999,40.830002,41.049999,30.543919,9266200
2017-01-12,41.009998,41.040001,40.799999,40.950001,30.469517,8541200
2017-01-13,41.000000,41.040001,40.689999,40.880001,30.417433,8123500
2017-01-17,40.840000,41.299999,40.799999,41.220001,30.670425,12469400
2017-01-18,41.250000,41.380001,41.139999,41.290001,30.722494,10390500
2017-01-19,41.139999,41.290001,41.029999,41.139999,30.610882,10987100
2017-01-20,41.270000,41.439999,41.130001,41.320000,30.744812,14695400
2017-01-23,41.310001,41.500000,41.209999,41.430000,30.826664,11628900
2017-01-24,41.470001,41.970001,41.470001,41.900002,31.176371,17040100
2017-01-25,41.939999,42.250000,41.900002,42.119999,31.340067,12538200
2017-01-26,42.029999,42.110001,41.790001,41.810001,31.109415,8976800
2017-01-27,41.910000,41.950001,41.419998,41.450001,30.841545,12967400
2017-01-30,41.299999,41.480000,41.209999,41.380001,30.789461,11626200
2017-01-31,41.389999,41.689999,41.360001,41.570000,30.930840,12678000
2017-02-01,41.520000,41.660000,41.250000,41.259998,30.700178,11136100
2017-02-02,41.410000,41.490002,41.250000,41.400002,30.804340,9459700
2017-02-03,41.580002,41.790001,41.459999,41.540001,30.908512,11882400
2017-02-06,41.529999,41.669998,41.400002,41.560001,30.923399,15742800
2017-02-07,41.700001,41.980000,41.669998,41.900002,31.176371,13315200
2017-02-08,41.910000,42.150002,41.840000,42.020000,31.265663,14219700
2017-02-09,42.020000,42.020000,40.720001,41.250000,30.692738,27240300
2017-02-10,41.020000,41.200001,40.549999,40.580002,30.194212,28847300
2017-02-13,40.770000,40.830002,40.500000,40.619999,30.223972,23617100
2017-02-14,40.380001,40.599998,40.220001,40.529999,30.157009,32177800
2017-02-15,40.419998,40.630001,40.400002,40.439999,30.090036,26600800
2017-02-16,40.549999,41.279999,40.500000,41.200001,30.655525,22214800
2017-02-17,41.130001,41.360001,41.049999,41.230000,30.677853,15065100
2017-02-21,41.200001,41.500000,41.200001,41.459999,30.848991,17072600
2017-02-22,41.509998,41.680000,41.400002,41.599998,30.953156,11186800
2017-02-23,41.669998,42.000000,41.619999,41.660000,30.997793,12856800
2017-02-24,41.700001,41.910000,41.599998,41.779999,31.087091,13215300
2017-02-27,41.750000,41.750000,41.590000,41.669998,31.005232,12186400
2017-02-28,41.680000,42.070000,41.639999,41.959999,31.221025,15946800
2017-03-01,42.009998,42.349998,41.880001,42.160000,31.369843,14662000
2017-03-02,42.080002,42.560001,42.070000,42.470001,31.600496,15507600
2017-03-03,42.470001,42.490002,42.250000,42.480000,31.607937,11740000
2017-03-06,42.340000,42.430000,42.119999,42.180000,31.384712,16307800
2017-03-07,42.000000,42.240002,41.950001,41.990002,31.243347,11273700
2017-03-08,42.000000,42.029999,41.740002,41.990002,31.243347,14636000
2017-03-09,42.090000,42.110001,41.919998,42.029999,31.273096,14496400
2017-03-10,42.230000,42.400002,42.150002,42.290001,31.466560,16369700
2017-03-13,41.919998,42.119999,41.840000,42.029999,31.549137,12831500
2017-03-14,41.980000,42.099998,41.830002,41.970001,31.504091,9844500
2017-03-15,41.980000,42.279999,41.970001,42.119999,31.616686,22757800
2017-03-16,42.029999,42.389999,41.900002,42.250000,31.714272,16004200
2017-03-17,42.279999,42.349998,42.009998,42.029999,31.549137,37526500
2017-03-20,42.099998,42.340000,42.070000,42.180000,31.661732,11484200
2017-03-21,42.310001,42.630001,42.209999,42.500000,31.901930,17187300
2017-03-22,42.560001,42.700001,42.250000,42.380001,31.811871,11605500
2017-03-23,42.209999,42.389999,42.060001,42.169998,31.654221,11503300
2017-03-24,42.230000,42.250000,41.910000,42.119999,31.616686,13804400
2017-03-27,42.110001,42.340000,42.049999,42.320000,31.766817,12387400
2017-03-28,42.240002,42.560001,42.240002,42.430000,31.849392,14123800
2017-03-29,42.509998,42.529999,42.290001,42.419998,31.841883,9580100
2017-03-30,42.349998,42.619999,42.259998,42.599998,31.976999,11999900
2017-03-31,42.549999,42.650002,42.430000,42.439999,31.856882,11551800
2017-04-03,42.580002,42.630001,42.270000,42.410000,31.834381,11240000
2017-04-04,42.509998,42.689999,42.369999,42.680000,32.037048,10946200
2017-04-05,42.650002,42.860001,42.529999,42.570000,31.954481,10142800
2017-04-06,42.580002,42.759998,42.470001,42.669998,32.029533,14597800
2017-04-07,42.639999,42.740002,42.509998,42.610001,31.984516,11028800
2017-04-10,42.730000,42.799999,42.560001,42.689999,32.044544,9426900
2017-04-11,42.680000,42.750000,42.520000,42.660000,32.022030,8909400
2017-04-12,42.540001,42.990002,42.509998,42.939999,32.232208,13417200
2017-04-13,42.869999,43.080002,42.779999,42.790001,32.119614,9891900
2017-04-17,42.790001,43.070000,42.779999,43.070000,32.329788,11318100
2017-04-18,43.110001,43.590000,43.090000,43.480000,32.637550,13181600
2017-04-19,43.740002,43.790001,43.189999,43.230000,32.449898,13893100
2017-04-20,43.200001,43.299999,43.049999,43.090000,32.344803,10838300
2017-04-21,42.980000,43.099998,42.889999,43.070000,32.329788,13833800
2017-04-24,43.240002,43.430000,43.150002,43.279999,32.487427,16703800
2017-04-25,42.849998,43.430000,42.820000,43.110001,32.359806,18745100
2017-04-26,43.060001,43.430000,42.980000,43.240002,32.457401,13626600
2017-04-27,43.169998,43.279999,42.919998,43.009998,32.284748,10386200
2017-04-28,42.959999,43.200001,42.849998,43.150002,32.389839,10337800
2017-05-01,43.150002,43.500000,43.099998,43.220001,32.442394,13208200
2017-05-02,43.220001,43.439999,43.160000,43.389999,32.569984,11823900
2017-05-03,43.330002,43.490002,43.150002,43.320000,32.517445,10389000
2017-05-04,43.419998,43.810001,43.400002,43.660000,32.772667,10193100
2017-05-05,43.790001,43.840000,43.560001,43.689999,32.795166,8133000
2017-05-08,43.590000,43.910000,43.540001,43.889999,32.945309,14284300
2017-05-09,43.889999,43.889999,43.380001,43.509998,32.660069,8694400
2017-05-10,43.480000,43.619999,43.360001,43.570000,32.705101,7597700
2017-05-11,43.490002,43.680000,43.430000,43.669998,32.780174,6860100
2017-05-12,43.639999,43.680000,43.459999,43.590000,32.720123,7275800
2017-05-15,43.459999,43.759998,43.459999,43.730000,32.825211,8493000
2017-05-16,43.869999,44.110001,43.770000,43.849998,32.915279,10454100
2017-05-17,43.849998,44.169998,43.709999,43.930000,32.975334,14538800
2017-05-18,43.869999,43.959999,43.639999,43.799999,32.877766,13832200
2017-05-19,43.849998,44.000000,43.759998,43.900002,32.952816,11796800
2017-05-22,43.889999,44.220001,43.810001,44.180000,33.162998,12857900
2017-05-23,44.250000,44.599998,44.209999,44.389999,33.320629,11996100
2017-05-24,44.509998,45.090000,44.509998,45.029999,33.801025,12738300
2017-05-25,45.000000,45.480000,44.970001,45.410000,34.086281,16704200
2017-05-26,45.349998,45.560001,45.330002,45.389999,34.071262,11341400
2017-05-30,45.160000,45.459999,45.110001,45.430000,34.101288,13093500
2017-05-31,45.430000,45.700001,45.369999,45.470001,34.131313,14148000
2017-06-01,45.450001,45.790001,45.230000,45.790001,34.371529,11049300
2017-06-02,45.830002,45.889999,45.610001,45.889999,34.446571,9923700
2017-06-05,45.779999,45.990002,45.689999,45.990002,34.521637,10015200
2017-06-06,45.900002,46.060001,45.779999,45.980000,34.514141,9836700
2017-06-07,45.500000,45.700001,45.349998,45.509998,34.161339,12776300
2017-06-08,45.509998,45.509998,45.029999,45.130001,33.876095,12879000
2017-06-09,45.060001,45.349998,44.970001,45.320000,34.018715,9358800
2017-06-12,45.320000,45.480000,45.200001,45.330002,34.026226,11228500
2017-06-13,45.000000,45.110001,44.799999,45.029999,34.079189,10023400
2017-06-14,45.180000,45.470001,45.160000,45.299999,34.283531,11497500
2017-06-15,45.180000,45.340000,45.040001,45.250000,34.245689,9908700
2017-06-16,45.310001,45.349998,45.009998,45.310001,34.291119,27025300
2017-06-19,45.349998,45.380001,45.099998,45.380001,34.344090,7624700
2017-06-20,45.349998,45.869999,45.320000,45.610001,34.518154,14920900
2017-06-21,45.619999,45.680000,45.169998,45.220001,34.222992,9515800
2017-06-22,45.169998,45.279999,45.029999,45.070000,34.109474,7446300
2017-06-23,45.049999,45.380001,45.029999,45.250000,34.245689,9544800
2017-06-26,45.320000,45.509998,45.299999,45.430000,34.381927,7747100
2017-06-27,45.340000,45.400002,45.000000,45.049999,34.094326,11432200
2017-06-28,45.250000,45.500000,45.230000,45.320000,34.298676,9218800
2017-06-29,45.130001,45.240002,44.650002,44.830002,33.927837,9283500
2017-06-30,44.889999,45.119999,44.849998,44.849998,33.942978,9352800
2017-07-03,45.110001,45.270000,44.759998,44.759998,33.874859,6434500
2017-07-05,44.790001,44.990002,44.730000,44.820000,33.920269,6853600
2017-07-06,44.720001,44.849998,44.290001,44.400002,33.602417,13113000
2017-07-07,44.470001,44.520000,44.240002,44.389999,33.594841,9566000
2017-07-10,44.450001,44.580002,44.230000,44.380001,33.587261,9672000
2017-07-11,44.320000,44.480000,44.150002,44.330002,33.549431,10300700
2017-07-12,44.590000,44.770000,44.439999,44.509998,33.685661,7737400
2017-07-13,44.490002,44.529999,44.369999,44.430000,33.625114,6371900
2017-07-14,44.520000,44.720001,44.500000,44.680000,33.814308,8558700
2017-07-17,44.660000,44.790001,44.610001,44.730000,33.852161,7189200
2017-07-18,44.779999,44.849998,44.619999,44.669998,33.806755,9037200
2017-07-19,44.669998,44.840000,44.549999,44.830002,33.927837,6986900
2017-07-20,44.900002,44.980000,44.750000,44.820000,33.920269,7430300
2017-07-21,44.779999,45.070000,44.669998,45.029999,34.079189,8545600
2017-07-24,45.040001,45.049999,44.830002,44.840000,33.935406,9103600
2017-07-25,45.020000,45.290001,44.939999,45.240002,34.238132,14096300
2017-07-26,44.549999,45.790001,44.310001,45.740002,34.616535,13608900
2017-07-27,45.799999,46.430000,45.700001,46.119999,34.904133,15195200
2017-07-28,46.000000,46.119999,45.730000,46.009998,34.820873,11945300
2017-07-31,46.000000,46.080002,45.790001,45.840000,34.692219,13622900
2017-08-01,45.970001,46.060001,45.650002,45.700001,34.586262,10306800
2017-08-02,45.599998,46.000000,45.380001,45.590000,34.503010,10187900
2017-08-03,45.650002,45.950001,45.630001,45.669998,34.563549,14261400
2017-08-04,45.669998,45.759998,45.470001,45.500000,34.434898,9523600
2017-08-07,45.520000,45.759998,45.500000,45.639999,34.540855,6226300
2017-08-08,45.639999,45.820000,45.549999,45.599998,34.510574,5747900
2017-08-09,45.560001,45.660000,45.330002,45.590000,34.503010,9635300
2017-08-10,45.560001,45.840000,45.459999,45.740002,34.616535,8901600
2017-08-11,45.860001,45.900002,45.570000,45.590000,34.503010,8357600
2017-08-14,45.669998,45.939999,45.619999,45.799999,34.661953,8421200
2017-08-15,45.799999,46.250000,45.799999,46.189999,34.957100,9638100
2017-08-16,46.150002,46.340000,46.119999,46.200001,34.964664,8087300
2017-08-17,46.119999,46.330002,45.849998,45.860001,34.707344,8477000
2017-08-18,45.799999,45.900002,45.630001,45.669998,34.563549,10879800
2017-08-21,45.669998,45.799999,45.560001,45.680000,34.571136,9429700
2017-08-22,45.700001,45.750000,45.540001,45.599998,34.510574,10536700
2017-08-23,45.630001,45.660000,45.439999,45.540001,34.465179,6528400
2017-08-24,45.540001,45.610001,45.310001,45.410000,34.366787,7534400
2017-08-25,45.599998,45.759998,45.560001,45.570000,34.487873,8807100
2017-08-28,45.630001,45.689999,45.380001,45.419998,34.374355,8024000
2017-08-29,45.400002,45.570000,45.250000,45.450001,34.397064,7762200
2017-08-30,45.360001,45.540001,45.290001,45.389999,34.351643,7134900
2017-08-31,45.400002,45.650002,45.340000,45.549999,34.472740,14264600
2017-09-01,45.639999,45.799999,45.540001,45.779999,34.646801,7391200
2017-09-05,45.750000,45.930000,45.650002,45.919998,34.752758,9916700
2017-09-06,45.980000,46.040001,45.790001,45.959999,34.783035,9238900
2017-09-07,46.009998,46.320000,45.959999,46.279999,35.025211,9418400
2017-09-08,46.189999,46.369999,46.020000,46.299999,35.040352,10534900
2017-09-11,46.349998,46.590000,46.220001,46.520000,35.206852,10430300
2017-09-12,46.500000,46.750000,46.450001,46.720001,35.358215,8567600
2017-09-13,46.680000,46.980000,46.650002,46.869999,35.471729,10218000
2017-09-14,46.400002,46.470001,45.939999,46.110001,35.174236,13768800
2017-09-15,46.299999,46.360001,46.000000,46.180000,35.227619,16141400
2017-09-18,46.150002,46.240002,45.910000,46.110001,35.174236,8535300
2017-09-19,46.139999,46.189999,45.889999,45.980000,35.075066,7297900
2017-09-20,45.759998,46.150002,45.549999,45.779999,34.922482,11026600
2017-09-21,45.709999,45.790001,45.360001,45.400002,34.632622,7555300
2017-09-22,45.450001,45.630001,45.369999,45.490002,34.701271,8024800
2017-09-25,45.500000,45.759998,45.349998,45.689999,34.853832,9215300
2017-09-26,45.689999,45.869999,45.560001,45.570000,34.762287,6480100
2017-09-27,45.470001,45.500000,44.380001,44.639999,34.052856,14816200
2017-09-28,44.669998,45.000000,44.650002,44.910000,34.258827,8789500
2017-09-29,44.860001,45.110001,44.790001,45.009998,34.335121,10082200
2017-10-02,45.049999,45.270000,44.750000,44.799999,34.174911,10707800
2017-10-03,44.860001,45.259998,44.759998,45.189999,34.472424,12038100
2017-10-04,45.110001,45.560001,44.939999,45.500000,34.708904,14060300
2017-10-05,45.509998,45.750000,45.500000,45.520000,34.724159,10215300
2017-10-06,45.389999,45.520000,45.279999,45.490002,34.701271,5437900
2017-10-09,45.549999,45.650002,45.340000,45.410000,34.640236,5268300
2017-10-10,45.599998,45.900002,45.529999,45.869999,34.991138,6310400
2017-10-11,45.880001,46.099998,45.869999,46.099998,35.166592,6638200
2017-10-12,45.980000,46.139999,45.939999,46.110001,35.174236,7710200
2017-10-13,46.250000,46.380001,46.150002,46.180000,35.227619,7126000
2017-10-16,46.119999,46.750000,46.099998,46.619999,35.563274,12708600
2017-10-17,46.529999,46.630001,46.310001,46.520000,35.486984,7699400
2017-10-18,46.410000,46.540001,46.240002,46.400002,35.395451,6272200
2017-10-19,46.369999,46.790001,46.320000,46.590000,35.540390,7515500
2017-10-20,46.580002,46.590000,46.279999,46.380001,35.380188,9646800
2017-10-23,46.380001,46.650002,46.230000,46.320000,35.334438,7153600
2017-10-24,46.259998,46.290001,45.950001,46.180000,35.227619,9539500
2017-10-25,46.369999,46.759998,45.930000,46.049999,35.128460,11994200
2017-10-26,46.320000,46.750000,46.220001,46.230000,35.265774,10569100
2017-10-27,46.130001,46.330002,45.910000,46.070000,35.143703,9988000
2017-10-30,46.000000,46.070000,45.820000,45.860001,34.983524,7201900
2017-10-31,45.919998,46.169998,45.840000,45.980000,35.075066,6560500
2017-11-01,45.750000,46.090000,45.630001,45.799999,34.937763,7067600
2017-11-02,45.810001,45.950001,45.750000,45.880001,34.998775,8317800
2017-11-03,45.970001,46.160000,45.919998,45.970001,35.067444,4730400
2017-11-06,45.910000,45.919998,45.419998,45.470001,34.686016,7451300
2017-11-07,45.410000,45.950001,45.310001,45.939999,35.044540,9868000
2017-11-08,45.980000,46.189999,45.869999,46.180000,35.227619,7586900
2017-11-09,46.119999,46.389999,46.020000,46.230000,35.265774,6532400
2017-11-10,46.200001,46.639999,46.139999,46.540001,35.502235,8022900
2017-11-13,46.599998,46.820000,46.540001,46.720001,35.639557,7653600
2017-11-14,46.709999,47.480000,46.619999,47.430000,36.181164,17200700
2017-11-15,47.320000,47.459999,46.779999,46.810001,35.708206,12419100
2017-11-16,46.950001,46.980000,46.509998,46.549999,35.509869,12506400
2017-11-17,46.340000,46.380001,45.250000,45.709999,34.869099,19720700
2017-11-20,45.650002,45.880001,45.419998,45.459999,34.678387,19160900
2017-11-21,45.560001,45.950001,45.540001,45.779999,34.922482,10280800
2017-11-22,45.889999,45.930000,45.540001,45.840000,34.968273,8434400
2017-11-24,45.889999,46.049999,45.860001,45.880001,34.998775,2996300
2017-11-27,45.880001,45.990002,45.810001,45.900002,35.014030,5649200
2017-11-28,45.990002,46.150002,45.779999,45.830002,34.960632,8432800
2017-11-29,45.770000,45.820000,45.209999,45.500000,34.708904,16502100
2017-11-30,45.139999,45.840000,45.029999,45.770000,35.201111,17147600
2017-12-01,45.799999,46.020000,45.209999,45.970001,35.354942,12468800
2017-12-04,45.990002,46.380001,45.770000,46.230000,35.554901,17523600
2017-12-05,46.250000,46.439999,46.060001,46.259998,35.577961,13670800
2017-12-06,46.360001,46.480000,46.259998,46.450001,35.724098,8154000
2017-12-07,46.290001,46.320000,45.720001,45.779999,35.208805,9106500
2017-12-08,45.700001,45.730000,45.049999,45.310001,34.847343,13238600
2017-12-11,45.310001,45.410000,44.919998,45.330002,34.862713,9698700
2017-12-12,45.250000,45.520000,45.060001,45.290001,34.831955,13999300
2017-12-13,45.450001,46.049999,45.400002,45.900002,35.301098,12418700
2017-12-14,45.810001,46.169998,45.799999,46.029999,35.401073,9029000
2017-12-15,46.290001,46.419998,46.040001,46.189999,35.524136,21181600
2017-12-18,46.200001,46.380001,45.910000,45.930000,35.324162,10156800
2017-12-19,46.040001,46.380001,45.910000,46.130001,35.477982,8253200
2017-12-20,46.209999,46.299999,45.959999,46.080002,35.439529,7311000
2017-12-21,46.139999,46.220001,45.560001,45.599998,35.070374,9657100
2017-12-22,45.689999,45.730000,45.549999,45.590000,35.062679,5406300
2017-12-26,45.700001,45.860001,45.610001,45.810001,35.231880,6100400
2017-12-27,45.900002,45.939999,45.720001,45.930000,35.324162,5660600
2017-12-28,45.910000,45.990002,45.639999,45.720001,35.162670,6538900
2017-12-29,45.700001,46.180000,45.689999,45.880001,35.285709,8371500
2018-01-02,45.910000,45.939999,45.509998,45.540001,35.024235,10872200
2018-01-03,45.490002,45.689999,45.340000,45.439999,34.947311,12635600
2018-01-04,45.560001,46.220001,45.450001,46.080002,35.439529,12709400
2018-01-05,46.020000,46.200001,45.790001,46.070000,35.431831,13113100
2018-01-08,45.950001,46.099998,45.880001,46.000000,35.378002,7068600
2018-01-09,46.000000,46.360001,45.939999,46.230000,35.554901,9962400
2018-01-10,46.230000,46.259998,45.930000,46.070000,35.431831,10700700
2018-01-11,46.230000,46.230000,45.860001,46.040001,35.408768,7583200
2018-01-12,46.279999,46.389999,46.029999,46.150002,35.493366,14570100
2018-01-16,46.150002,46.619999,46.139999,46.529999,35.785610,16459300
2018-01-17,46.580002,47.000000,46.549999,46.820000,36.008652,12143100
2018-01-18,46.750000,47.070000,46.610001,46.880001,36.054798,11952900
2018-01-19,46.990002,47.250000,46.869999,47.160000,36.270149,16187400
2018-01-22,47.139999,47.500000,47.090000,47.380001,36.439350,9577400
2018-01-23,47.209999,47.700001,47.130001,47.450001,36.493187,11463700
2018-01-24,47.529999,47.950001,47.480000,47.830002,36.785427,15964500
2018-01-25,47.700001,48.000000,47.700001,47.840000,36.793118,11755000
2018-01-26,47.779999,48.619999,47.740002,48.529999,37.323795,16671200
2018-01-29,48.209999,48.459999,47.580002,47.700001,36.685452,11662600
2018-01-30,47.730000,48.160000,47.400002,47.410000,36.462421,12404800
2018-01-31,47.450001,47.900002,47.369999,47.590000,36.600864,10960100
2018-02-01,47.410000,47.730000,47.110001,47.450001,36.493187,10279400
2018-02-02,47.349998,47.410000,46.630001,46.730000,35.939445,12912300
2018-02-05,46.650002,46.919998,44.410000,44.889999,34.524330,23261500
2018-02-06,43.869999,44.740002,43.439999,44.669998,34.355110,25184300
2018-02-07,44.580002,45.500000,44.279999,44.560001,34.270515,18041600
2018-02-08,44.619999,44.619999,43.070000,43.099998,33.147655,23295300
2018-02-09,43.360001,43.459999,42.189999,43.130001,33.170731,22853100
2018-02-12,43.560001,44.230000,43.369999,43.970001,33.816761,14689000
2018-02-13,43.919998,44.410000,43.689999,44.189999,33.985958,13163200
2018-02-14,44.020000,44.189999,43.630001,44.099998,33.916737,13457900
2018-02-15,44.250000,44.830002,44.119999,44.779999,34.439720,13467300
2018-02-16,45.570000,45.639999,44.720001,44.980000,34.593540,17202300
2018-02-20,44.750000,44.830002,43.939999,43.990002,33.832134,14137300
2018-02-21,44.110001,44.259998,43.330002,43.340000,33.332237,12792900
2018-02-22,43.430000,43.820000,43.220001,43.520000,33.470673,12377800
2018-02-23,43.580002,44.060001,43.419998,44.040001,33.870586,8277200
2018-02-26,44.230000,44.389999,43.810001,44.029999,33.862904,12713300
2018-02-27,44.150002,44.310001,43.619999,43.619999,33.547577,12774400
2018-02-28,43.830002,43.910000,43.220001,43.220001,33.239944,11929400
2018-03-01,43.099998,43.639999,42.820000,43.430000,33.401463,17746800
2018-03-02,43.250000,43.799999,43.240002,43.720001,33.624481,14050100
2018-03-05,43.570000,43.939999,43.500000,43.889999,33.755230,11992700
2018-03-06,43.950001,44.049999,43.590000,43.930000,33.785999,10010500
2018-03-07,43.590000,43.919998,43.470001,43.820000,33.701393,10881700
2018-03-08,43.900002,44.459999,43.799999,44.450001,34.185925,12361100
2018-03-09,44.570000,44.820000,44.389999,44.820000,34.470482,9778600
2018-03-12,44.950001,45.090000,44.330002,44.529999,34.247444,11857700
2018-03-13,44.669998,44.830002,44.400002,44.570000,34.278214,11342100
2018-03-14,44.380001,44.430000,43.730000,43.779999,33.967861,15321200
2018-03-15,43.880001,44.000000,43.549999,43.669998,33.882511,12456700
2018-03-16,43.700001,44.020000,43.450001,43.459999,33.719578,26603300
2018-03-19,43.459999,43.709999,43.180000,43.259998,33.564404,12380300
2018-03-20,43.320000,43.480000,43.009998,43.160000,33.486816,13559800
2018-03-21,43.130001,43.450001,42.790001,43.000000,33.362686,13054000
2018-03-22,42.880001,43.369999,42.700001,42.759998,33.176468,12274100
2018-03-23,42.820000,43.160000,42.290001,42.330002,32.842838,13475200
2018-03-26,42.610001,42.810001,42.250000,42.689999,33.122150,11276100
2018-03-27,42.700001,43.310001,42.529999,42.889999,33.277336,11627000
2018-03-28,43.000000,43.700001,43.000000,43.320000,33.610954,16277400
2018-03-29,43.540001,43.919998,43.290001,43.430000,33.696308,10450500
2018-04-02,43.439999,43.500000,42.470001,42.669998,33.106632,14207900
2018-04-03,42.980000,43.540001,42.840000,43.380001,33.657513,15484600
2018-04-04,43.139999,44.400002,43.110001,44.240002,34.324764,13563300
2018-04-05,44.279999,44.610001,43.939999,44.400002,34.448902,11707800
2018-04-06,44.279999,44.520000,43.709999,43.919998,34.076485,11495100
2018-04-09,44.029999,44.310001,43.779999,43.830002,34.006657,11913400
2018-04-10,44.070000,44.180000,43.720001,43.990002,34.130795,10379500
2018-04-11,43.810001,44.139999,43.759998,43.990002,34.130795,8424300
2018-04-12,44.080002,44.410000,43.950001,44.029999,34.161835,8476400
2018-04-13,44.189999,44.689999,44.139999,44.509998,34.534256,10774200
2018-04-16,44.650002,44.889999,44.400002,44.680000,34.666149,8962100
2018-04-17,44.950001,45.029999,44.650002,44.880001,34.821316,8406400
2018-04-18,44.900002,44.970001,44.330002,44.509998,34.534256,7429000
2018-04-19,44.340000,44.470001,44.020000,44.310001,34.379078,10370400
2018-04-20,44.310001,44.410000,43.580002,43.740002,33.936825,14690700
2018-04-23,43.740002,43.990002,43.560001,43.980000,34.123039,11878500
2018-04-24,43.980000,44.099998,42.730000,43.070000,33.416969,18523900
2018-04-25,42.740002,42.889999,41.910000,42.430000,32.920425,20774700
2018-04-26,42.400002,43.099998,42.259998,42.750000,33.168705,13561000
2018-04-27,42.730000,43.340000,42.709999,43.310001,33.603199,9777900
2018-04-30,43.500000,43.689999,42.970001,43.209999,33.525600,16037700
2018-05-01,42.959999,42.990002,42.180000,42.590000,33.044563,11514200
2018-05-02,42.400002,42.590000,41.939999,42.060001,32.633362,13736400
2018-05-03,42.220001,42.400002,41.520000,41.889999,32.501446,18352200
2018-05-04,41.790001,42.500000,41.770000,42.360001,32.866116,10946200
2018-05-07,42.340000,42.490002,41.959999,42.139999,32.695431,9336000
2018-05-08,41.970001,42.090000,41.689999,41.810001,32.439377,15062200
2018-05-09,41.970001,42.230000,41.669998,41.779999,32.416111,9295200
2018-05-10,41.990002,42.360001,41.939999,42.180000,32.726452,7924200
2018-05-11,42.240002,42.470001,42.040001,42.139999,32.695431,6331900
2018-05-14,42.250000,42.320000,41.900002,42.040001,32.617832,10715500
2018-05-15,41.779999,41.919998,41.450001,41.720001,32.369564,16449700
2018-05-16,41.740002,41.939999,41.540001,41.549999,32.237648,11590500
2018-05-17,42.009998,42.349998,41.869999,42.299999,32.819557,14857400
2018-05-18,42.299999,42.380001,42.080002,42.180000,32.726452,11950200
2018-05-21,42.310001,42.520000,42.270000,42.410000,32.904903,9110200
2018-05-22,42.500000,42.599998,42.209999,42.250000,32.780758,8222900
2018-05-23,42.250000,42.450001,41.930000,42.400002,32.897160,8971400
2018-05-24,42.400002,42.470001,42.189999,42.320000,32.835072,9269600
2018-05-25,42.340000,42.580002,42.200001,42.400002,32.897160,8806500
2018-05-29,42.119999,42.849998,42.099998,42.680000,33.114399,14826900
2018-05-30,42.770000,43.279999,42.700001,43.130001,33.463539,10114200
2018-05-31,43.200001,43.209999,42.680000,43.000000,33.362686,15571300
2018-06-01,43.099998,43.320000,43.040001,43.119999,33.455780,10664700
2018-06-04,43.360001,43.590000,43.290001,43.490002,33.742855,11727600
2018-06-05,43.500000,43.540001,43.099998,43.110001,33.448013,9975900
2018-06-06,43.060001,43.459999,43.040001,43.459999,33.719578,9202900
2018-06-07,43.330002,43.730000,43.330002,43.439999,33.704056,11948100
2018-06-08,43.570000,44.000000,43.560001,43.950001,34.099766,12078800
2018-06-11,43.950001,44.250000,43.889999,44.130001,34.239426,7526100
2018-06-12,44.130001,44.419998,44.080002,44.410000,34.456654,8243300
2018-06-13,44.349998,44.520000,44.150002,44.180000,34.278217,16745000
2018-06-14,43.750000,43.849998,43.520000,43.580002,34.113827,12696200
2018-06-15,43.560001,44.150002,43.450001,44.119999,34.536530,21562500
2018-06-18,43.880001,43.959999,43.400002,43.549999,34.090343,12161900
2018-06-19,43.299999,43.750000,43.200001,43.599998,34.129475,12936400
2018-06-20,43.619999,43.779999,43.230000,43.259998,33.863327,10893700
2018-06-21,43.270000,43.299999,42.959999,43.090000,33.730255,10465200
2018-06-22,43.150002,43.410000,43.080002,43.250000,33.855495,14924400
2018-06-25,43.160000,43.750000,43.160000,43.580002,34.113827,12092400
2018-06-26,43.560001,43.840000,43.279999,43.330002,33.918129,13974700
2018-06-27,43.330002,43.610001,42.990002,43.070000,33.714588,15332600
2018-06-28,43.240002,43.680000,43.169998,43.470001,34.027725,12668900
2018-06-29,43.570000,44.099998,43.310001,43.860001,34.333000,11485600
2018-07-02,43.779999,44.160000,43.580002,43.750000,34.246895,9232500
2018-07-03,44.060001,44.330002,43.990002,43.990002,34.434769,8214300
2018-07-05,44.160000,44.669998,44.130001,44.660000,34.959229,11653000
2018-07-06,44.669998,44.939999,44.580002,44.639999,34.943577,8733900
2018-07-09,44.540001,44.730000,44.340000,44.400002,34.755714,7373100
2018-07-10,44.509998,45.000000,44.500000,44.970001,35.201900,10606100
2018-07-11,44.990002,45.000000,44.639999,44.790001,35.060989,7715600
2018-07-12,44.830002,44.959999,44.490002,44.669998,34.967056,6331600
2018-07-13,44.700001,44.779999,44.470001,44.740002,35.021862,5585900
2018-07-16,44.730000,44.799999,44.529999,44.730000,35.014034,5831400
2018-07-17,44.750000,45.389999,44.680000,45.250000,35.421082,11592200
2018-07-18,45.189999,45.290001,44.840000,45.119999,35.319313,7351600
2018-07-19,44.990002,45.430000,44.919998,45.110001,35.311481,10097500
2018-07-20,45.020000,45.279999,44.900002,45.279999,35.444553,8588400
2018-07-23,45.279999,45.360001,44.770000,44.950001,35.186249,9055700
2018-07-24,44.779999,45.270000,44.610001,45.259998,35.428902,13786100
2018-07-25,46.000000,46.580002,45.750000,46.090000,36.078621,21330600
2018-07-26,46.360001,46.590000,46.200001,46.240002,36.196041,12673100
2018-07-27,46.320000,46.500000,46.060001,46.209999,36.172558,10516900
2018-07-30,46.099998,46.439999,46.049999,46.230000,36.188202,8967900
2018-07-31,46.400002,46.669998,46.310001,46.630001,36.501324,12438800
2018-08-01,46.450001,46.490002,46.169998,46.389999,36.313457,9904100
2018-08-02,46.480000,46.630001,46.180000,46.180000,36.149063,12009700
2018-08-03,46.230000,46.759998,46.139999,46.619999,36.493492,11462800
2018-08-06,46.599998,46.869999,46.549999,46.650002,36.516975,10056100
2018-08-07,46.520000,46.610001,46.130001,46.500000,36.399555,8632900
2018-08-08,46.490002,46.560001,46.119999,46.150002,36.125580,6810000
2018-08-09,46.250000,46.419998,46.080002,46.349998,36.282150,8924100
2018-08-10,46.209999,46.419998,45.970001,46.080002,36.070786,7535400
2018-08-13,46.049999,46.130001,45.700001,45.830002,35.875088,8143400
2018-08-14,45.910000,46.099998,45.869999,45.889999,35.922054,6846100
2018-08-15,45.770000,46.150002,45.650002,46.080002,36.070786,9686400
2018-08-16,46.110001,46.380001,45.970001,46.220001,36.180374,10600700
2018-08-17,46.290001,46.730000,46.240002,46.599998,36.477829,8885700
2018-08-20,46.680000,46.869999,46.590000,46.730000,36.579605,6392000
2018-08-21,46.730000,46.750000,46.209999,46.220001,36.180374,13986300
2018-08-22,46.340000,46.380001,45.919998,45.930000,35.953373,7159100
2018-08-23,45.889999,46.080002,45.689999,45.700001,35.773331,13144900
2018-08-24,45.650002,45.799999,45.580002,45.630001,35.718533,10952900
2018-08-27,46.049999,46.049999,45.560001,45.689999,35.765503,9581200
2018-08-28,45.650002,45.730000,45.279999,45.369999,35.515022,8476800
2018-08-29,45.250000,45.419998,45.220001,45.330002,35.483692,12410900
2018-08-30,45.279999,45.320000,44.889999,44.950001,35.186249,9716500
2018-08-31,45.000000,45.070000,44.389999,44.570000,34.888783,19834100
2018-09-04,44.599998,44.900002,44.509998,44.759998,35.037506,11138500
2018-09-05,44.660000,45.419998,44.660000,45.380001,35.522839,10554900
2018-09-06,45.400002,46.000000,45.299999,45.770000,35.828129,11439400
2018-09-07,45.599998,45.820000,45.279999,45.720001,35.788986,10208100
2018-09-10,45.910000,46.310001,45.799999,46.060001,36.055141,8568900
2018-09-11,46.099998,46.150002,45.880001,46.020000,36.023827,9278300
2018-09-12,46.160000,46.299999,46.020000,46.240002,36.196041,13216400
2018-09-13,46.009998,46.119999,45.709999,45.830002,36.180252,8294800
2018-09-14,45.919998,46.029999,45.610001,45.990002,36.306557,7612900
2018-09-17,46.000000,46.330002,45.910000,46.320000,36.567074,8527300
2018-09-18,46.389999,46.529999,45.930000,45.930000,36.259186,9847400
2018-09-19,46.000000,46.110001,45.869999,45.959999,36.282867,7119000
2018-09-20,46.220001,46.680000,46.150002,46.639999,36.819687,9736700
2018-09-21,46.639999,46.689999,46.380001,46.580002,36.772331,19240300
2018-09-24,46.490002,46.529999,45.840000,46.070000,36.369705,10778900
2018-09-25,46.060001,46.180000,45.610001,45.680000,36.061832,7919100
2018-09-26,45.770000,46.070000,45.570000,45.849998,36.196033,10162600
2018-09-27,45.730000,46.180000,45.680000,46.009998,36.322350,10826900
2018-09-28,46.000000,46.189999,45.970001,46.189999,36.464443,9071900
2018-10-01,46.169998,46.349998,46.049999,46.230000,36.496025,9364700
2018-10-02,46.279999,46.560001,46.060001,46.509998,36.717064,7462700
2018-10-03,46.459999,46.549999,45.799999,45.869999,36.211826,10542300
2018-10-04,45.660000,45.900002,45.430000,45.849998,36.196033,9582300
2018-10-05,45.939999,46.160000,45.689999,45.880001,36.219715,8734100
2018-10-08,45.990002,46.580002,45.970001,46.480000,36.693386,9808100
2018-10-09,46.380001,46.549999,46.220001,46.389999,36.622341,10824500
2018-10-10,46.299999,46.700001,45.669998,45.680000,36.061832,13917000
2018-10-11,45.799999,45.970001,44.500000,44.639999,35.240807,17677900
2018-10-12,44.480000,44.880001,44.250000,44.680000,35.272381,12420100
2018-10-15,44.639999,45.270000,44.590000,44.910000,35.453968,11608500
2018-10-16,45.020000,45.599998,44.860001,45.490002,35.911842,10442500
2018-10-17,45.410000,45.990002,45.360001,45.860001,36.203922,11055800
2018-10-18,45.900002,46.080002,45.459999,45.610001,36.006569,12716900
2018-10-19,45.830002,46.490002,45.830002,46.330002,36.574970,13989200
2018-10-22,46.369999,46.459999,45.810001,45.970001,36.290779,14283600
2018-10-23,45.619999,46.459999,45.450001,46.360001,36.598644,17483900
2018-10-24,46.330002,47.389999,46.240002,46.730000,36.890751,21626000
2018-10-25,46.650002,46.740002,46.119999,46.509998,36.717064,14220200
2018-10-26,46.369999,46.480000,45.430000,45.919998,36.251297,21458000
2018-10-29,46.150002,46.560001,46.049999,46.459999,36.677601,20932200
2018-10-30,46.619999,47.740002,46.040001,47.630001,37.601246,20895400
2018-10-31,47.500000,48.080002,47.220001,47.880001,37.798611,25309400
2018-11-01,47.810001,48.150002,47.299999,47.740002,37.688087,16494500
2018-11-02,47.820000,48.000000,47.439999,48.000000,37.893345,17584900
2018-11-05,48.000000,48.779999,47.919998,48.689999,38.438057,16543500
2018-11-06,48.650002,49.130001,48.599998,49.110001,38.769623,14373400
2018-11-07,49.389999,49.549999,49.029999,49.369999,38.974876,12239700
2018-11-08,49.119999,49.369999,49.099998,49.330002,38.943302,9762800
2018-11-09,49.389999,49.889999,49.360001,49.680000,39.219597,12398100
2018-11-12,49.610001,50.240002,49.540001,49.869999,39.369606,13918300
2018-11-13,49.810001,50.000000,49.580002,49.860001,39.361698,13872900
2018-11-14,49.849998,49.939999,49.590000,49.759998,39.282764,12106800
2018-11-15,49.660000,49.750000,49.270000,49.740002,39.266987,12080100
2018-11-16,49.660000,50.250000,49.630001,50.169998,39.606430,13405800
2018-11-19,50.310001,50.759998,50.250000,50.509998,39.874847,13575800
2018-11-20,50.820000,50.840000,49.209999,49.380001,38.982773,16255300
2018-11-21,49.230000,49.439999,48.590000,48.730000,38.469635,13559200
2018-11-23,48.750000,49.230000,48.549999,49.020000,38.698574,4792500
2018-11-26,49.009998,49.230000,48.669998,48.869999,38.580158,9341900
2018-11-27,48.880001,49.410000,48.730000,49.369999,38.974876,9180700
2018-11-28,49.209999,49.720001,49.209999,49.709999,39.243290,11368700
2018-11-29,49.279999,49.430000,48.970001,48.980000,38.972752,11564300
2018-11-30,49.000000,50.490002,48.990002,50.400002,40.102642,25538200
2018-12-03,49.869999,49.959999,48.889999,49.689999,39.537697,14877200
2018-12-04,49.970001,50.509998,49.500000,49.580002,39.450180,19059900
2018-12-06,49.509998,49.630001,48.660000,49.380001,39.291035,17674900
2018-12-07,49.570000,49.680000,48.880001,49.090000,39.060284,15565700
2018-12-10,49.450001,49.450001,48.470001,49.240002,39.179634,12331100
2018-12-11,49.590000,50.009998,49.180000,49.540001,39.418343,18083600
2018-12-12,49.950001,50.020000,49.189999,49.220001,39.163727,12316900
2018-12-13,48.720001,49.610001,48.570000,49.470001,39.362644,13766200
2018-12-14,49.230000,49.520000,49.020000,49.340000,39.259212,13835900
2018-12-17,49.340000,49.529999,48.020000,48.330002,38.455559,18482700
2018-12-18,48.610001,48.830002,47.849998,48.320000,38.447598,14765700
2018-12-19,48.240002,48.759998,47.619999,47.900002,38.113419,17903800
2018-12-20,47.810001,48.130001,47.099998,47.540001,37.826965,21130000
2018-12-21,47.259998,48.750000,47.230000,47.570000,37.850838,32477700
2018-12-24,47.619999,47.869999,45.830002,45.959999,36.569771,10733700
2018-12-26,45.880001,46.959999,45.660000,46.939999,37.349556,14342600
2018-12-27,46.740002,47.549999,46.029999,47.529999,37.819016,16966500
2018-12-28,47.889999,48.009998,47.029999,47.200001,37.556431,13218200
2018-12-31,47.490002,47.540001,46.959999,47.349998,37.675777,10576300
2019-01-02,46.939999,47.220001,46.560001,46.930000,37.341595,11603700
2019-01-03,46.820000,47.369999,46.529999,46.639999,37.110840,14714400
2019-01-04,46.750000,47.570000,46.639999,47.570000,37.850838,13013700
2019-01-07,47.570000,47.750000,46.900002,46.950001,37.357513,13135500
2019-01-08,47.250000,47.570000,47.040001,47.480000,37.779236,15420700
2019-01-09,47.080002,47.279999,46.430000,46.570000,37.055149,18032500
2019-01-10,46.660000,47.090000,46.340000,47.070000,37.452995,15976600
2019-01-11,47.290001,47.360001,46.970001,47.340000,37.667828,11088600
2019-01-14,47.250000,47.400002,46.990002,47.150002,37.516644,11514300
2019-01-15,46.889999,47.599998,46.810001,47.570000,37.850838,11342900
2019-01-16,47.400002,47.470001,46.860001,46.919998,37.333645,16907800
2019-01-17,46.919998,47.139999,46.880001,47.060001,37.445019,12044600
2019-01-18,47.250000,47.689999,47.119999,47.610001,37.882668,12760700
2019-01-22,47.700001,47.790001,47.209999,47.720001,37.970192,11700400
2019-01-23,47.820000,48.290001,47.650002,48.270000,38.407825,12058300
2019-01-24,48.110001,48.110001,47.380001,47.689999,37.946323,10272000
2019-01-25,47.880001,48.029999,47.240002,47.369999,37.691700,12066500
2019-01-28,47.220001,47.299999,46.939999,47.169998,37.532558,9966900
2019-01-29,47.200001,47.630001,47.130001,47.400002,37.715572,11998600
2019-01-30,47.250000,47.889999,47.189999,47.860001,38.081593,12952500
2019-01-31,47.849998,48.779999,47.470001,48.130001,38.296429,32181500
2019-02-01,48.480000,48.779999,48.400002,48.700001,38.749962,19130100
2019-02-04,48.700001,49.450001,48.540001,49.250000,39.187599,15105700
2019-02-05,49.330002,49.470001,49.099998,49.259998,39.195549,12651900
2019-02-06,49.209999,49.360001,49.020000,49.259998,39.195549,8689100
2019-02-07,49.169998,49.459999,49.000000,49.419998,39.322872,10047800
2019-02-08,49.369999,49.500000,49.110001,49.500000,39.386517,9813300
2019-02-11,49.570000,49.880001,49.480000,49.610001,39.474045,9369300
2019-02-12,49.689999,49.799999,49.459999,49.660000,39.513828,10983300
2019-02-13,49.610001,49.939999,49.560001,49.790001,39.617260,12748800
2019-02-14,46.700001,46.959999,45.500000,45.590000,36.275372,58905400
2019-02-15,45.900002,46.259998,45.200001,45.240002,35.996891,35701600
2019-02-19,45.320000,45.590000,44.770000,44.830002,35.670647,25511300
2019-02-20,44.910000,45.240002,44.799999,45.099998,35.885490,27464000
2019-02-21,45.000000,45.910000,44.959999,45.860001,36.490211,23121200
2019-02-22,45.759998,45.950001,45.200001,45.279999,36.028709,24728400
2019-02-25,45.439999,45.570000,44.840000,44.939999,35.758171,23774400
2019-02-26,45.099998,45.139999,44.660000,44.689999,35.559261,20463200
2019-02-27,44.599998,45.020000,44.419998,44.939999,35.758171,17827500
2019-02-28,45.119999,45.610001,45.110001,45.340000,36.076450,22533900
2019-03-01,45.470001,45.639999,45.200001,45.380001,36.108284,16291600
2019-03-04,45.529999,45.669998,45.299999,45.650002,36.323116,15973800
2019-03-05,45.650002,45.700001,45.400002,45.599998,36.283344,13062300
2019-03-06,45.669998,45.790001,45.439999,45.450001,36.163979,14232100
2019-03-07,45.490002,45.529999,45.130001,45.279999,36.028709,12084000
2019-03-08,45.150002,45.250000,44.610001,44.840000,35.678616,15579100
2019-03-11,45.139999,46.240002,45.099998,46.180000,36.744835,22126900
2019-03-12,45.950001,46.250000,45.900002,46.049999,36.641399,19348500
2019-03-13,46.130001,46.340000,45.910000,46.220001,36.776661,16222500
2019-03-14,45.840000,46.110001,45.630001,45.700001,36.680344,18504100
2019-03-15,45.720001,45.900002,45.139999,45.299999,36.359299,47254500
2019-03-18,45.430000,45.680000,45.360001,45.410000,36.447582,24006400
2019-03-19,45.549999,45.689999,45.340000,45.560001,36.567986,14987000
2019-03-20,45.400002,45.900002,45.180000,45.529999,36.543896,13376100
2019-03-21,45.529999,45.759998,45.439999,45.509998,36.527843,20043000
2019-03-22,45.459999,46.110001,45.459999,45.930000,36.864948,19055900
2019-03-25,45.860001,46.200001,45.790001,46.029999,36.945213,11668200
2019-03-26,46.169998,46.790001,46.169998,46.639999,37.434818,11434900
2019-03-27,46.650002,46.910000,46.330002,46.610001,37.410740,11543600
2019-03-28,46.680000,46.919998,46.480000,46.580002,37.386677,11121100
2019-03-29,46.669998,46.910000,46.480000,46.860001,37.611389,16045600
2019-04-01,46.990002,47.169998,46.590000,46.720001,37.499039,11522700
2019-04-02,46.750000,46.930000,46.570000,46.570000,37.378635,8495000
2019-04-03,46.419998,46.590000,46.040001,46.180000,37.065613,12854500
2019-04-04,46.340000,46.540001,46.110001,46.480000,37.306393,7814900
2019-04-05,46.490002,46.580002,46.200001,46.470001,37.298370,7677600
2019-04-08,46.540001,46.570000,46.270000,46.549999,37.362587,9421300
2019-04-09,46.450001,46.720001,46.270000,46.669998,37.458893,8641800
2019-04-10,46.840000,47.000000,46.560001,46.639999,37.434818,8059900
2019-04-11,46.720001,46.750000,46.540001,46.709999,37.491001,7352400
2019-04-12,46.669998,46.930000,46.570000,46.740002,37.515079,10690000
2019-04-15,46.880001,47.040001,46.700001,47.000000,37.723766,10261300
2019-04-16,47.049999,47.099998,46.700001,46.950001,37.683632,10804600
2019-04-17,47.200001,47.549999,47.150002,47.279999,37.948513,11849300
2019-04-18,47.330002,47.580002,47.270000,47.480000,38.109039,12167000
2019-04-22,47.400002,47.610001,47.020000,47.400002,38.044823,9834700
2019-04-23,48.090000,48.720001,47.549999,48.209999,38.694954,25327800
2019-04-24,48.029999,48.230000,47.919998,47.980000,38.510342,15997300
2019-04-25,47.740002,47.889999,47.470001,47.840000,38.397980,11444400
2019-04-26,47.990002,48.450001,47.980000,48.259998,38.735081,10154300
2019-04-29,48.169998,48.450001,48.110001,48.419998,38.863510,9731500
2019-04-30,48.529999,49.180000,48.389999,49.060001,39.377201,17912900
2019-05-01,48.950001,49.080002,48.549999,48.590000,38.999962,10551200
2019-05-02,48.529999,48.770000,48.270000,48.389999,38.839424,8724600
2019-05-03,48.599998,48.959999,48.520000,48.720001,39.104298,7076900
2019-05-06,48.330002,48.610001,48.259998,48.470001,38.903633,8657800
2019-05-07,48.230000,48.290001,47.770000,48.000000,38.526402,12487500
2019-05-08,48.049999,48.230000,47.820000,47.849998,38.405998,9281400
2019-05-09,47.799999,47.980000,47.070000,47.400002,38.044823,11450500
2019-05-10,47.410000,48.299999,47.400002,48.189999,38.678905,9653800
2019-05-13,47.910000,48.130001,47.730000,48.049999,38.566540,11911500
2019-05-14,48.529999,49.320000,48.349998,48.689999,39.080215,16844200
2019-05-15,48.669998,49.380001,48.599998,49.180000,39.473511,11422500
2019-05-16,49.270000,49.660000,49.209999,49.580002,39.794567,17771300
2019-05-17,49.270000,49.549999,49.169998,49.200001,39.489563,11257000
2019-05-20,49.040001,49.139999,48.759998,48.849998,39.208641,13850500
2019-05-21,49.000000,49.029999,48.450001,48.599998,39.007984,10587400
2019-05-22,48.779999,49.709999,48.720001,49.650002,39.850746,16050400
2019-05-23,49.500000,49.900002,49.459999,49.849998,40.011265,12199400
2019-05-24,49.820000,49.889999,49.529999,49.610001,39.818649,6887600
2019-05-28,49.599998,49.669998,49.029999,49.099998,39.409309,18614000
2019-05-29,48.740002,49.029999,48.410000,48.610001,39.016003,12534600
2019-05-30,48.720001,49.310001,48.669998,49.250000,39.529694,9087200
2019-05-31,49.000000,49.310001,48.779999,49.130001,39.433376,11368600
2019-06-03,49.160000,49.980000,49.020000,49.980000,40.115601,14167200
2019-06-04,50.000000,50.279999,49.619999,50.000000,40.131664,12010600
2019-06-05,50.009998,51.139999,49.689999,50.779999,40.757721,15837600
2019-06-06,50.910000,51.540001,50.590000,51.400002,41.255352,15190400
2019-06-07,51.470001,52.189999,51.450001,51.490002,41.327583,15293600
2019-06-10,51.540001,51.540001,51.090000,51.380001,41.239304,9737400
2019-06-11,51.450001,51.590000,51.180000,51.330002,41.199181,9915600
2019-06-12,51.500000,52.139999,51.470001,51.639999,41.447987,11088100
2019-06-13,51.459999,51.700001,50.779999,51.130001,41.359016,10353600
2019-06-14,51.049999,51.529999,51.049999,51.310001,41.504612,8694300
2019-06-17,51.250000,51.480000,50.610001,50.869999,41.148693,12322400
2019-06-18,51.250000,51.299999,50.529999,50.639999,40.962643,9221100
2019-06-19,50.540001,51.240002,50.470001,51.119999,41.350918,9414100
2019-06-20,51.500000,51.790001,51.349998,51.660000,41.787716,10656600
2019-06-21,51.529999,51.889999,51.410000,51.549999,41.698750,21264400
2019-06-24,51.740002,52.200001,51.700001,51.919998,41.998032,10780000
2019-06-25,52.000000,52.099998,51.639999,51.759998,41.868607,11519900
2019-06-26,51.520000,51.639999,51.090000,51.119999,41.350918,12405100
2019-06-27,51.290001,51.400002,50.970001,51.080002,41.318558,12374900
2019-06-28,51.270000,51.400002,50.520000,50.919998,41.189144,16339900
2019-07-01,51.070000,51.630001,50.779999,51.599998,41.739189,14976400
2019-07-02,51.779999,52.049999,51.549999,51.980000,42.046577,8569200
2019-07-03,52.000000,52.330002,52.000000,52.099998,42.143642,7253700
2019-07-05,51.889999,52.119999,51.480000,52.110001,42.151730,8916300
2019-07-08,52.200001,52.330002,51.889999,52.000000,42.062759,9495100
2019-07-09,51.720001,51.970001,51.430000,51.590000,41.731106,10584900
2019-07-10,51.799999,51.970001,51.660000,51.820000,41.917152,7620900
2019-07-11,51.990002,52.060001,51.660000,52.040001,42.095104,10376500
2019-07-12,52.250000,52.290001,51.910000,52.119999,42.159817,7347400
2019-07-15,52.279999,52.290001,51.869999,52.130001,42.167908,5876100
2019-07-16,51.959999,52.470001,51.810001,52.139999,42.175999,7132500
2019-07-17,52.220001,52.259998,52.009998,52.180000,42.208344,8264200
2019-07-18,52.040001,52.169998,51.669998,52.029999,42.087013,11911800
2019-07-19,52.139999,52.150002,51.369999,51.389999,41.569317,10355500
2019-07-22,51.520000,51.520000,51.130001,51.220001,41.431808,12090700
2019-07-23,53.250000,54.639999,52.759998,54.330002,43.947487,33417900
2019-07-24,54.119999,54.820000,53.619999,53.779999,43.502590,15633400
2019-07-25,53.630001,53.799999,52.720001,53.070000,42.928268,19135000
2019-07-26,53.340000,54.310001,53.189999,54.169998,43.818054,11451900
2019-07-29,54.169998,54.299999,53.900002,53.990002,43.672455,12283900
2019-07-30,53.959999,54.299999,53.570000,53.720001,43.454048,8127100
2019-07-31,53.509998,53.509998,52.040001,52.630001,42.572353,16865500
2019-08-01,52.779999,53.200001,52.009998,52.029999,42.087013,19527200
2019-08-02,51.910000,52.730000,51.910000,52.330002,42.329689,13102300
2019-08-05,52.389999,52.660000,51.400002,51.650002,41.779636,19986500
2019-08-06,51.869999,52.759998,51.610001,52.270000,42.281147,19903100
2019-08-07,52.270000,53.389999,51.770000,53.180000,43.017250,17937000
2019-08-08,53.209999,53.779999,52.849998,53.689999,43.429779,10799000
2019-08-09,53.790001,53.900002,53.080002,53.419998,43.211395,9260900
2019-08-12,53.279999,53.439999,52.990002,53.200001,43.033428,6588600
2019-08-13,52.900002,53.610001,52.869999,53.500000,43.276096,8581200
2019-08-14,53.340000,53.970001,52.970001,52.990002,42.863552,17088900
2019-08-15,53.430000,54.000000,53.230000,53.869999,43.575390,12393200
2019-08-16,53.980000,54.490002,53.950001,54.410000,44.012192,14288700
2019-08-19,54.439999,54.779999,54.310001,54.689999,44.238686,10936200
2019-08-20,54.619999,54.680000,53.840000,53.880001,43.583481,8176700
2019-08-21,54.250000,54.410000,53.849998,54.099998,43.761433,10886500
2019-08-22,54.119999,54.639999,54.099998,54.490002,44.076912,7467900
2019-08-23,54.419998,54.709999,53.389999,53.740002,43.470242,14160400
2019-08-26,54.000000,54.540001,53.730000,54.540001,44.117352,9226900
2019-08-27,54.700001,54.950001,54.410000,54.720001,44.262951,13537000
2019-08-28,54.660000,55.150002,54.419998,55.110001,44.578430,10046400
2019-08-29,55.259998,55.340000,54.599998,55.049999,44.529888,9262800
2019-08-30,55.160000,55.220001,54.810001,55.040001,44.521812,8746700
2019-09-03,54.980000,55.330002,54.869999,55.299999,44.732113,12991400
2019-09-04,55.349998,55.919998,55.299999,55.770000,45.112297,10718100
2019-09-05,55.750000,55.770000,55.029999,55.119999,44.586517,13677000
2019-09-06,55.439999,55.439999,54.759998,55.230000,44.675488,9093500
2019-09-09,55.029999,55.080002,54.360001,54.520000,44.101181,10814900
2019-09-10,54.230000,54.439999,53.849998,54.400002,44.004108,12038200
2019-09-11,54.290001,54.799999,53.970001,54.770000,44.303402,9740400
2019-09-12,55.099998,55.310001,54.980000,55.110001,44.578430,12357900
2019-09-13,54.480000,54.790001,54.070000,54.259998,44.211761,11486100
2019-09-16,54.099998,54.340000,53.630001,53.959999,43.967319,11172000
2019-09-17,54.099998,54.700001,53.959999,54.240002,44.195461,11347400
2019-09-18,54.200001,54.290001,53.820000,54.230000,44.187317,9700400
2019-09-19,54.230000,54.599998,54.130001,54.520000,44.423618,7560300
2019-09-20,54.689999,54.689999,53.900002,53.910000,43.926579,19211500
2019-09-23,53.910000,54.360001,53.880001,54.139999,44.113983,6485300
2019-09-24,54.250000,54.610001,54.040001,54.299999,44.244362,10093000
2019-09-25,54.439999,54.480000,54.000000,54.169998,44.138424,10248400
2019-09-26,54.470001,54.580002,54.130001,54.389999,44.317684,10031200
2019-09-27,54.560001,54.639999,54.000000,54.310001,44.252502,7939900
2019-09-30,54.150002,54.680000,54.150002,54.439999,44.358437,9808700
2019-10-01,54.529999,54.779999,54.009998,54.650002,44.529537,14261500
2019-10-02,54.209999,54.439999,52.900002,53.080002,43.250282,14343600
2019-10-03,53.500000,53.980000,52.820000,53.840000,43.869530,13817500
2019-10-04,54.000000,54.540001,53.889999,54.540001,44.439911,9295400
2019-10-07,54.330002,54.360001,53.770000,53.869999,43.893986,5964900
2019-10-08,53.880001,54.070000,53.450001,53.580002,43.657681,13301900
2019-10-09,54.060001,54.070000,53.540001,53.830002,43.861389,7135000
2019-10-10,53.549999,53.880001,53.360001,53.660000,43.722885,8942900
2019-10-11,53.650002,53.700001,53.200001,53.299999,43.429543,8981700
2019-10-14,53.490002,53.680000,53.220001,53.299999,43.429543,7306300
2019-10-15,53.430000,53.680000,53.270000,53.509998,43.600651,9564300
2019-10-16,53.459999,53.570000,53.130001,53.490002,43.584354,10454800
2019-10-17,53.689999,54.119999,53.580002,53.790001,43.828800,13190300
2019-10-18,55.000000,55.389999,54.450001,54.779999,44.635460,18122400
2019-10-21,54.450001,54.560001,53.680000,54.230000,44.187317,12778900
2019-10-22,54.230000,54.419998,53.740002,53.849998,43.877686,9533400
2019-10-23,54.060001,54.660000,54.009998,54.639999,44.521381,8556600
2019-10-24,54.570000,54.820000,54.490002,54.610001,44.496956,11051400
2019-10-25,54.549999,54.560001,53.669998,53.750000,43.796200,9782400
2019-10-28,53.740002,53.950001,53.369999,53.570000,43.649540,8866100
2019-10-29,53.389999,53.660000,53.259998,53.410000,43.519169,7999700
2019-10-30,53.520000,54.049999,53.160000,53.939999,43.951023,8620900
2019-10-31,53.959999,54.470001,53.849998,54.430000,44.350288,13982000
2019-11-01,54.630001,54.740002,53.849998,53.900002,43.918430,9889500
2019-11-04,53.959999,54.000000,52.970001,53.139999,43.299175,17515100
2019-11-05,52.889999,52.889999,52.119999,52.419998,42.712502,19284000
2019-11-06,52.529999,52.799999,52.410000,52.799999,43.022133,13288900
2019-11-07,52.880001,53.000000,51.959999,52.290001,42.606575,11725500
2019-11-08,52.459999,52.599998,52.090000,52.209999,42.541386,7141800
2019-11-11,52.330002,52.369999,51.779999,51.840000,42.239906,8198300
2019-11-12,51.910000,51.910000,51.580002,51.709999,42.133987,12656900
2019-11-13,52.180000,52.450001,51.959999,52.410000,42.704353,12257900
2019-11-14,52.529999,52.669998,52.349998,52.630001,42.883617,8660300
2019-11-15,52.639999,52.680000,52.380001,52.669998,42.916206,8982400
2019-11-18,52.680000,53.439999,52.669998,53.029999,43.209538,13782000
2019-11-19,53.150002,53.310001,52.869999,53.080002,43.250282,12679500
2019-11-20,53.099998,53.400002,53.009998,53.220001,43.364357,11970300
2019-11-21,53.110001,53.340000,52.779999,52.959999,43.152500,7856100
2019-11-22,52.959999,53.189999,52.750000,53.029999,43.209538,9113300
2019-11-25,53.279999,53.389999,52.770000,53.220001,43.364357,10963500
2019-11-26,53.310001,53.939999,53.220001,53.900002,43.918430,13219800
2019-11-27,53.930000,54.099998,53.599998,53.950001,43.959179,9595200
2019-11-29,53.700001,53.730000,53.220001,53.400002,43.836044,7222300
2019-12-02,53.320000,53.750000,52.849998,53.750000,44.123344,13173800
2019-12-03,53.709999,53.840000,53.400002,53.799999,44.164394,14498300
2019-12-04,53.799999,54.310001,53.720001,54.290001,44.566631,13624000
2019-12-05,54.209999,54.290001,53.830002,54.189999,44.484550,14068100
2019-12-06,54.310001,54.500000,54.169998,54.419998,44.673355,7843500
2019-12-09,54.299999,54.509998,54.020000,54.070000,44.386044,13887200
2019-12-10,54.040001,54.070000,53.730000,53.770000,44.139759,8993900
2019-12-11,53.939999,54.150002,53.660000,53.950001,44.287529,8879100
2019-12-12,54.009998,54.450001,53.939999,54.139999,44.443497,11233300
2019-12-13,53.939999,54.549999,53.840000,54.419998,44.673355,13072200
2019-12-16,54.689999,54.830002,54.369999,54.419998,44.673355,9538100
2019-12-17,54.400002,54.580002,54.290001,54.419998,44.673355,9230000
2019-12-18,54.529999,54.750000,53.889999,53.910000,44.254692,15132100
2019-12-19,54.040001,54.340000,53.919998,54.320000,44.591267,13385900
2019-12-20,54.939999,55.200001,54.470001,54.970001,45.124844,23832800
2019-12-23,55.000000,55.240002,54.840000,54.910000,45.075592,9300800
2019-12-24,54.799999,55.000000,54.639999,54.709999,44.911411,3359300
2019-12-26,54.919998,55.020000,54.790001,55.020000,45.165894,6228500
2019-12-27,55.009998,55.450001,55.000000,55.349998,45.436779,6895500
2019-12-30,55.180000,55.389999,55.060001,55.270000,45.371113,6431700
2019-12-31,55.200001,55.380001,54.980000,55.349998,45.436779,7982600
2020-01-02,55.320000,55.430000,54.759998,54.990002,45.141262,11867700
2020-01-03,54.320000,54.990002,54.090000,54.689999,44.895000,11354500
2020-01-06,54.650002,54.910000,54.520000,54.669998,44.878578,14698300
2020-01-07,54.450001,54.599998,54.150002,54.250000,44.533798,9973900
2020-01-08,54.270000,54.639999,54.150002,54.349998,44.615887,10676000
2020-01-09,55.000000,55.400002,54.840000,55.340000,45.428589,15398000
2020-01-10,55.480000,55.930000,55.450001,55.529999,45.584560,13040100
2020-01-13,55.529999,56.230000,55.419998,56.130001,46.077084,14302900
2020-01-14,56.240002,56.290001,55.830002,56.000000,45.970375,16345300
2020-01-15,56.000000,56.980000,56.000000,56.700001,46.545002,17735400
2020-01-16,56.849998,56.950001,56.610001,56.820000,46.643513,10234100
2020-01-17,56.869999,57.150002,56.799999,56.939999,46.742020,14264300
2020-01-21,56.849998,57.250000,56.570000,57.169998,46.930836,11968900
2020-01-22,57.250000,57.639999,57.180000,57.610001,47.292027,12869600
2020-01-23,57.380001,57.849998,57.240002,57.830002,47.472618,12858900
2020-01-24,57.849998,57.869999,57.459999,57.680000,47.349480,8594300
2020-01-27,57.209999,57.849998,57.130001,57.480000,47.185299,14359900
2020-01-28,57.450001,57.750000,56.970001,57.009998,46.799469,15240200
2020-01-29,57.000000,57.259998,56.660000,57.009998,46.799469,13163600
2020-01-30,57.930000,58.980000,57.759998,58.860001,48.318142,20225600
2020-01-31,58.970001,59.080002,58.150002,58.400002,47.940536,17685200
2020-02-03,58.750000,58.970001,58.520000,58.580002,48.088295,12333600
2020-02-04,58.750000,59.450001,58.619999,58.840000,48.301735,15417900
2020-02-05,58.900002,59.080002,58.540001,58.849998,48.309933,11414900
2020-02-06,58.980000,59.340000,58.840000,58.990002,48.424862,9347000
2020-02-07,58.880001,59.320000,58.849998,59.189999,48.589050,8757800
2020-02-10,59.320000,59.840000,59.290001,59.750000,49.048744,7984900
2020-02-11,59.720001,59.799999,59.320000,59.590000,48.917397,7431200
2020-02-12,59.480000,59.770000,59.320000,59.410000,48.769642,9179100
2020-02-13,59.380001,59.840000,59.209999,59.610001,48.933823,8173200
2020-02-14,59.630001,60.070000,59.619999,59.950001,49.212929,9965500
2020-02-18,59.810001,59.930000,59.450001,59.529999,48.868145,10075700
2020-02-19,59.509998,60.000000,59.470001,59.770000,49.065166,6265700
2020-02-20,59.680000,59.860001,59.110001,59.720001,49.024120,7597200
2020-02-21,59.509998,60.130001,59.430000,60.130001,49.360691,10842400
2020-02-24,59.110001,59.799999,58.570000,58.650002,48.145752,14415500
2020-02-25,58.700001,59.200001,57.619999,57.820000,47.464413,15915100
2020-02-26,57.980000,58.470001,57.480000,57.599998,47.283802,15837800
2020-02-27,57.150002,57.889999,54.880001,54.930000,45.092010,23754000
2020-02-28,53.830002,53.889999,51.580002,53.490002,43.909920,40890600
2020-03-02,53.930000,55.959999,53.700001,55.919998,45.904701,25698600
2020-03-03,56.759998,57.490002,55.639999,56.060001,46.019627,27099200
2020-03-04,56.410000,59.000000,56.410000,58.919998,48.367390,20526100
2020-03-05,57.799999,58.169998,56.189999,56.740002,46.577839,17948500
2020-03-06,54.939999,55.910000,53.980000,55.259998,45.362911,22353900
2020-03-09,52.049999,53.580002,51.480000,51.860001,42.571835,27898300
2020-03-10,53.220001,53.799999,51.169998,53.660000,44.049469,27457400
2020-03-11,52.349998,52.650002,51.139999,52.209999,42.859158,22653900
2020-03-12,48.540001,49.930000,46.689999,47.160000,38.713627,31913100
2020-03-13,49.509998,49.560001,46.610001,48.470001,40.137943,33697200
2020-03-16,42.240002,47.880001,41.169998,45.259998,37.479752,28682300
2020-03-17,45.880001,47.500000,45.369999,47.180000,39.069702,32106700
2020-03-18,44.740002,45.150002,41.590000,44.849998,37.140236,35408300
2020-03-19,44.360001,44.660000,41.040001,41.830002,34.639381,41956900
2020-03-20,41.950001,42.070000,37.509998,38.299999,31.716188,51513500
2020-03-23,38.759998,38.889999,36.270000,37.560001,31.103394,44978500
2020-03-24,41.220001,41.400002,38.830002,39.450001,32.668484,49096200
2020-03-25,40.630001,43.450001,39.910000,41.610001,34.457191,42511700
2020-03-26,42.840000,45.270000,42.450001,44.290001,36.676498,37821700
2020-03-27,43.660000,44.029999,42.400002,42.810001,35.450912,23297900
2020-03-30,43.040001,45.560001,43.040001,45.000000,37.264454,23446000
2020-03-31,45.070000,45.509998,44.060001,44.250000,36.643360,25373900
2020-04-01,42.480000,43.650002,41.799999,42.119999,34.879524,21936400
2020-04-02,42.220001,44.189999,41.860001,43.950001,36.394951,17621900
2020-04-03,43.580002,44.340000,43.310001,43.830002,36.295578,14207100
2020-04-06,45.389999,47.009998,44.689999,46.669998,38.647373,22850000
2020-04-07,48.500000,48.599998,46.480000,46.509998,38.514877,21279600
2020-04-08,46.639999,48.090000,46.330002,47.820000,39.599689,18937100
2020-04-09,48.439999,49.730000,48.349998,49.000000,40.576843,19165300
2020-04-13,48.349998,48.639999,46.500000,46.930000,38.862686,19586000
2020-04-14,47.939999,49.250000,46.930000,48.919998,40.510593,21801900
2020-04-15,47.709999,48.400002,47.410000,47.610001,39.425777,12893200
2020-04-16,47.400002,47.849998,46.759998,47.099998,39.003460,17606800
2020-04-17,48.299999,48.299999,47.369999,48.060001,39.798428,19844600
2020-04-20,47.790001,48.000000,46.310001,46.529999,38.531437,18957900
2020-04-21,45.880001,46.900002,44.259998,45.380001,37.579117,26863700
2020-04-22,46.049999,46.150002,45.500000,45.680000,37.827568,15811600
2020-04-23,45.950001,46.099998,44.970001,45.070000,37.322418,17668200
2020-04-24,45.500000,45.750000,45.119999,45.430000,37.620529,15175000
2020-04-27,46.000000,46.980000,45.709999,46.779999,38.738461,19175500
2020-04-28,47.900002,48.000000,46.570000,46.740002,38.705338,17246700
2020-04-29,47.270000,47.860001,46.880001,47.119999,39.020012,15780000
2020-04-30,47.000000,47.000000,45.700001,45.889999,38.001457,20801100
2020-05-01,45.619999,46.389999,45.209999,45.599998,37.761311,14290400
2020-05-04,45.320000,45.480000,44.599998,45.139999,37.380386,22544200
2020-05-05,45.360001,46.099998,45.150002,45.400002,37.595692,13370500
2020-05-06,45.400002,45.630001,44.720001,44.750000,37.057415,11892900
2020-05-07,45.150002,45.240002,44.500000,44.599998,36.933216,16466000
2020-05-08,45.080002,46.220001,44.880001,46.110001,38.183636,13985100
2020-05-11,45.689999,46.110001,45.520000,45.540001,37.711628,10874600
2020-05-12,45.599998,45.849998,44.799999,44.820000,37.115402,13424400
2020-05-13,44.709999,44.779999,43.520000,43.939999,36.386658,15854800
2020-05-14,43.380001,44.060001,43.230000,43.700001,36.187935,18000800
2020-05-15,43.959999,44.689999,43.200001,43.259998,35.823555,31579400
2020-05-18,44.820000,45.389999,44.130001,44.970001,37.239601,26118500
2020-05-19,45.009998,45.330002,44.250000,44.540001,36.883526,17839900
2020-05-20,45.200001,46.169998,45.020000,45.889999,38.001457,22295900
2020-05-21,46.080002,46.090000,45.029999,45.169998,37.405231,13193500
2020-05-22,45.220001,45.310001,44.650002,45.029999,37.289295,13008400
2020-05-26,46.919998,46.930000,45.930000,46.090000,38.167076,22223100
2020-05-27,47.000000,47.090000,46.169998,46.730000,38.697063,18447600
2020-05-28,47.299999,47.459999,46.820000,47.090000,38.995171,16230600
2020-05-29,46.680000,47.189999,46.139999,46.680000,38.655663,51125000
2020-06-01,46.660000,47.230000,46.590000,46.990002,38.912365,17010700
2020-06-02,47.160000,47.279999,46.560001,46.900002,38.837833,15255100
2020-06-03,47.270000,48.119999,47.119999,47.900002,39.665932,15508300
2020-06-04,47.939999,48.270000,47.380001,47.919998,39.682503,13604700
2020-06-05,48.540001,49.490002,48.459999,49.090000,40.651375,20504800
2020-06-08,49.540001,49.970001,49.470001,49.849998,41.280724,19896700
2020-06-09,49.590000,49.590000,48.680000,49.000000,40.576843,16713700
2020-06-10,49.160000,49.270000,48.570000,48.619999,40.262169,15716600
2020-06-11,47.810001,47.919998,45.459999,45.540001,37.711628,26070400
2020-06-12,46.209999,46.250000,45.009998,45.599998,38.104366,21822700
2020-06-15,44.570000,46.450001,44.470001,46.299999,38.689293,15622300
2020-06-16,47.560001,47.689999,46.189999,46.770000,39.082043,18803500
2020-06-17,46.779999,47.060001,46.439999,46.580002,38.923279,12602800
2020-06-18,46.299999,47.040001,46.070000,46.990002,39.265884,9380800
2020-06-19,47.770000,47.790001,46.020000,46.020000,38.455334,30464600
2020-06-22,46.029999,46.150002,45.380001,45.740002,38.221352,20876200
2020-06-23,46.000000,46.290001,45.580002,45.639999,38.137794,14675300
2020-06-24,45.369999,45.439999,44.500000,44.650002,37.310524,17631800
2020-06-25,44.470001,44.980000,44.029999,44.930000,37.544502,13829700
2020-06-26,44.919998,45.009998,43.509998,43.570000,36.408047,21955100
2020-06-29,44.000000,44.570000,43.549999,44.360001,37.068199,17603900
2020-06-30,44.250000,44.830002,44.040001,44.680000,37.335594,23679800
2020-07-01,44.930000,45.529999,44.709999,44.820000,37.452583,14316500
2020-07-02,45.290001,45.430000,44.799999,44.880001,37.502712,15111900
2020-07-06,45.139999,45.270000,44.610001,45.230000,37.795189,15146000
2020-07-07,45.000000,45.500000,44.799999,45.209999,37.778473,13043600
2020-07-08,45.139999,45.180000,44.470001,45.070000,37.661495,13851200
2020-07-09,45.049999,45.049999,43.830002,43.910000,36.692162,16087100
2020-07-10,43.880001,45.250000,43.860001,45.150002,37.728333,15627800
2020-07-13,45.529999,45.680000,44.959999,45.250000,37.811890,16705300
2020-07-14,44.910000,45.939999,44.669998,45.869999,38.329971,17080100
2020-07-15,46.299999,47.189999,46.200001,46.400002,38.772858,23738000
2020-07-16,46.259998,46.689999,45.939999,46.150002,38.563961,13306100
2020-07-17,46.470001,46.910000,46.130001,46.820000,39.123821,13899800
2020-07-20,46.720001,46.830002,45.849998,46.119999,38.538883,16633200
2020-07-21,47.520000,47.990002,46.930000,47.200001,39.441360,25681500
2020-07-22,47.930000,48.520000,47.029999,48.480000,40.510960,29831200
2020-07-23,48.470001,48.570000,48.029999,48.279999,40.343826,15935000
2020-07-24,48.400002,48.799999,48.070000,48.490002,40.519310,16196800
2020-07-27,48.180000,48.509998,48.180000,48.480000,40.510960,17346500
2020-07-28,48.340000,49.279999,48.099998,48.180000,40.260269,13872700
2020-07-29,48.139999,48.500000,47.820000,48.020000,40.126564,13758100
2020-07-30,47.669998,48.230000,47.200001,47.689999,39.850819,17276500
2020-07-31,47.439999,47.770000,46.730000,47.240002,39.474785,14849200
2020-08-03,47.139999,47.360001,46.230000,46.299999,38.689293,14137500
2020-08-04,46.290001,46.860001,46.220001,46.689999,39.015190,11717200
2020-08-05,46.900002,47.270000,46.810001,47.220001,39.458073,10498700
2020-08-06,46.660000,47.529999,46.599998,47.480000,39.675339,10745000
2020-08-07,47.470001,48.080002,47.209999,47.799999,39.942722,11669700
2020-08-10,48.060001,48.279999,47.660000,47.720001,39.875881,11888000
2020-08-11,48.459999,48.650002,47.700001,47.930000,40.051369,16531600
2020-08-12,48.299999,48.689999,48.119999,48.430000,40.469181,9562200
2020-08-13,48.259998,48.730000,48.060001,48.380001,40.427395,9882900
2020-08-14,48.340000,48.689999,48.029999,48.450001,40.485893,10075800
2020-08-17,48.320000,48.750000,48.200001,48.209999,40.285336,9102400
2020-08-18,48.200001,48.500000,47.959999,48.419998,40.460823,9829000
2020-08-19,48.119999,48.380001,47.220001,47.369999,39.583405,17371000
2020-08-20,47.270000,47.599998,47.090000,47.349998,39.566700,11308700
2020-08-21,47.340000,47.500000,46.970001,47.279999,39.508205,14734100
2020-08-24,47.430000,47.980000,47.180000,47.970001,40.084793,9257700
2020-08-25,48.000000,48.049999,47.650002,47.910000,40.034649,7827800
2020-08-26,47.759998,48.180000,47.470001,48.160000,40.243561,10124200
2020-08-27,48.250000,48.820000,48.200001,48.230000,40.302048,10931600
2020-08-28,48.750000,49.849998,48.529999,49.830002,41.639057,16420300
2020-08-31,49.799999,50.070000,49.349998,49.529999,41.388359,18510800
2020-09-01,49.310001,49.349998,48.830002,49.119999,41.045757,12588400
2020-09-02,49.360001,51.360001,49.360001,51.189999,42.775490,26332600
2020-09-03,51.400002,52.139999,50.099998,50.480000,42.182194,22289400
2020-09-04,50.939999,51.470001,50.279999,51.040001,42.650150,21019500
2020-09-08,50.930000,51.040001,49.360001,49.810001,41.622330,17776700
2020-09-09,49.599998,50.759998,49.549999,50.189999,41.939869,15252300
2020-09-10,50.349998,50.680000,49.950001,50.000000,41.781094,15439500
2020-09-11,50.400002,51.200001,50.099998,51.060001,42.666855,18272300
2020-09-14,50.970001,51.230000,50.570000,50.709999,42.717403,10911700
2020-09-15,51.000000,51.380001,50.840000,51.049999,43.003807,12838400
2020-09-16,50.950001,51.450001,50.740002,50.790001,42.784794,15353900
2020-09-17,50.220001,50.630001,49.939999,50.549999,42.582626,13287100
2020-09-18,50.750000,51.160000,50.209999,50.450001,42.498383,23816600
2020-09-21,49.750000,50.020000,48.610001,49.090000,41.352737,17514800
2020-09-22,49.110001,50.040001,49.070000,49.660000,41.832897,13034600
2020-09-23,49.730000,49.919998,48.169998,48.209999,40.611439,17121200
2020-09-24,48.209999,49.099998,47.560001,48.700001,41.024208,16788100
2020-09-25,48.200001,48.759998,47.980000,48.720001,41.041065,12603400
2020-09-28,49.310001,49.709999,49.139999,49.279999,41.512791,11215700
2020-09-29,49.389999,49.560001,48.910000,48.919998,41.209534,12426600
2020-09-30,49.270000,49.619999,48.889999,49.369999,41.588593,15755900
2020-10-01,49.439999,49.660000,48.590000,49.180000,41.428547,17577300
2020-10-02,48.759998,49.580002,48.549999,49.360001,41.580181,13610100
2020-10-05,49.430000,49.549999,49.119999,49.380001,41.597023,10628700
2020-10-06,49.549999,49.730000,48.830002,48.939999,41.226379,10077400
2020-10-07,49.020000,49.759998,48.950001,49.560001,41.748653,10135600
2020-10-08,49.709999,50.540001,49.540001,50.459999,42.506813,12143900
2020-10-09,50.669998,51.230000,50.599998,50.810001,42.801636,11407800
2020-10-12,50.840000,51.529999,50.830002,51.090000,43.037502,11386500
2020-10-13,50.990002,50.990002,49.900002,50.220001,42.304638,14365300
2020-10-14,50.049999,50.490002,49.650002,50.119999,42.220398,10582100
2020-10-15,49.400002,50.130001,49.299999,49.990002,42.110886,9961700
2020-10-16,49.990002,50.349998,49.869999,50.029999,42.144581,13569800
2020-10-19,50.029999,50.480000,49.459999,49.619999,41.799198,9930400
2020-10-20,49.889999,50.619999,49.790001,50.250000,42.329899,10970700
2020-10-21,49.959999,50.430000,49.770000,49.990002,42.110886,12517400
2020-10-22,51.169998,51.200001,50.380001,50.680000,42.692120,20189200
2020-10-23,51.000000,51.180000,50.470001,50.520000,42.557358,13491300
2020-10-26,50.340000,50.509998,49.200001,49.799999,41.950832,14696400
2020-10-27,49.810001,50.290001,49.549999,49.900002,42.035072,13892100
2020-10-28,49.000000,49.150002,47.779999,47.959999,40.400837,19886200
2020-10-29,47.730000,48.480000,47.299999,48.020000,40.451385,15369900
2020-10-30,47.810001,48.119999,47.369999,48.060001,40.485088,15804000
2020-11-02,48.750000,48.950001,48.240002,48.619999,40.956810,15156100
2020-11-03,49.220001,49.959999,49.000000,49.349998,41.571754,15285100
2020-11-04,49.430000,50.209999,49.080002,49.169998,41.420120,12930800
2020-11-05,49.759998,50.209999,49.340000,49.439999,41.647572,12452400
2020-11-06,49.650002,49.990002,49.250000,49.450001,41.655987,9294900
2020-11-09,52.500000,53.259998,52.070000,52.570000,44.284241,33442000
2020-11-10,52.570000,54.279999,52.450001,53.980000,45.472008,29706700
2020-11-11,53.930000,54.299999,53.330002,53.580002,45.135056,17399900
2020-11-12,53.049999,53.209999,52.610001,53.009998,44.654896,15024400
2020-11-13,53.250000,53.500000,52.889999,53.450001,45.025543,12447900
2020-11-16,54.500000,54.619999,53.279999,53.849998,45.362507,14908200
2020-11-17,53.660000,53.750000,53.029999,53.680000,45.219284,14248400
2020-11-18,53.750000,54.020000,52.560001,52.610001,44.317944,15278200
2020-11-19,52.490002,53.230000,51.950001,53.130001,44.755978,17189500
2020-11-20,53.189999,53.250000,52.590000,52.669998,44.368469,15645600
2020-11-23,52.950001,53.169998,52.200001,52.680000,44.376892,13191900
2020-11-24,53.139999,53.590000,53.020000,53.220001,44.831795,13827600
2020-11-25,53.070000,53.279999,52.790001,52.930000,44.587505,10194800
2020-11-27,53.110001,53.189999,52.610001,52.700001,44.393745,8499300
2020-11-30,52.090000,52.189999,51.080002,51.599998,43.807953,43203600
2020-12-01,52.139999,52.330002,51.790001,52.040001,44.181519,18968800
2020-12-02,51.900002,52.130001,51.639999,52.110001,44.240936,14913100
2020-12-03,51.900002,52.939999,51.900002,52.779999,44.809750,17318900
2020-12-04,52.779999,53.869999,52.759998,53.849998,45.718185,18122400
2020-12-07,53.759998,53.779999,52.700001,52.990002,44.988041,16210900
2020-12-08,52.939999,53.480000,52.790001,53.180000,45.149361,12485800
2020-12-09,53.369999,53.599998,53.000000,53.330002,45.276703,11508400
2020-12-10,53.400002,53.509998,52.980000,53.049999,45.038994,12097300
2020-12-11,52.799999,53.540001,52.779999,53.349998,45.293682,10638100
2020-12-14,53.650002,53.840000,53.180000,53.270000,45.225765,22292000
2020-12-15,53.790001,54.220001,53.599998,53.840000,45.709686,16193700
2020-12-16,53.599998,53.799999,52.939999,53.060001,45.047482,15679600
2020-12-17,53.299999,53.709999,53.150002,53.270000,45.225765,12677300
2020-12-18,53.080002,53.840000,52.619999,53.740002,45.624790,35480100
2020-12-21,52.680000,53.000000,51.980000,52.810001,44.835228,14926600
2020-12-22,52.810001,53.180000,52.389999,52.759998,44.792778,9689500
2020-12-23,52.950001,53.389999,52.939999,53.080002,45.064461,7040300
2020-12-24,53.020000,53.549999,53.020000,53.439999,45.370098,3265500
2020-12-28,53.849998,54.439999,53.730000,54.160000,45.981361,9020500
2020-12-29,54.450001,54.490002,54.020000,54.130001,45.955898,8320600
2020-12-30,54.049999,54.630001,54.029999,54.439999,46.219086,8142700
2020-12-31,54.450001,54.930000,54.270000,54.840000,46.558681,8495000
2021-01-04,54.270000,54.630001,52.029999,52.759998,44.792778,25611100
2021-01-05,52.330002,52.619999,52.029999,52.180000,44.300362,20323800
2021-01-06,51.970001,52.020000,50.189999,50.520000,42.891045,38724500
2021-01-07,50.090000,50.259998,49.520000,49.959999,42.415600,53225700
2021-01-08,50.029999,51.130001,49.840000,51.080002,43.366474,29674000
2021-01-11,50.619999,50.860001,49.950001,50.200001,42.619362,19304400
2021-01-12,50.040001,50.369999,49.759998,50.110001,42.542953,18538700
2021-01-13,49.980000,50.360001,49.950001,50.160000,42.585400,18864100
2021-01-14,50.160000,50.180000,49.220001,49.230000,41.795830,34303600
2021-01-15,49.160000,49.180000,48.529999,48.700001,41.345871,24366800
2021-01-19,48.740002,49.040001,48.240002,48.509998,41.184563,29114500
2021-01-20,48.540001,48.820000,48.310001,48.680000,41.328896,23115800
2021-01-21,48.779999,49.090000,48.459999,48.950001,41.558121,19702500
2021-01-22,48.810001,48.939999,48.490002,48.490002,41.167591,15400300
2021-01-25,48.419998,48.840000,48.240002,48.779999,41.413799,16604200
2021-01-26,48.910000,49.400002,48.610001,49.290001,41.846783,12922600
2021-01-27,48.889999,49.320000,48.230000,48.529999,41.201542,21242400
2021-01-28,48.689999,49.500000,48.610001,49.150002,41.727921,17498900
2021-01-29,49.029999,49.119999,48.110001,48.150002,40.878937,18670300
2021-02-01,48.270000,48.689999,48.180000,48.480000,41.159100,12183600
2021-02-02,48.799999,49.349998,48.630001,48.959999,41.566601,13319800
2021-02-03,48.950001,49.090000,48.669998,48.770000,41.405300,12274100
2021-02-04,48.959999,49.070000,48.650002,49.009998,41.609062,20597400
2021-02-05,49.500000,49.779999,49.270000,49.650002,42.152420,12742000
2021-02-08,49.959999,50.169998,49.490002,49.919998,42.381638,17833200
2021-02-09,49.849998,50.020000,49.630001,49.700001,42.194866,14592900
2021-02-10,50.410000,50.580002,49.529999,49.599998,42.109962,22965400
2021-02-11,49.810001,50.590000,49.799999,50.299999,42.704254,21928600
2021-02-12,50.570000,50.849998,50.389999,50.689999,43.035366,13137100
2021-02-16,50.619999,50.720001,50.160000,50.270000,42.678783,15093400
2021-02-17,50.000000,50.490002,49.889999,50.130001,42.559937,12794300
2021-02-18,50.160000,50.849998,50.029999,50.770000,43.103287,12747100
2021-02-19,50.790001,50.830002,49.970001,50.110001,42.542953,15968800
2021-02-22,49.849998,50.880001,49.669998,50.630001,42.984421,14370900
2021-02-23,51.000000,51.509998,50.419998,50.540001,42.908024,16222300
2021-02-24,50.389999,50.900002,50.130001,50.709999,43.052345,14442000
2021-02-25,50.470001,50.750000,49.980000,50.169998,42.593891,14211100
2021-02-26,50.200001,50.209999,48.970001,48.990002,41.592075,23638400
2021-03-01,49.439999,50.439999,49.400002,49.900002,42.364658,13901200
2021-03-02,49.840000,50.560001,49.700001,50.099998,42.534454,11755100
2021-03-03,49.720001,50.560001,49.709999,49.980000,42.432583,15410700
2021-03-04,50.310001,51.090000,49.619999,49.939999,42.398624,22036400
2021-03-05,50.049999,50.950001,49.900002,50.790001,43.120270,21310800
2021-03-08,51.470001,52.490002,51.160000,51.639999,43.841904,25084900
2021-03-09,51.720001,51.880001,50.820000,50.860001,43.179691,23082700
2021-03-10,51.180000,51.630001,50.720001,51.439999,43.672112,21331600
2021-03-11,51.410000,51.430000,50.810001,50.880001,43.196686,17417700
2021-03-12,50.590000,50.680000,50.200001,50.360001,43.111065,17598600
2021-03-15,50.500000,51.119999,50.470001,51.029999,43.684624,13411900
2021-03-16,51.200001,51.520000,51.040001,51.220001,43.847282,14214200
2021-03-17,51.250000,51.619999,51.150002,51.240002,43.864399,17502700
2021-03-18,51.060001,51.189999,50.490002,50.570000,43.290840,18007300
2021-03-19,50.459999,51.080002,50.169998,50.810001,43.496292,67845700
2021-03-22,50.320000,51.080002,50.320000,51.000000,43.658951,17911400
2021-03-23,50.990002,51.650002,50.830002,51.389999,43.992798,16936700
2021-03-24,51.169998,51.889999,51.150002,51.520000,44.104103,14997400
2021-03-25,51.700001,52.060001,51.169998,52.020000,44.532127,17091900
2021-03-26,52.139999,53.110001,51.759998,53.040001,45.405304,17126700
2021-03-29,52.730000,53.939999,52.709999,53.849998,46.098713,17514100
2021-03-30,53.750000,53.790001,52.930000,53.150002,45.499477,14871800
2021-03-31,53.029999,53.169998,52.500000,52.709999,45.122807,15826500
2021-04-01,52.959999,53.150002,52.459999,52.509998,44.951584,15834700
2021-04-05,52.349998,53.220001,52.290001,52.810001,45.208408,16368700
2021-04-06,53.040001,53.650002,52.900002,53.189999,45.533707,15614300
2021-04-07,53.279999,53.500000,53.119999,53.279999,45.610756,10062700
2021-04-08,53.169998,53.380001,52.970001,53.119999,45.473785,9695600
2021-04-09,53.169998,53.279999,52.810001,53.180000,45.525158,10828200
2021-04-12,53.330002,53.549999,53.099998,53.349998,45.670681,8565300
2021-04-13,53.040001,53.290001,52.810001,53.090000,45.448109,11071700
2021-04-14,52.980000,53.189999,52.650002,53.080002,45.439548,9787600
2021-04-15,53.130001,53.660000,53.119999,53.330002,45.653561,13078100
2021-04-16,53.740002,53.799999,53.380001,53.680000,45.953171,17974100
2021-04-19,54.000000,54.360001,53.299999,54.000000,46.227119,19352900
2021-04-20,53.840000,54.590000,53.810001,54.169998,46.372654,14419200
2021-04-21,54.240002,54.740002,54.240002,54.610001,46.749313,13866500
2021-04-22,54.470001,54.869999,54.320000,54.439999,46.603786,12558900
2021-04-23,54.400002,54.590000,54.169998,54.470001,46.629467,9020500
2021-04-26,54.470001,54.509998,53.580002,53.660000,45.936062,11684600
2021-04-27,53.560001,53.700001,53.320000,53.580002,45.867573,9852400
2021-04-28,53.980000,54.049999,53.439999,53.590000,45.876133,10868100
2021-04-29,53.540001,54.360001,53.430000,54.259998,46.449692,15391000
2021-04-30,54.250000,54.270000,53.689999,53.980000,46.209991,14912600
2021-05-03,54.270000,54.799999,54.160000,54.480000,46.638031,10417900
2021-05-04,54.570000,54.619999,53.939999,54.139999,46.346966,14151000
2021-05-05,54.139999,54.240002,53.709999,54.000000,46.227119,9665900
2021-05-06,54.119999,54.610001,54.049999,54.540001,46.689392,11572700
2021-05-07,54.439999,54.770000,54.160000,54.509998,46.663708,10637500
2021-05-10,54.880001,55.500000,54.830002,54.910000,47.006130,15545800
2021-05-11,55.029999,55.139999,54.049999,54.320000,46.501060,12986700
2021-05-12,54.360001,54.560001,53.880001,54.040001,46.261364,15836500
2021-05-13,53.970001,54.779999,53.830002,54.509998,46.663708,15475800
2021-05-14,54.900002,55.099998,54.689999,54.730000,46.852036,11725300
2021-05-17,54.840000,55.020000,54.500000,54.639999,46.774990,12119800
2021-05-18,54.389999,54.560001,54.099998,54.340000,46.518181,13232500
2021-05-19,54.119999,54.180000,53.610001,54.169998,46.372654,15126100
2021-05-20,54.119999,54.799999,54.119999,54.650002,46.783554,10948400
2021-05-21,54.799999,55.119999,54.220001,54.619999,46.757885,16033200
2021-05-24,54.630001,54.930000,54.490002,54.799999,46.911968,10326100
2021-05-25,54.820000,54.820000,54.349998,54.790001,46.903408,11916500
2021-05-26,54.980000,55.049999,54.590000,55.029999,47.108860,16064300
2021-05-27,55.209999,55.570000,54.779999,55.490002,47.502655,59109600
2021-05-28,55.349998,55.709999,55.200001,55.290001,47.331432,17011600
2021-06-01,55.340000,55.650002,55.099998,55.279999,47.322872,13304000
2021-06-02,55.500000,55.560001,55.259998,55.500000,47.511211,11328500
2021-06-03,55.180000,55.740002,55.099998,55.639999,47.631058,17364300
2021-06-04,55.900002,56.480000,55.779999,56.240002,48.144688,18935100
2021-06-07,56.310001,56.340000,55.810001,56.040001,47.973473,14010800
2021-06-08,56.250000,56.250000,55.549999,55.650002,47.639618,10968300
2021-06-09,55.750000,55.919998,55.480000,55.480000,47.494083,9838800
2021-06-10,55.910000,56.119999,55.759998,55.910000,47.862202,12444400
2021-06-11,55.990002,56.209999,55.660000,56.160000,48.076206,11825800
2021-06-14,55.689999,55.709999,55.200001,55.549999,47.912327,9710800
2021-06-15,55.779999,55.790001,55.189999,55.410000,47.791588,11154200
2021-06-16,55.439999,55.459999,54.639999,54.669998,47.153320,15211700
2021-06-17,54.669998,55.150002,54.650002,54.950001,47.394821,10658400
2021-06-18,54.509998,54.619999,53.720001,53.770000,46.377060,31445600
2021-06-21,54.220001,54.430000,54.000000,54.360001,46.885941,14404300
2021-06-22,54.340000,54.849998,54.259998,54.560001,47.058445,13072800
2021-06-23,54.560001,54.599998,54.110001,54.119999,46.678936,12339200
2021-06-24,54.259998,54.419998,54.000000,54.389999,46.911823,11488400
2021-06-25,54.240002,54.470001,54.009998,54.320000,46.851448,18880300
2021-06-28,54.250000,54.369999,54.000000,54.259998,46.799690,10556900
2021-06-29,54.130001,54.340000,53.720001,53.860001,46.454697,12300900
2021-06-30,53.799999,54.180000,53.750000,54.110001,46.670315,14614200
2021-07-01,54.340000,54.480000,53.860001,53.959999,46.540939,13214700
2021-07-02,54.000000,54.450001,54.000000,54.180000,46.730701,10604600
2021-07-06,53.990002,54.090000,53.549999,53.880001,46.471935,15278200
2021-07-07,53.720001,54.380001,53.720001,54.320000,46.851448,14377700
2021-07-08,54.009998,54.169998,53.740002,54.130001,46.687569,11943900
2021-07-09,54.250000,54.520000,54.180000,54.459999,46.972195,10847000
2021-07-12,54.320000,54.599998,54.270000,54.480000,46.989445,15107600
2021-07-13,54.950001,55.299999,54.750000,55.020000,47.455204,15170800
2021-07-14,55.020000,56.349998,54.959999,56.259998,48.524715,22002700
2021-07-15,56.240002,56.470001,55.910000,56.439999,48.679970,15068200
2021-07-16,56.459999,56.680000,56.259998,56.400002,48.645466,14860500
2021-07-19,56.080002,56.349998,55.160000,55.730000,48.067581,19527000
2021-07-20,55.730000,56.330002,55.520000,55.830002,48.153839,16257900
2021-07-21,57.330002,57.560001,56.430000,56.549999,48.774834,20918200
2021-07-22,56.619999,56.740002,56.049999,56.470001,48.705837,13402700
2021-07-23,56.590000,57.330002,56.450001,57.009998,49.171589,12144000
2021-07-26,56.889999,57.119999,56.560001,57.060001,49.214722,8681100
2021-07-27,57.110001,57.540001,56.919998,57.259998,49.387218,12794400
2021-07-28,56.990002,57.160000,56.630001,56.740002,48.938721,9858000
2021-07-29,57.070000,57.250000,56.860001,57.049999,49.206097,9599100
2021-07-30,57.150002,57.250000,56.900002,57.029999,49.188839,11727000
2021-08-02,57.200001,57.240002,56.709999,56.880001,49.059464,9778000
2021-08-03,57.000000,57.000000,56.750000,56.919998,49.093967,8825500
2021-08-04,56.750000,56.950001,56.009998,56.099998,48.386715,11888400
2021-08-05,56.439999,56.590000,56.290001,56.500000,48.731720,9806800
2021-08-06,56.599998,56.740002,56.439999,56.639999,48.852463,10409300
2021-08-09,56.799999,56.880001,56.430000,56.650002,48.861095,8859900
2021-08-10,56.840000,57.169998,56.660000,56.799999,48.990463,10906900
2021-08-11,56.889999,57.180000,56.709999,56.730000,48.930096,8370700
2021-08-12,56.730000,56.980000,56.730000,56.840000,49.024967,6169200
2021-08-13,56.810001,57.299999,56.770000,57.230000,49.361347,7714200
2021-08-16,57.200001,57.490002,57.029999,57.480000,49.576965,7972000
2021-08-17,57.459999,57.560001,57.009998,57.279999,49.404472,10346400
2021-08-18,57.189999,57.230000,56.419998,56.500000,48.731720,13873700
2021-08-19,56.060001,56.980000,55.950001,56.860001,49.042213,9223700
2021-08-20,56.840000,57.029999,56.580002,56.639999,48.852463,10543600
2021-08-23,56.669998,56.750000,56.380001,56.439999,48.679970,8912800
2021-08-24,56.639999,56.639999,55.900002,56.009998,48.309074,12067200
2021-08-25,56.060001,56.169998,55.730000,56.070000,48.360832,11270700
2021-08-26,55.950001,55.980000,55.509998,55.540001,47.903702,10331500
2021-08-27,55.660000,55.790001,55.450001,55.650002,47.998585,8844100
2021-08-30,55.689999,56.200001,55.639999,56.180000,48.455711,10034700
2021-08-31,56.160000,56.520000,56.000000,56.310001,48.567837,14185700
2021-09-01,56.380001,56.799999,56.279999,56.689999,48.895592,9518900
2021-09-02,56.770000,57.029999,56.410000,56.770000,48.964588,11653200
2021-09-03,56.459999,56.770000,56.250000,56.730000,48.930096,13220400
2021-09-07,56.599998,56.689999,55.509998,55.669998,48.015835,20035300
2021-09-08,55.610001,56.480000,55.610001,56.419998,48.662712,12040100
2021-09-09,56.180000,56.419998,55.799999,55.860001,48.179710,12545400
2021-09-10,56.009998,56.130001,55.520000,55.610001,47.964077,10573700
2021-09-13,55.740002,56.400002,55.740002,56.070000,48.360832,20274300
2021-09-14,55.919998,55.980000,55.549999,55.689999,48.395588,13918900
2021-09-15,55.680000,56.000000,55.419998,55.880001,48.560711,15746000
2021-09-16,55.720001,55.990002,54.820000,55.349998,48.100124,17430400
2021-09-17,55.020000,55.189999,54.369999,54.439999,47.309322,33370200
2021-09-20,54.110001,54.400002,53.730000,54.060001,46.979095,27542500
2021-09-21,54.389999,54.820000,53.939999,54.049999,46.970406,16418200
2021-09-22,54.509998,54.560001,54.060001,54.130001,47.039928,12719700
2021-09-23,54.259998,54.619999,54.000000,54.040001,46.961716,13836200
2021-09-24,54.000000,54.240002,53.860001,53.889999,46.831356,9682200
2021-09-27,53.849998,54.250000,53.570000,53.610001,46.588043,12429500
2021-09-28,53.459999,53.459999,52.430000,52.639999,45.745087,19926100
2021-09-29,52.639999,53.160000,52.560001,52.959999,46.023178,13941500
2021-09-30,53.169998,53.330002,52.430000,52.470001,45.597363,17672000
2021-10-01,52.779999,53.200001,52.570000,53.020000,46.075317,16277400
2021-10-04,53.060001,53.529999,52.400002,52.990002,46.049248,18973400
2021-10-05,53.020000,53.470001,52.930000,53.080002,46.127457,17173100
2021-10-06,52.770000,53.770000,52.509998,53.709999,46.674938,21284500
2021-10-07,53.990002,54.279999,53.810001,53.880001,46.822670,13774400
2021-10-08,54.000000,54.389999,53.900002,54.119999,47.031231,13786800
2021-10-11,54.209999,54.389999,54.009998,54.230000,47.126823,12378500
2021-10-12,54.419998,54.830002,54.220001,54.230000,47.126823,19474400
2021-10-13,54.169998,54.430000,53.790001,54.240002,47.135521,12143300
2021-10-14,54.389999,54.810001,54.310001,54.610001,47.457050,13704000
2021-10-15,54.639999,54.880001,54.290001,54.480000,47.344078,17867000
2021-10-18,54.349998,54.389999,53.860001,53.939999,46.874809,15861800
2021-10-19,54.040001,54.200001,53.770000,54.150002,47.057304,11068500
2021-10-20,54.180000,54.759998,54.110001,54.630001,47.474442,12474800
2021-10-21,54.599998,54.669998,54.209999,54.349998,47.231106,14388300
2021-10-22,54.389999,54.529999,54.070000,54.450001,47.318016,12828600
2021-10-25,54.380001,54.470001,54.020000,54.230000,47.126823,11855000
2021-10-26,54.320000,54.580002,54.230000,54.470001,47.335392,12086700
2021-10-27,55.970001,56.080002,55.270000,55.520000,48.247864,24019800
2021-10-28,55.750000,56.110001,55.619999,56.040001,48.699749,15928000
2021-10-29,55.869999,56.470001,55.779999,56.369999,48.986530,24463700
2021-11-01,56.389999,56.400002,55.900002,56.169998,48.812721,11651100
2021-11-02,56.470001,56.500000,55.970001,56.099998,48.751896,11498900
2021-11-03,56.000000,56.330002,55.779999,56.290001,48.917007,10788300
2021-11-04,56.110001,56.630001,56.029999,56.599998,49.186398,10820200
2021-11-05,56.840000,57.160000,56.590000,56.840000,49.394966,12886700
2021-11-08,56.750000,56.889999,56.130001,56.330002,48.951759,12828000
2021-11-09,56.410000,56.520000,56.090000,56.490002,49.090805,10155800
2021-11-10,56.540001,56.919998,56.290001,56.720001,49.290684,8813600
2021-11-11,56.830002,56.880001,56.570000,56.740002,49.308067,7257700
2021-11-12,56.750000,56.990002,56.549999,56.610001,49.195087,10162500
2021-11-15,56.529999,56.680000,56.270000,56.619999,49.203770,10289200
2021-11-16,56.619999,56.939999,56.189999,56.220001,48.856174,13756500
2021-11-17,56.040001,56.049999,55.650002,55.910000,48.586784,13288700
2021-11-18,55.830002,55.930000,55.139999,55.410000,48.152279,15380100
2021-11-19,55.439999,55.490002,54.900002,55.130001,47.908947,15813700
2021-11-22,55.099998,56.020000,55.080002,55.470001,48.204411,16905600
2021-11-23,55.660000,56.110001,55.500000,55.880001,48.560711,13835900
2021-11-24,55.709999,55.840000,55.029999,55.430000,48.169651,12598900
2021-11-26,54.590000,54.750000,53.580002,53.730000,46.692329,14754300
2021-11-29,54.049999,54.730000,53.930000,54.580002,47.430984,22712500
2021-11-30,53.599998,53.630001,52.439999,52.450001,45.933437,30485200
2021-12-01,52.980000,53.520000,52.279999,52.299999,45.802078,18719600
2021-12-02,52.599998,53.340000,52.509998,53.070000,46.476421,17074200
2021-12-03,53.330002,53.610001,52.980000,53.540001,46.888016,21064400
2021-12-06,54.310001,55.250000,54.139999,54.910000,48.087795,26624100
2021-12-07,55.020000,55.419998,54.849998,55.209999,48.350529,23832700
2021-12-08,55.119999,55.349998,54.360001,55.000000,48.166626,18026300
2021-12-09,54.750000,55.130001,54.590000,54.860001,48.044014,13846400
2021-12-10,55.250000,56.320000,55.070000,56.279999,49.287590,23153600
2021-12-13,56.980000,57.930000,56.959999,57.759998,50.583710,31362800
2021-12-14,57.400002,58.169998,57.400002,57.799999,50.618736,24806600
2021-12-15,57.930000,58.250000,57.650002,58.060001,50.846432,24923800
2021-12-16,57.980000,58.880001,57.900002,58.650002,51.363136,24696900
2021-12-17,58.490002,58.919998,57.700001,57.730000,50.557434,51874400
2021-12-20,57.200001,57.779999,57.000000,57.540001,50.391041,20879500
2021-12-21,57.610001,57.970001,57.529999,57.770000,50.592468,15864900
2021-12-22,57.709999,58.189999,57.490002,58.180000,50.951534,12447400
2021-12-23,58.520000,58.610001,57.939999,58.220001,50.986561,11027300
2021-12-27,58.000000,58.689999,58.000000,58.650002,51.363136,9860000
2021-12-28,58.400002,58.939999,58.299999,58.880001,51.564552,8979900
2021-12-29,58.950001,59.099998,58.660000,58.950001,51.625866,9996000
2021-12-30,59.060001,59.230000,58.759998,58.779999,51.476982,7703900
2021-12-31,58.750000,59.349998,58.700001,59.209999,51.853558,10021300
2022-01-03,58.820000,59.310001,58.380001,59.299999,51.932369,20187300
2022-01-04,59.730000,60.540001,59.590000,60.290001,52.799370,26141600
2022-01-05,60.090000,61.200001,60.049999,60.790001,53.237259,22507300
2022-01-06,60.470001,61.119999,60.439999,60.470001,52.957012,17902300
2022-01-07,60.279999,60.720001,60.060001,60.330002,52.834404,12307900
2022-01-10,60.549999,60.820000,60.180000,60.430000,52.921986,20954300
2022-01-11,60.430000,60.490002,59.840000,60.450001,52.939499,19369600
2022-01-12,60.529999,60.689999,60.189999,60.540001,53.018314,15753800
2022-01-13,60.540001,61.040001,60.389999,60.900002,53.333580,14318000
2022-01-14,60.939999,61.450001,60.360001,61.389999,53.762703,19729600
2022-01-18,61.060001,61.189999,60.450001,60.900002,53.333580,21976700
2022-01-19,60.660000,61.180000,60.560001,61.000000,53.421158,18654700
2022-01-20,61.000000,61.439999,60.720001,60.750000,53.202221,23002400
2022-01-21,61.080002,61.299999,60.400002,60.450001,52.939499,26643200
2022-01-24,59.900002,60.349998,58.570000,59.959999,52.510368,30185100
2022-01-25,59.360001,60.049999,58.689999,59.820000,52.387768,19027100
2022-01-26,59.790001,60.349998,59.209999,59.599998,52.195095,19190200
2022-01-27,59.880001,60.930000,59.500000,59.650002,52.238895,18893800
2022-01-28,59.389999,60.889999,58.939999,60.840000,53.281040,19101500
2022-01-31,60.299999,61.139999,60.150002,61.009998,53.429924,22045300
2022-02-01,60.910000,61.139999,60.160000,60.560001,53.035828,20841700
2022-02-02,60.619999,61.270000,60.560001,61.180000,53.578800,20225600
2022-02-03,60.939999,61.779999,60.590000,61.610001,53.955368,19440500
2022-02-04,61.490002,61.680000,60.570000,60.959999,53.386131,17403700
2022-02-07,61.380001,61.720001,60.860001,61.599998,53.946609,17846400
2022-02-08,61.830002,62.330002,61.740002,62.000000,54.296913,18771700
2022-02-09,62.169998,62.320000,60.900002,61.040001,53.456192,23595600
2022-02-10,60.360001,62.299999,60.200001,61.380001,53.753956,23561500
2022-02-11,61.770000,61.980000,60.150002,60.290001,52.799370,22781400
2022-02-14,60.160000,60.790001,59.279999,60.680000,53.140926,23641300
2022-02-15,60.959999,61.779999,60.630001,60.910000,53.342339,13408700
2022-02-16,60.860001,61.400002,60.560001,60.900002,53.333580,15484700
2022-02-17,60.549999,62.279999,60.410000,62.119999,54.402008,21468700
2022-02-18,62.119999,62.820000,61.990002,62.540001,54.769825,21975000
2022-02-22,62.430000,62.639999,61.720001,62.279999,54.542130,21731400
2022-02-23,62.240002,62.330002,61.340000,61.590000,53.937855,19248500
2022-02-24,59.970001,60.619999,59.220001,60.509998,52.992043,27207400
2022-02-25,60.939999,62.900002,60.919998,62.849998,55.041306,21487800
2022-02-28,61.650002,62.340000,61.410000,62.240002,54.507103,25879100
2022-03-01,62.139999,62.750000,61.509998,61.970001,54.270649,15871100
2022-03-02,62.230000,62.880001,61.779999,62.430000,54.673492,17319100
2022-03-03,62.610001,63.020000,62.290001,62.470001,54.708523,21262800
2022-03-04,61.459999,62.590000,61.200001,62.570000,54.796093,17163000
2022-03-07,62.009998,62.070000,60.720001,61.080002,53.491219,29151400
2022-03-08,61.450001,61.540001,58.590000,58.660000,51.371883,30242100
2022-03-09,59.820000,59.840000,58.660000,58.959999,51.634621,23022700
2022-03-10,58.480000,58.660000,57.500000,57.880001,50.688801,20887300
2022-03-11,57.959999,58.849998,57.860001,57.919998,50.723827,19855600
2022-03-14,57.970001,59.040001,57.970001,58.540001,51.659233,17799400
2022-03-15,59.080002,59.889999,58.980000,59.619999,52.612289,18607200
2022-03-16,59.779999,59.939999,58.610001,59.459999,52.471096,17347300
2022-03-17,59.459999,60.139999,59.230000,60.090000,53.027046,15586200
2022-03-18,60.299999,60.299999,59.709999,60.099998,53.035873,30197800
2022-03-21,60.500000,61.099998,60.250000,60.580002,53.459450,17440100
2022-03-22,60.930000,60.950001,60.060001,60.799999,53.653606,17559500
2022-03-23,60.750000,60.980000,60.000000,60.400002,53.300617,15529200
2022-03-24,60.639999,61.020000,60.459999,60.980000,53.812439,13151300
2022-03-25,61.119999,61.610001,61.049999,61.529999,54.297794,12259800
2022-03-28,61.529999,61.939999,61.209999,61.919998,54.641953,11485200
2022-03-29,62.209999,62.529999,61.740002,62.160000,54.853752,14720600
2022-03-30,62.009998,62.209999,61.560001,62.209999,54.897869,13641000
2022-03-31,62.220001,62.639999,62.000000,62.000000,54.712551,16822900
2022-04-01,62.330002,62.950001,62.090000,62.869999,55.480293,12644900
2022-04-04,62.599998,62.790001,61.720001,62.540001,55.189079,11505800
2022-04-05,62.400002,63.240002,62.369999,62.470001,55.127308,15721200
2022-04-06,62.770000,63.259998,62.299999,63.099998,55.683250,19267400
2022-04-07,63.130001,63.669998,62.709999,63.439999,55.983299,13960800
2022-04-08,63.480000,64.040001,63.160000,63.830002,56.327446,12703500
2022-04-11,63.910000,64.300003,63.639999,63.810001,56.309807,12720100
2022-04-12,64.379997,64.809998,63.889999,64.559998,56.971649,18089900
2022-04-13,64.440002,64.870003,64.230003,64.730003,57.121666,11883000
2022-04-14,64.959999,65.570000,64.820000,65.019997,57.377586,16388400
2022-04-18,64.769997,65.180000,64.180000,64.440002,56.865757,11679400
2022-04-19,64.500000,65.250000,64.440002,65.070000,57.421707,11993800
2022-04-20,65.440002,66.239998,65.400002,65.959999,58.207096,14827100
2022-04-21,65.980003,67.000000,65.720001,66.209999,58.427708,15120400
2022-04-22,66.080002,66.339996,65.180000,65.250000,57.580547,14902200
2022-04-25,67.000000,67.199997,64.779999,65.940002,58.189438,25082000
2022-04-26,65.519997,66.370003,65.040001,65.050003,57.404060,21982600
2022-04-27,65.000000,66.279999,65.000000,65.559998,57.854103,16971000
2022-04-28,64.660004,66.279999,64.500000,66.190002,58.410061,22010600
2022-04-29,65.870003,66.029999,64.489998,64.610001,57.015770,20137100
2022-05-02,65.279999,65.309998,62.580002,63.439999,55.983299,24970300
2022-05-03,63.720001,63.939999,62.669998,63.080002,55.665615,21686300
2022-05-04,63.000000,65.120003,62.939999,65.029999,57.386398,19780200
2022-05-05,64.690002,65.029999,64.010002,64.510002,56.927528,20155200
2022-05-06,64.199997,65.309998,64.070000,64.739998,57.130489,18984000
2022-05-09,64.470001,65.360001,64.040001,64.610001,57.015770,20055300
2022-05-10,64.500000,65.320000,63.849998,64.010002,56.486298,21322200
2022-05-11,64.330002,65.199997,63.959999,64.309998,56.751034,19648400
2022-05-12,64.160004,64.529999,63.209999,64.510002,56.927528,22574700
2022-05-13,64.809998,65.800003,64.120003,65.720001,57.995312,16167000
2022-05-16,65.440002,66.379997,65.440002,65.959999,58.207096,13223200
2022-05-17,66.099998,66.099998,65.010002,65.779999,58.048244,21300600
2022-05-18,65.419998,65.519997,60.959999,61.200001,54.006588,31437300
2022-05-19,60.959999,60.959999,59.660000,60.000000,52.947624,31493900
2022-05-20,60.490002,61.240002,59.660000,60.980000,53.812439,29133800
2022-05-23,61.650002,63.099998,61.590000,62.860001,55.471470,19406900
2022-05-24,62.880001,64.190002,62.750000,64.019997,56.495121,16154200
2022-05-25,64.000000,64.470001,63.599998,64.070000,56.539246,15360500
2022-05-26,64.070000,65.099998,63.959999,64.300003,56.742214,16159800
2022-05-27,64.260002,64.830002,64.139999,64.680000,57.077553,17709000
2022-05-31,64.080002,64.320000,63.049999,63.380001,55.930340,43159000
2022-06-01,63.419998,63.680000,62.130001,63.070000,55.656788,15408300
2022-06-02,63.180000,63.740002,62.110001,63.730000,56.239212,14586000
2022-06-03,63.570000,63.630001,62.810001,62.970001,55.568531,13539900
2022-06-06,63.330002,63.770000,62.660000,62.869999,55.480293,15112800
2022-06-07,62.380001,63.369999,62.220001,63.250000,55.815632,17886300
2022-06-08,62.990002,63.209999,62.560001,62.889999,55.497944,10211500
2022-06-09,62.869999,63.349998,61.779999,61.799999,54.536060,13382200
2022-06-10,61.009998,61.889999,60.459999,61.410000,54.191898,14967600
2022-06-13,60.750000,62.290001,60.669998,61.340000,54.130131,23064200
2022-06-14,60.730000,60.889999,58.660000,59.230000,52.645779,24620000
2022-06-15,60.000000,60.639999,58.970001,59.669998,53.036850,19684700
2022-06-16,58.639999,59.520000,58.250000,59.070000,52.503551,15053800
2022-06-17,59.700001,60.130001,59.130001,59.430000,52.823540,34781900
2022-06-21,59.490002,60.880001,59.009998,60.700001,53.952354,17705000
2022-06-22,60.599998,61.450001,60.320000,61.150002,54.352333,15207100
2022-06-23,61.299999,61.910000,61.230000,61.880001,55.001186,17190900
2022-06-24,62.110001,63.060001,62.110001,63.040001,56.032234,18147100
2022-06-27,62.980000,63.290001,62.630001,62.910000,55.916691,12142100
2022-06-28,63.080002,63.759998,62.110001,62.279999,55.356716,13150100
2022-06-29,62.540001,63.110001,62.430000,62.730000,55.756706,11795500
2022-06-30,62.320000,63.110001,62.160000,62.910000,55.916691,15514200
2022-07-01,63.119999,64.449997,62.820000,64.379997,57.223274,15143200
2022-07-05,64.180000,64.180000,62.419998,63.279999,56.245560,15921200
2022-07-06,63.599998,64.089996,63.189999,63.410000,56.361107,13450500
2022-07-07,63.259998,63.580002,62.700001,62.910000,55.916691,14828400
2022-07-08,63.029999,63.419998,62.880001,63.139999,56.121124,11311500
2022-07-11,62.990002,63.459999,62.590000,62.939999,55.943352,12702100
2022-07-12,63.000000,63.450001,62.470001,62.669998,55.703369,14731100
2022-07-13,62.330002,63.000000,61.980000,62.380001,55.445610,13145300
2022-07-14,61.330002,62.250000,61.299999,62.180000,55.267834,14433000
2022-07-15,62.750000,62.970001,62.070000,62.500000,55.552265,21968400
2022-07-18,62.520000,62.560001,61.509998,61.650002,54.796749,10780800
2022-07-19,62.090000,62.650002,61.930000,62.529999,55.578930,10998200
2022-07-20,62.400002,62.580002,61.150002,61.500000,54.663425,11010500
2022-07-21,61.259998,61.880001,60.790001,61.360001,54.538994,11959600
2022-07-22,61.380001,61.869999,61.320000,61.590000,54.743420,11644700
2022-07-25,61.549999,62.299999,61.310001,62.189999,55.276722,14941700
2022-07-26,62.750000,63.799999,62.529999,63.209999,56.183334,20118000
2022-07-27,62.880001,63.189999,61.790001,63.009998,56.005569,12142900
2022-07-28,62.919998,64.250000,62.889999,64.059998,56.938847,10837000
2022-07-29,63.709999,64.290001,63.630001,64.169998,57.036625,13734200
2022-08-01,64.089996,65.040001,64.029999,64.519997,57.347710,12831500
2022-08-02,64.589996,64.599998,63.430000,63.639999,56.565525,15241900
2022-08-03,63.549999,64.099998,63.310001,63.919998,56.814411,11317000
2022-08-04,63.639999,63.730000,62.919998,63.669998,56.592205,11795600
2022-08-05,63.630001,63.630001,62.669998,63.380001,56.334435,10445400
2022-08-08,63.500000,63.810001,62.750000,62.970001,55.970013,9165200
2022-08-09,63.180000,63.310001,62.849998,63.049999,56.041122,7910900
2022-08-10,63.630001,63.790001,63.099998,63.650002,56.574421,8857300
2022-08-11,63.689999,63.990002,63.080002,63.220001,56.192223,8507800
2022-08-12,63.430000,63.759998,63.090000,63.700001,56.618874,9489300
2022-08-15,63.639999,64.690002,63.570000,64.500000,57.329937,9863300
2022-08-16,64.570000,65.230003,64.330002,65.029999,57.801014,9569600
2022-08-17,64.830002,65.220001,64.760002,64.879997,57.667683,8144000
2022-08-18,64.959999,65.349998,64.709999,65.220001,57.969898,6532000
2022-08-19,65.209999,65.470001,64.959999,65.169998,57.925457,8921100
2022-08-22,64.839996,64.919998,63.990002,64.199997,57.063278,9087900
2022-08-23,63.820000,64.370003,63.680000,64.269997,57.125500,8443800
2022-08-24,64.239998,64.580002,64.050003,64.360001,57.205498,6844700
2022-08-25,64.360001,64.709999,63.900002,64.669998,57.481030,7913900
2022-08-26,64.730003,64.800003,62.980000,63.110001,56.094456,10089500
2022-08-29,62.689999,63.029999,62.410000,62.730000,55.756706,9115900
2022-08-30,62.910000,62.910000,61.990002,62.150002,55.241180,8456800
2022-08-31,62.380001,62.529999,61.700001,61.709999,54.850082,14633600
2022-09-01,61.580002,62.040001,61.290001,62.000000,55.107849,14939700
2022-09-02,62.389999,62.770000,60.900002,61.150002,54.352333,11809800
2022-09-06,61.290001,61.970001,60.990002,61.180000,54.379009,12181800
2022-09-07,61.320000,62.490002,61.320000,62.310001,55.383389,13290700
2022-09-08,62.080002,62.299999,61.340000,62.119999,55.214508,17193500
2022-09-09,62.169998,62.880001,61.860001,62.320000,55.392273,11855900
2022-09-12,62.430000,62.810001,62.270000,62.500000,55.552265,13026900
2022-09-13,62.200001,62.220001,60.279999,60.470001,53.747932,18532800
2022-09-14,60.639999,61.080002,60.439999,60.790001,54.032352,12881600
2022-09-15,60.400002,60.400002,59.360001,59.529999,53.298203,11451900
2022-09-16,59.660000,59.799999,59.110001,59.540001,53.307144,20493500
2022-09-19,59.389999,60.099998,59.230000,59.990002,53.710041,12596200
2022-09-20,59.680000,60.029999,59.320000,59.900002,53.629467,11984600
2022-09-21,60.139999,60.700001,59.389999,59.400002,53.181801,14165300
2022-09-22,59.549999,59.730000,59.200001,59.259998,53.056458,11657600
2022-09-23,58.959999,59.099998,58.000000,58.599998,52.465557,14824000
2022-09-26,58.490002,58.570000,57.689999,57.869999,51.811962,18670100
2022-09-27,58.080002,58.369999,56.310001,56.380001,50.477951,23829300
2022-09-28,56.660000,57.250000,55.910000,56.980000,51.015141,21480100
2022-09-29,57.090000,57.290001,56.000000,56.570000,50.648064,14570700
2022-09-30,56.869999,57.130001,56.000000,56.020000,50.155628,16124600
2022-10-03,56.360001,56.849998,56.060001,56.650002,50.719685,16277600
2022-10-04,56.950001,57.810001,56.459999,56.779999,50.836079,18861400
2022-10-05,56.500000,56.650002,55.509998,56.240002,50.352596,14324900
2022-10-06,56.000000,56.099998,54.869999,55.029999,49.269264,17192800
2022-10-07,54.990002,55.090000,54.250000,54.509998,48.803707,11479800
2022-10-10,54.599998,54.959999,54.020000,54.389999,48.696259,10239100
2022-10-11,54.459999,55.220001,54.240002,54.480000,48.776844,14303900
2022-10-12,55.230000,56.040001,55.040001,55.139999,49.367756,18377400
2022-10-13,54.480000,56.080002,54.259998,55.869999,50.021336,16220700
2022-10-14,56.290001,56.470001,54.939999,54.980000,49.224499,15997900
2022-10-17,55.630001,56.220001,55.570000,55.689999,49.860176,13721400
2022-10-18,56.310001,56.779999,56.099998,56.439999,50.531666,11823100
2022-10-19,56.310001,56.540001,55.730000,55.959999,50.101913,10182300
2022-10-20,55.770000,55.919998,54.959999,55.080002,49.314037,16905100
2022-10-21,55.000000,56.110001,54.990002,55.959999,50.101913,15034100
2022-10-24,56.639999,57.730000,56.570000,57.570000,51.543369,17416700
2022-10-25,59.040001,59.110001,57.750000,58.950001,52.778912,28829900
2022-10-26,59.009998,59.779999,58.860001,59.389999,53.172848,15831400
2022-10-27,59.770000,59.840000,59.380001,59.529999,53.298203,16026100
2022-10-28,59.570000,60.910000,59.470001,60.759998,54.399433,12888900
2022-10-31,60.509998,60.570000,59.669998,59.849998,53.584694,14016400
2022-11-01,60.029999,60.290001,59.369999,59.639999,53.396683,10659500
2022-11-02,59.639999,60.230000,58.770000,58.810001,52.653564,14549200
2022-11-03,58.110001,59.000000,58.099998,58.779999,52.626701,9194000
2022-11-04,59.299999,59.590000,58.560001,59.259998,53.056458,9725900
2022-11-07,59.259998,59.770000,59.240002,59.490002,53.262390,8849700
2022-11-08,59.750000,59.790001,58.939999,59.599998,53.360870,10081600
2022-11-09,59.590000,59.639999,58.750000,58.770000,52.617752,10115200
2022-11-10,60.250000,61.040001,59.680000,60.880001,54.506882,16804800
2022-11-11,61.369999,61.450001,60.209999,61.320000,54.900810,18972100
2022-11-14,61.320000,61.720001,60.709999,60.730000,54.372574,16361000
2022-11-15,61.130001,61.450001,60.000000,60.630001,54.283043,13295800
2022-11-16,60.790001,61.029999,60.290001,60.520000,54.184559,14199500
2022-11-17,60.189999,60.740002,60.130001,60.709999,54.354664,11212600
2022-11-18,60.990002,61.369999,60.799999,61.139999,54.739655,10415600
2022-11-21,61.410000,62.209999,61.200001,62.080002,55.581261,15399400
2022-11-22,62.470001,62.500000,62.049999,62.349998,55.822987,12319600
2022-11-23,62.490002,62.790001,62.299999,62.630001,56.073681,8990400
2022-11-25,62.730000,62.810001,62.380001,62.689999,56.127399,5165500
2022-11-28,62.689999,63.099998,62.560001,62.700001,56.136353,12267500
2022-11-29,62.520000,62.570000,61.980000,62.480000,55.939384,10969600
2022-11-30,62.009998,63.680000,61.750000,63.610001,57.354996,30433900
2022-12-01,63.610001,64.110001,63.430000,63.790001,57.517296,12001400
2022-12-02,63.610001,64.519997,63.400002,64.349998,58.022221,13643500
2022-12-05,63.410000,63.799999,63.259998,63.470001,57.228756,9185100
2022-12-06,63.520000,63.880001,63.230000,63.439999,57.201714,10099500
2022-12-07,63.450001,63.720001,63.250000,63.540001,57.291882,12307600
2022-12-08,63.599998,63.849998,63.349998,63.810001,57.535328,9946200
2022-12-09,63.610001,63.840000,63.090000,63.139999,56.931213,13914900
2022-12-12,63.299999,64.010002,63.009998,63.970001,57.679588,11647900
2022-12-13,64.589996,64.699997,63.799999,63.990002,57.697624,17521600
2022-12-14,64.190002,64.650002,63.570000,63.990002,57.697624,12826700
2022-12-15,63.590000,63.889999,62.490002,63.110001,56.904156,12212300
2022-12-16,62.750000,63.139999,62.330002,62.750000,56.579563,33631500
2022-12-19,62.830002,63.410000,62.470001,62.840000,56.660702,10919700
2022-12-20,62.820000,63.150002,62.750000,62.790001,56.615623,10286500
2022-12-21,63.070000,64.050003,63.070000,63.799999,57.526302,10411300
2022-12-22,63.419998,63.590000,62.650002,63.340000,57.111546,9666700
2022-12-23,63.500000,63.869999,63.200001,63.820000,57.544346,6463300
2022-12-27,63.930000,64.290001,63.709999,64.209999,57.895988,7320700
2022-12-28,64.459999,64.650002,63.490002,63.570000,57.318928,7159400
2022-12-29,63.799999,64.150002,63.700001,63.950001,57.661556,7169300
2022-12-30,63.919998,63.919998,63.169998,63.610001,57.354996,7650200
2023-01-03,63.560001,63.560001,62.180000,62.950001,56.759892,12180500
2023-01-04,63.150002,63.330002,62.509998,62.919998,56.732841,13387900
2023-01-05,62.599998,62.799999,62.080002,62.200001,56.083649,9814700
2023-01-06,62.910000,63.669998,62.580002,63.400002,57.165642,9990000
2023-01-09,63.299999,63.720001,62.580002,62.610001,56.453327,9442600
2023-01-10,62.599998,62.730000,61.919998,62.130001,56.020531,10134600
2023-01-11,62.380001,62.560001,61.410000,62.009998,55.912331,10823000
2023-01-12,62.110001,62.180000,60.970001,61.209999,55.190990,13907300
2023-01-13,60.700001,61.459999,60.590000,61.430000,55.389359,13986400
2023-01-17,61.730000,62.380001,61.560001,61.680000,55.614780,18327800
2023-01-18,61.509998,61.590000,59.680000,59.810001,53.928665,19679400
2023-01-19,59.730000,60.639999,59.709999,59.720001,53.847511,14894500
2023-01-20,59.720001,60.090000,59.400002,60.080002,54.172104,14237700
2023-01-23,60.279999,60.570000,60.049999,60.230000,54.307358,12613400
2023-01-24,60.080002,61.849998,59.799999,60.549999,54.595898,10103300
2023-01-25,60.200001,60.939999,59.889999,60.930000,54.938526,11265800
2023-01-26,60.810001,61.099998,60.570000,60.810001,54.830326,11884800
2023-01-27,60.840000,60.959999,60.369999,60.490002,54.541794,14087000
2023-01-30,60.540001,61.169998,60.459999,60.639999,54.677044,15632000
2023-01-31,60.980000,61.340000,60.509998,61.320000,55.290173,14344400
2023-02-01,61.139999,61.580002,60.619999,61.330002,55.299194,12535400
2023-02-02,60.799999,61.020000,59.910000,60.279999,54.352444,16947200
2023-02-03,60.349998,60.419998,59.230000,59.830002,53.946701,15404400
2023-02-06,59.790001,60.340000,59.720001,60.169998,54.253262,11330900
2023-02-07,59.669998,60.240002,59.540001,60.070000,54.163090,14922700
2023-02-08,59.919998,59.919998,59.590000,59.720001,53.847511,11012000
2023-02-09,60.150002,60.320000,59.599998,59.619999,53.757336,12515300
2023-02-10,59.720001,59.900002,58.880001,59.619999,53.757336,14420700
2023-02-13,59.900002,60.759998,59.730000,60.599998,54.640976,16191800
2023-02-14,60.209999,60.900002,59.560001,59.590000,53.730297,20505700
2023-02-15,59.900002,59.930000,59.230000,59.590000,53.730297,13171400
2023-02-16,59.230000,59.820000,58.950001,59.220001,53.396683,16538300
2023-02-17,59.500000,60.230000,59.380001,60.119999,54.208172,16814700
2023-02-21,59.990002,60.230000,59.720001,59.799999,53.919643,14278300
2023-02-22,59.849998,60.360001,59.750000,59.980000,54.081947,12409600
2023-02-23,60.009998,60.419998,59.810001,60.090000,54.181129,12222800
2023-02-24,59.680000,59.910000,59.389999,59.840000,53.955711,9736200
2023-02-27,60.180000,60.299999,59.740002,59.820000,53.937675,8849800
2023-02-28,59.700001,59.700001,59.139999,59.509998,53.658165,16082200
2023-03-01,59.130001,59.180000,58.369999,58.860001,53.072083,13275800
2023-03-02,58.840000,59.779999,58.799999,59.720001,53.847511,11758300
2023-03-03,59.549999,59.680000,59.209999,59.439999,53.595043,13101800
2023-03-06,59.259998,60.380001,59.220001,60.360001,54.424580,16282700
2023-03-07,60.490002,60.570000,59.750000,60.009998,54.108994,13961200
2023-03-08,60.040001,60.330002,59.730000,60.040001,54.136047,10851600
2023-03-09,60.540001,60.540001,59.279999,59.459999,53.613075,13900900
2023-03-10,59.700001,60.139999,58.990002,59.209999,53.387661,13745800
2023-03-13,59.290001,60.869999,59.250000,59.810001,53.928665,21956000
2023-03-14,60.000000,60.459999,59.349998,60.029999,54.127026,19496900
2023-03-15,59.430000,60.480000,59.240002,60.430000,54.487698,21089900
2023-03-16,60.090000,60.340000,59.700001,60.299999,54.787521,15658300
2023-03-17,60.310001,60.349998,59.639999,60.020000,54.533123,27351200
2023-03-20,60.160000,60.599998,59.970001,60.599998,55.060097,12904100
2023-03-21,60.570000,60.750000,59.880001,60.320000,54.805702,13716500
2023-03-22,60.400002,60.869999,60.029999,60.049999,54.560379,10494200
2023-03-23,60.090000,60.389999,59.720001,59.919998,54.442261,15479000
2023-03-24,60.250000,61.020000,59.910000,60.900002,55.332680,12975600
2023-03-27,61.139999,61.480000,60.950001,61.349998,55.741535,12777400
2023-03-28,61.389999,61.740002,61.270000,61.419998,55.805138,10925700
2023-03-29,61.720001,61.950001,61.590000,61.860001,56.204910,9441000
2023-03-30,61.880001,62.090000,61.660000,61.849998,56.195827,9870700
2023-03-31,62.060001,62.250000,61.869999,62.029999,56.359371,14440900
2023-04-03,62.299999,62.520000,61.860001,62.400002,56.695549,12300700
2023-04-04,62.389999,62.740002,62.080002,62.209999,56.522915,11433400
2023-04-05,62.529999,63.020000,62.500000,62.799999,57.058983,12789600
2023-04-06,62.860001,63.040001,62.380001,62.840000,57.095329,9644200
2023-04-10,62.490002,62.689999,62.020000,62.689999,56.959042,7952600
2023-04-11,62.650002,62.709999,62.400002,62.580002,56.859093,9913000
2023-04-12,62.480000,63.029999,62.310001,62.689999,56.959042,9593700
2023-04-13,62.759998,63.160000,62.480000,63.150002,57.376984,9871400
2023-04-14,63.049999,63.150002,62.779999,63.049999,57.286137,8946000
2023-04-17,63.320000,63.529999,63.139999,63.459999,57.658642,9452400
2023-04-18,63.509998,63.599998,63.189999,63.560001,57.749504,9035700
2023-04-19,63.730000,63.830002,63.430000,63.680000,57.858528,9769500
2023-04-20,63.630001,64.000000,63.439999,63.959999,58.112938,10706400
2023-04-21,64.000000,64.269997,63.799999,64.050003,58.194714,12931100
2023-04-24,64.750000,64.989998,63.619999,63.950001,58.103851,15532300
2023-04-25,64.169998,64.169998,63.630001,63.849998,58.012985,12818900
2023-04-26,63.560001,63.770000,63.389999,63.549999,57.740421,13179600
2023-04-27,63.529999,63.759998,63.110001,63.680000,57.858528,13795800
2023-04-28,63.610001,64.160004,63.480000,64.150002,58.285568,13687600
2023-05-01,64.150002,64.690002,64.059998,64.300003,58.421864,9091500
2023-05-02,64.139999,64.139999,63.270000,64.010002,58.158371,10948400
2023-05-03,64.019997,64.180000,63.580002,63.650002,57.831280,11084600
2023-05-04,63.740002,63.930000,63.509998,63.720001,57.894875,11938300
2023-05-05,63.639999,64.209999,63.630001,64.019997,58.167454,9039000
2023-05-08,63.810001,64.059998,63.610001,63.919998,58.076591,7240700
2023-05-09,63.639999,63.750000,63.279999,63.389999,57.595047,9067700
2023-05-10,63.320000,63.639999,62.990002,63.500000,57.694988,10134000
2023-05-11,63.580002,63.930000,63.009998,63.860001,58.022083,9581500
2023-05-12,63.860001,64.190002,63.700001,64.110001,58.249229,8740800
2023-05-15,64.220001,64.250000,63.709999,63.939999,58.094772,8150000
2023-05-16,63.900002,63.900002,63.160000,63.220001,57.440582,9129600
2023-05-17,63.400002,63.419998,62.730000,63.150002,57.376984,11583000
2023-05-18,63.009998,63.040001,62.570000,62.799999,57.058983,13595100
2023-05-19,63.040001,63.099998,62.610001,62.830002,57.086239,14251400
2023-05-22,62.790001,62.869999,61.439999,61.509998,55.886913,15055400
2023-05-23,61.509998,61.669998,61.169998,61.400002,55.786968,13932700
2023-05-24,61.380001,61.430000,60.720001,60.880001,55.314507,11090100
2023-05-25,60.470001,60.730000,60.150002,60.410000,54.887470,14463600
2023-05-26,60.450001,60.639999,60.110001,60.259998,54.751183,12570300
2023-05-30,60.090000,60.200001,59.520000,59.779999,54.315067,15634200
2023-05-31,59.919998,60.279999,59.369999,59.660000,54.206036,59432200
2023-06-01,59.939999,60.169998,59.770000,60.000000,54.514950,13402700
2023-06-02,60.270000,61.320000,60.080002,61.160000,55.568905,15259800
2023-06-05,61.000000,61.439999,60.549999,60.750000,55.196388,12915600
2023-06-06,60.950001,60.990002,60.119999,60.310001,54.796612,10943500
2023-06-07,60.009998,60.360001,59.820000,60.220001,54.714840,16817900
2023-06-08,60.130001,60.410000,59.980000,60.369999,54.851128,15585900
2023-06-09,60.270000,60.669998,60.169998,60.470001,54.941990,12581500
2023-06-12,60.590000,60.650002,60.020000,60.209999,54.705753,14208900
2023-06-13,60.209999,60.669998,60.040001,60.450001,54.923813,13397800
2023-06-14,60.730000,61.080002,60.599998,60.860001,55.296326,14099700
2023-06-15,60.610001,61.299999,60.340000,61.230000,56.056202,15271400
2023-06-16,61.599998,62.169998,61.480000,61.669998,56.459019,26738000
2023-06-20,61.590000,61.959999,61.240002,61.259998,56.083668,13971800
2023-06-21,61.310001,61.720001,60.980000,61.430000,56.239300,13948700
2023-06-22,61.810001,62.099998,61.590000,61.849998,56.623810,15193400
2023-06-23,61.939999,61.970001,61.180000,61.200001,56.028740,25112100
2023-06-26,61.209999,61.290001,60.389999,61.220001,56.047050,12856100
2023-06-27,61.220001,61.360001,60.980000,61.090000,55.928028,9068500
2023-06-28,60.880001,61.040001,60.400002,60.520000,55.406193,11173200
2023-06-29,60.220001,60.349998,59.770000,60.020000,54.948444,17142300
2023-06-30,60.000000,60.349998,59.869999,60.220001,55.131546,19739200
2023-07-03,60.200001,60.630001,60.029999,60.580002,55.461121,9694500
2023-07-05,60.279999,61.099998,60.160000,61.029999,55.873104,14716600
2023-07-06,60.730000,61.020000,60.500000,60.560001,55.442818,12603900
2023-07-07,60.310001,60.500000,59.730000,59.759998,54.710411,14574000
2023-07-10,59.970001,60.150002,59.139999,59.310001,54.298435,15480600
2023-07-11,59.459999,59.560001,58.840000,59.520000,54.490696,15967700
2023-07-12,59.750000,60.049999,59.450001,59.840000,54.783653,14241300
2023-07-13,60.119999,60.459999,59.980000,60.349998,55.250557,11269800
2023-07-14,60.139999,61.040001,60.090000,60.900002,55.754086,11634200
2023-07-17,60.759998,61.099998,60.490002,60.810001,55.671688,10014300
2023-07-18,60.959999,61.250000,60.410000,60.570000,55.451969,11152900
2023-07-19,60.770000,61.790001,60.680000,61.639999,56.431557,12936000
2023-07-20,61.680000,62.410000,61.669998,62.389999,57.118187,11563000
2023-07-21,62.459999,62.680000,62.240002,62.439999,57.163952,12815100
2023-07-24,62.419998,62.810001,62.400002,62.459999,57.182266,10251100
2023-07-25,62.299999,62.389999,62.049999,62.250000,56.990013,13422700
2023-07-26,61.860001,63.169998,61.389999,63.049999,57.722420,17145500
2023-07-27,63.049999,63.270000,62.380001,62.439999,57.163952,11517100
2023-07-28,62.590000,62.770000,62.220001,62.480000,57.200577,9721800
2023-07-31,62.450001,62.450001,61.730000,61.930000,56.697056,15577900
2023-08-01,62.090000,62.360001,61.619999,61.770000,56.550575,9281600
2023-08-02,61.560001,62.590000,61.560001,61.959999,56.724522,11059400
2023-08-03,61.869999,62.119999,61.529999,61.639999,56.431557,8037400
2023-08-04,61.680000,61.889999,60.619999,60.709999,55.580135,9359300
2023-08-07,60.790001,61.330002,60.740002,61.189999,56.019581,6982600
2023-08-08,61.189999,61.349998,60.619999,60.919998,55.772400,7956100
2023-08-09,60.910000,61.630001,60.750000,61.060001,55.900566,7904100
2023-08-10,61.349998,61.730000,60.790001,60.919998,55.772400,7870300
2023-08-11,60.840000,61.200001,60.689999,61.169998,56.001266,8483900
2023-08-14,61.320000,61.480000,60.750000,60.880001,55.735779,7176300
2023-08-15,60.689999,60.900002,60.369999,60.470001,55.360424,7187400
2023-08-16,60.540001,60.820000,60.400002,60.480000,55.369568,8372300
2023-08-17,60.580002,61.020000,60.450001,60.610001,55.488586,12873500
2023-08-18,60.540001,61.090000,60.369999,60.950001,55.799870,11083800
2023-08-21,60.860001,60.930000,60.320000,60.430000,55.323799,8648500
2023-08-22,60.340000,60.580002,59.980000,60.060001,54.985069,9411500
2023-08-23,60.200001,60.439999,60.160000,60.270000,55.177319,7749500
2023-08-24,60.270000,60.880001,60.090000,60.110001,55.030834,8955100
2023-08-25,60.410000,60.570000,60.009998,60.389999,55.287182,7629200
2023-08-28,60.549999,60.730000,60.369999,60.560001,55.442818,6254300
2023-08-29,60.560001,60.630001,60.150002,60.500000,55.387890,8189600
2023-08-30,60.639999,60.740002,60.290001,60.470001,55.360424,9447900
2023-08-31,60.299999,60.470001,59.810001,59.830002,54.774502,14663500
2023-09-01,60.000000,60.130001,59.119999,59.310001,54.298435,11262300
2023-09-05,59.250000,59.320000,58.669998,58.820000,53.849842,12474600
2023-09-06,58.619999,58.830002,58.419998,58.779999,53.813225,13923500
2023-09-07,58.950001,59.160000,58.299999,58.330002,53.401245,17628600
2023-09-08,58.299999,58.410000,58.009998,58.330002,53.401245,14312300
2023-09-11,58.400002,58.990002,58.230000,58.880001,53.904766,14767400
2023-09-12,58.990002,59.000000,58.189999,58.299999,53.373775,12292700
2023-09-13,58.400002,58.680000,58.340000,58.439999,53.501953,12641400
2023-09-14,58.240002,58.590000,58.189999,58.459999,53.944878,12311600
2023-09-15,58.410000,58.639999,57.750000,57.939999,53.465038,55727500
2023-09-18,57.980000,58.349998,57.630001,58.299999,53.797230,13617400
2023-09-19,58.259998,58.389999,57.919998,58.180000,53.686508,11998900
2023-09-20,58.299999,58.830002,58.080002,58.439999,53.926426,14766600
2023-09-21,58.369999,58.419998,57.419998,57.540001,53.095932,15941800
2023-09-22,57.849998,57.970001,57.500000,57.599998,53.151295,14644100
2023-09-25,57.400002,57.490002,56.740002,57.000000,52.597645,12358800
2023-09-26,56.730000,56.900002,56.400002,56.529999,52.163937,11194700
2023-09-27,56.419998,56.529999,55.680000,55.950001,51.628731,13766300
2023-09-28,56.230000,56.320000,55.700001,55.810001,51.499546,12484800
2023-09-29,56.139999,56.270000,55.619999,55.980000,51.656418,12271600
2023-10-02,55.910000,56.009998,55.080002,55.480000,51.195038,11792500
2023-10-03,55.160000,55.430000,54.779999,54.880001,50.641376,13604200
2023-10-04,54.889999,55.279999,54.709999,55.040001,50.789021,12100500
2023-10-05,54.740002,54.950001,52.240002,52.380001,48.334469,29878100
2023-10-06,52.040001,53.290001,51.549999,53.139999,49.035763,30298900
2023-10-09,52.959999,53.150002,52.110001,52.880001,48.795841,15704700
2023-10-10,54.130001,54.330002,53.560001,54.029999,49.857021,20909700
2023-10-11,54.220001,54.279999,53.020000,53.709999,49.561733,21138900
2023-10-12,53.759998,53.830002,52.430000,52.810001,48.731251,19330400
2023-10-13,52.740002,53.419998,52.639999,52.889999,48.805069,14494600
2023-10-16,53.020000,53.560001,52.840000,53.430000,49.303364,12816800
2023-10-17,53.310001,54.099998,53.209999,54.070000,49.893932,16457200
2023-10-18,54.099998,54.529999,53.919998,54.049999,49.875481,12809500
2023-10-19,54.160000,54.759998,53.860001,54.349998,50.152306,16202200
2023-10-20,54.529999,55.020000,54.439999,54.570000,50.355316,15686400
2023-10-23,54.380001,54.889999,54.049999,54.080002,49.903172,21212700
2023-10-24,55.650002,56.169998,55.299999,55.639999,51.342674,25290800
2023-10-25,55.759998,56.220001,55.560001,56.119999,51.785603,16701000
2023-10-26,56.369999,56.630001,55.720001,55.779999,51.471867,16228400
2023-10-27,55.549999,56.139999,55.099998,55.240002,50.973576,13626500
2023-10-30,55.430000,56.279999,55.419998,56.150002,51.813286,15014300
2023-10-31,56.570000,56.720001,56.150002,56.490002,52.127029,16639400
2023-11-01,56.799999,56.880001,56.259998,56.439999,52.080891,14110800
2023-11-02,56.500000,57.150002,56.360001,57.090000,52.680687,13087200
2023-11-03,57.400002,57.590000,56.700001,56.740002,52.357723,13958700
2023-11-06,56.779999,57.279999,56.740002,56.970001,52.569958,12673200
2023-11-07,56.919998,57.400002,56.730000,57.180000,52.763733,10449300
2023-11-08,57.320000,57.470001,56.919998,57.090000,52.680687,13744000
2023-11-09,57.029999,57.139999,56.369999,56.660000,52.283901,12021100
2023-11-10,56.869999,56.930000,56.060001,56.720001,52.339272,11678900
2023-11-13,56.619999,57.099998,56.599998,56.930000,52.533047,12798200
2023-11-14,57.020000,57.240002,56.810001,57.099998,52.689915,12697100
2023-11-15,57.299999,57.340000,56.750000,57.209999,52.791420,10201900
2023-11-16,57.250000,57.529999,56.810001,57.150002,52.736057,16010400
2023-11-17,57.189999,57.340000,56.700001,57.259998,52.837559,14475800
2023-11-20,57.049999,57.580002,56.959999,57.400002,52.966751,13051000
2023-11-21,57.459999,58.040001,57.330002,58.029999,53.548096,13891600
2023-11-22,58.259998,58.540001,58.130001,58.419998,53.907963,11320600
2023-11-24,58.459999,58.750000,58.340000,58.570000,54.046387,4816000
2023-11-27,58.540001,58.689999,58.270000,58.459999,53.944878,16246500
2023-11-28,58.400002,58.830002,58.360001,58.580002,54.055611,13739600
2023-11-29,58.580002,58.669998,58.099998,58.230000,53.732639,11263600
2023-11-30,57.959999,58.459999,57.599998,58.439999,54.355820,22727500
2023-12-01,58.270000,58.689999,58.240002,58.639999,54.541840,15371200
2023-12-04,58.590000,58.959999,58.439999,58.570000,54.476730,14942200
2023-12-05,58.549999,58.830002,58.419998,58.660000,54.560448,11891500
2023-12-06,58.560001,58.730000,58.209999,58.599998,54.504631,14868500
2023-12-07,58.669998,58.889999,58.389999,58.740002,54.634857,11587900
2023-12-08,58.740002,58.750000,58.369999,58.610001,54.513939,11178700
2023-12-11,58.830002,59.090000,58.500000,59.040001,54.913887,14524800
2023-12-12,59.200001,59.419998,58.900002,59.419998,55.267326,12899000
2023-12-13,59.450001,60.020000,59.259998,59.930000,55.741680,16196800
2023-12-14,59.970001,60.040001,58.770000,59.040001,54.913887,22478300
2023-12-15,58.830002,59.169998,57.799999,58.599998,54.504631,65177400
2023-12-18,58.799999,59.490002,58.619999,59.020000,54.895283,16717700
2023-12-19,59.000000,59.200001,58.639999,58.830002,54.718563,14612200
2023-12-20,58.500000,58.669998,57.570000,57.610001,53.583824,17701000
2023-12-21,57.849998,58.070000,57.470001,57.990002,53.937271,11725100
2023-12-22,58.119999,58.459999,58.020000,58.320000,54.244202,9029400
2023-12-26,58.060001,58.709999,58.060001,58.560001,54.467434,6422500
2023-12-27,58.639999,58.770000,58.400002,58.709999,54.606953,8560100
2023-12-28,58.650002,58.869999,58.529999,58.750000,54.644154,8400100
2023-12-29,58.740002,58.980000,58.630001,58.930000,54.811573,9244300
2024-01-02,58.799999,59.880001,58.669998,59.820000,55.639378,16322600
2024-01-03,59.930000,60.200001,59.759998,59.959999,55.769588,14830600
2024-01-04,60.049999,60.259998,59.660000,59.759998,55.583565,12912900
2024-01-05,59.799999,59.950001,59.090000,59.669998,55.499851,10412800
2024-01-08,59.680000,60.180000,59.419998,60.110001,55.909103,11554600
2024-01-09,59.990002,60.139999,59.619999,60.000000,55.806793,10493700
2024-01-10,60.220001,60.410000,59.980000,60.200001,55.992825,12258000
2024-01-11,60.250000,60.259998,59.689999,59.810001,55.630077,13754200
2024-01-12,60.080002,60.459999,59.869999,60.389999,56.169537,13218000
2024-01-16,60.389999,60.430000,59.849998,59.990002,55.797493,11826900
2024-01-17,59.860001,60.209999,59.820000,59.990002,55.797493,8982100
2024-01-18,59.689999,60.230000,59.529999,60.160000,55.955616,10397700
2024-01-19,60.259998,60.279999,59.639999,59.830002,55.648682,14392600
2024-01-22,59.759998,60.070000,59.439999,59.570000,55.406845,14314300
2024-01-23,59.529999,60.000000,59.459999,59.849998,55.667274,14481600
2024-01-24,59.799999,59.810001,58.889999,58.910000,54.792969,16370500
2024-01-25,59.009998,59.169998,58.660000,59.160000,55.025501,14899700
2024-01-26,59.250000,59.490002,59.130001,59.369999,55.220818,13025100
2024-01-29,59.340000,59.790001,59.169998,59.730000,55.555660,14547100
2024-01-30,59.849998,60.020000,59.450001,59.900002,55.713795,22061500
2024-01-31,60.099998,60.450001,59.290001,59.490002,55.332439,22837000
2024-02-01,59.570000,61.009998,59.360001,60.980000,56.718300,15870900
2024-02-02,60.820000,60.869999,60.230000,60.540001,56.309059,17544900
2024-02-05,60.380001,60.380001,59.880001,60.040001,55.843998,12759600
2024-02-06,59.959999,60.049999,59.680000,59.939999,55.750988,12775200
2024-02-07,60.070000,60.209999,59.939999,59.990002,55.797493,10259900
2024-02-08,59.889999,59.970001,59.410000,59.830002,55.648682,12874800
2024-02-09,59.470001,59.580002,59.029999,59.560001,55.397545,15235300
2024-02-12,59.660000,59.759998,58.959999,59.700001,55.527756,13516800
2024-02-13,59.500000,60.660000,58.790001,59.349998,55.202209,24195700
2024-02-14,59.169998,59.590000,59.040001,59.290001,55.146412,15872500
2024-02-15,59.419998,59.590000,59.130001,59.400002,55.248726,13695800
2024-02-16,59.349998,59.619999,58.959999,59.389999,55.239422,13947100
2024-02-20,59.599998,60.840000,59.509998,60.700001,56.457874,18339300
2024-02-21,60.990002,61.279999,60.830002,61.240002,56.960133,14373000
2024-02-22,60.990002,61.250000,60.500000,61.150002,56.876427,12982800
2024-02-23,61.090000,61.619999,61.000000,61.200001,56.922924,13612900
2024-02-26,61.240002,61.270000,60.660000,60.709999,56.467171,10336100
2024-02-27,60.540001,60.779999,60.119999,60.340000,56.123035,9931100
2024-02-28,60.369999,60.490002,60.060001,60.400002,56.178841,8076500
2024-02-29,60.349998,60.639999,59.900002,60.020000,55.825397,18152700
2024-03-01,59.900002,59.900002,59.340000,59.529999,55.369640,10927600
2024-03-04,59.230000,59.950001,59.220001,59.810001,55.630077,10150200
2024-03-05,59.910000,60.110001,59.419998,59.520000,55.360340,12310000
2024-03-06,59.520000,60.000000,59.380001,59.549999,55.388241,12378800
2024-03-07,59.689999,59.770000,59.240002,59.439999,55.285931,13686900
2024-03-08,59.299999,59.790001,58.970001,59.520000,55.360340,13239000
2024-03-11,59.779999,60.290001,59.580002,60.240002,56.030025,14114300
2024-03-12,60.320000,60.750000,60.209999,60.500000,56.271851,12684600
2024-03-13,60.880001,61.209999,60.799999,61.119999,56.848518,13909500
2024-03-14,60.580002,60.799999,60.400002,60.500000,56.721951,13996600
2024-03-15,60.020000,60.450001,59.639999,59.880001,56.140671,36849900
2024-03-18,59.889999,60.400002,59.799999,60.130001,56.375057,15856700
2024-03-19,60.240002,60.349998,60.060001,60.230000,56.468819,15030600
2024-03-20,60.180000,60.810001,60.160000,60.750000,56.956341,15258800
2024-03-21,60.560001,60.990002,60.320000,60.470001,56.693825,13067100
2024-03-22,60.520000,60.790001,60.430000,60.490002,56.712574,11502800
2024-03-25,60.480000,60.709999,60.119999,60.400002,56.628197,13144700
2024-03-26,60.500000,60.709999,60.380001,60.540001,56.759457,13277400
2024-03-27,60.790001,61.430000,60.700001,61.029999,57.218853,12551200
2024-03-28,61.139999,61.259998,61.000000,61.180000,57.359489,13683500
2024-04-01,61.180000,61.299999,60.630001,60.680000,56.890713,11668700
2024-04-02,60.450001,60.730000,60.110001,60.150002,56.393806,13017300
2024-04-03,60.049999,60.389999,59.779999,59.830002,56.093800,13672900
2024-04-04,60.090000,60.150002,59.169998,59.299999,55.596882,14320700
2024-04-05,59.250000,59.680000,58.910000,59.509998,55.793774,10157800
2024-04-08,59.400002,59.470001,59.070000,59.270000,55.568764,10284500
2024-04-09,59.480000,59.740002,59.130001,59.720001,55.990662,10779100
2024-04-10,59.320000,59.389999,58.689999,58.919998,55.240608,11861900
2024-04-11,59.150002,59.369999,58.790001,59.049999,55.362495,11109000
2024-04-12,58.950001,59.009998,58.130001,58.279999,54.640587,12250900
2024-04-15,58.610001,58.810001,58.040001,58.139999,54.509327,12425000
2024-04-16,58.250000,58.380001,57.930000,58.060001,54.434319,11236800
2024-04-17,58.279999,58.560001,58.099998,58.509998,54.856224,13805100
2024-04-18,58.619999,58.980000,58.540001,58.910000,55.231239,11125900
2024-04-19,59.099998,60.360001,59.000000,60.169998,56.412567,21207900
2024-04-22,60.139999,60.630001,59.720001,60.549999,56.768829,15624500
2024-04-23,60.529999,60.680000,60.130001,60.639999,56.853207,13689100
2024-04-24,60.320000,61.650002,59.840000,61.549999,57.706383,19548300
2024-04-25,61.869999,62.590000,61.369999,61.740002,57.884525,19048500
2024-04-26,61.549999,61.930000,61.349998,61.740002,57.884525,10994300
2024-04-29,61.919998,62.049999,61.529999,62.040001,58.165779,13409300
2024-04-30,62.139999,62.830002,61.470001,61.770000,57.912647,19349200
2024-05-01,61.799999,62.570000,61.209999,61.930000,58.062653,16729800
2024-05-02,62.180000,62.400002,61.720001,61.990002,58.118900,10991300
2024-05-03,61.990002,62.330002,61.639999,62.169998,58.287663,11628700
2024-05-06,62.299999,62.380001,61.900002,62.349998,58.456421,9310700
2024-05-07,62.759998,62.820000,62.250000,62.619999,58.709560,9807000
2024-05-08,62.849998,62.970001,62.480000,62.849998,58.925198,10484400
2024-05-09,62.810001,63.150002,62.750000,62.880001,58.953335,9113700
2024-05-10,62.919998,63.360001,62.790001,63.259998,59.309601,8371700
2024-05-13,63.240002,63.619999,63.180000,63.580002,59.609615,10137600
2024-05-14,63.580002,63.759998,62.799999,63.099998,59.159588,10852200
2024-05-15,63.060001,63.389999,63.000000,63.130001,59.187717,9838900
2024-05-16,63.240002,63.730000,63.070000,63.320000,59.365856,10228000
2024-05-17,63.340000,63.369999,62.939999,63.029999,59.093964,11539000
2024-05-20,62.930000,63.009998,62.459999,62.570000,58.662685,11000900
2024-05-21,62.820000,62.980000,62.439999,62.910000,58.981453,9796200
2024-05-22,62.709999,63.020000,62.660000,63.000000,59.065830,7419400
2024-05-23,62.490002,62.880001,62.049999,62.090000,58.212666,9834300
2024-05-24,62.220001,62.419998,61.970001,62.000000,58.128281,8203100
2024-05-28,61.790001,62.130001,61.400002,61.820000,57.959522,12347000
2024-05-29,61.470001,61.880001,61.070000,61.700001,57.847019,11861800
2024-05-30,61.849998,62.080002,61.599998,61.970001,58.100151,9433800
2024-05-31,61.990002,63.029999,61.689999,62.930000,59.000206,19816600
2024-06-03,62.709999,63.090000,62.450001,62.930000,59.000206,9369000
2024-06-04,63.200001,63.970001,62.939999,63.939999,59.947128,11895600
2024-06-05,63.990002,64.070000,63.349998,63.919998,59.928379,9632500
2024-06-06,63.919998,64.360001,63.840000,64.150002,60.144020,8658500
2024-06-07,64.089996,64.220001,63.810001,63.910000,59.919006,9523100
2024-06-10,63.939999,63.990002,63.369999,63.590000,59.618992,15685300
2024-06-11,63.590000,63.650002,63.070000,63.549999,59.581490,8396000
2024-06-12,63.689999,63.689999,62.689999,62.880001,58.953335,9569600
2024-06-13,62.860001,63.040001,62.450001,62.990002,59.056461,9668900
2024-06-14,62.380001,62.689999,62.090000,62.549999,59.098972,8179200
2024-06-17,62.369999,62.900002,62.180000,62.619999,59.165108,10532700
2024-06-18,62.529999,62.820000,62.439999,62.630001,59.174561,10651700
2024-06-20,62.400002,62.740002,61.950001,62.180000,58.749382,13306300
2024-06-21,62.180000,63.099998,62.180000,62.770000,59.306839,28278100
2024-06-24,62.990002,64.059998,62.910000,63.970001,60.440628,13212500
2024-06-25,63.939999,64.070000,63.509998,63.840000,60.317795,10235300
2024-06-26,63.400002,64.110001,63.230000,64.050003,60.516212,9402500
2024-06-27,64.050003,64.269997,63.619999,63.910000,60.383938,8494100
2024-06-28,63.900002,64.059998,63.520000,63.650002,60.138283,17358800
2024-07-01,64.029999,64.300003,63.119999,63.279999,59.788692,10033400
2024-07-02,63.259998,63.380001,62.860001,63.150002,59.665871,8878200
2024-07-03,63.189999,63.669998,62.930000,63.330002,59.835941,9154200
2024-07-05,63.330002,63.790001,63.000000,63.759998,60.242210,11735500
2024-07-08,63.590000,63.590000,62.840000,62.959999,59.486355,11235100
2024-07-09,63.060001,63.230000,62.590000,62.689999,59.231247,11657500
2024-07-10,62.720001,62.860001,62.290001,62.830002,59.363525,11930400
2024-07-11,62.639999,63.459999,62.400002,63.099998,59.618629,11431600
2024-07-12,63.459999,64.110001,63.389999,63.700001,60.185524,9201500
2024-07-15,63.790001,63.939999,63.349998,63.410000,59.911522,8207500
2024-07-16,63.430000,64.309998,63.389999,64.269997,60.724075,9025100
2024-07-17,64.470001,65.389999,64.410004,65.209999,61.612225,12508200
2024-07-18,64.800003,65.809998,64.720001,65.190002,61.593323,11128200
2024-07-19,65.639999,65.639999,64.820000,65.290001,61.687809,13775700
2024-07-22,65.250000,65.290001,64.320000,64.769997,61.196487,11794200
2024-07-23,65.430000,66.040001,64.849998,64.959999,61.376003,11810300
2024-07-24,65.089996,65.970001,64.830002,65.809998,62.179115,13244600
2024-07-25,66.040001,66.889999,65.860001,66.070000,62.424767,16328600
2024-07-26,66.070000,67.110001,66.010002,67.050003,63.350697,13530100
2024-07-29,66.879997,67.029999,66.389999,66.830002,63.142826,12140200
2024-07-30,66.480003,67.830002,66.360001,67.680000,63.945927,13258000
2024-07-31,67.500000,67.610001,66.610001,66.739998,63.057793,15576800
2024-08-01,67.000000,68.110001,66.699997,67.959999,64.210480,16495900
2024-08-02,68.529999,69.669998,67.690002,69.330002,65.504906,22514800
2024-08-05,68.989998,69.550003,67.730003,68.099998,64.342751,25484300
2024-08-06,68.150002,68.839996,67.769997,68.050003,64.295525,12969100
2024-08-07,68.050003,69.180000,67.830002,68.459999,64.682899,13365300
2024-08-08,68.000000,68.860001,67.849998,68.730003,64.938011,15240900
2024-08-09,68.699997,68.790001,68.250000,68.680000,64.890755,12080400
2024-08-12,68.449997,68.540001,67.830002,68.169998,64.408897,11012300
2024-08-13,68.080002,68.610001,68.010002,68.459999,64.682899,9877600
2024-08-14,68.230003,68.889999,68.129997,68.580002,64.796288,14328000
2024-08-15,68.620003,68.919998,68.500000,68.650002,64.862419,11285100
2024-08-16,68.839996,69.300003,68.639999,69.180000,65.363190,12651200
2024-08-19,69.349998,69.419998,68.849998,68.980003,65.174225,9843900
2024-08-20,68.989998,69.389999,68.769997,69.379997,65.552147,11957400
2024-08-21,69.480003,70.129997,69.330002,69.570000,65.731674,8792400
2024-08-22,69.919998,69.919998,68.790001,69.330002,65.504906,12509200
2024-08-23,69.400002,69.849998,68.940002,69.790001,65.939537,11834700
2024-08-26,69.830002,70.919998,69.730003,70.839996,66.931595,12912200
2024-08-27,71.320000,71.529999,71.050003,71.500000,67.555191,16988400
2024-08-28,71.610001,71.809998,71.300003,71.750000,67.791397,13272600
2024-08-29,71.900002,72.220001,71.230003,72.050003,68.074844,17201700
2024-08-30,72.199997,72.570000,71.779999,72.470001,68.471672,18624200
2024-09-03,72.440002,73.290001,72.250000,73.010002,68.981873,14755800
2024-09-04,73.300003,73.529999,71.910004,72.559998,68.556702,18140800
2024-09-05,72.620003,72.680000,70.980003,71.169998,67.243385,23866100
2024-09-06,70.989998,71.669998,70.889999,71.139999,67.215042,17485700
2024-09-09,71.230003,72.309998,70.980003,71.849998,67.885864,12939300
2024-09-10,71.970001,72.419998,71.519997,71.550003,67.602425,10277600
2024-09-11,71.360001,71.370003,70.570000,71.080002,67.158363,11418200
2024-09-12,71.000000,71.379997,70.660004,71.230003,67.300079,12337800
2024-09-13,70.839996,71.470001,70.480003,71.410004,67.932693,11073800
2024-09-16,71.769997,72.239998,71.620003,72.099998,68.589096,10786500
2024-09-17,71.900002,72.349998,71.720001,71.800003,68.303711,12974400
2024-09-18,71.889999,72.379997,71.269997,71.750000,68.256142,10719700
2024-09-19,71.559998,71.940002,70.599998,70.620003,67.181175,13635600
2024-09-20,70.410004,71.800003,70.379997,71.639999,68.151497,48578500
2024-09-23,71.550003,72.199997,71.180000,71.730003,68.237129,11613000
2024-09-24,71.220001,71.820000,70.599998,71.330002,67.856590,13330600
2024-09-25,71.709999,71.919998,71.309998,71.449997,67.970749,12329100
2024-09-26,70.860001,71.610001,70.839996,71.400002,67.923180,10815200
2024-09-27,71.540001,72.199997,71.459999,71.790001,68.294189,11175700
2024-09-30,72.000000,72.199997,71.690002,71.860001,68.360786,18015300
2024-10-01,72.099998,72.750000,71.629997,71.709999,68.218086,13294500
2024-10-02,71.389999,71.430000,70.410004,71.010002,67.552185,11155500
2024-10-03,70.860001,70.989998,70.199997,70.519997,67.086044,9374800
2024-10-04,69.959999,70.279999,69.720001,70.169998,66.753082,12684800
2024-10-07,70.050003,70.099998,68.870003,69.010002,65.649567,14512000
2024-10-08,69.040001,69.440002,68.860001,69.180000,65.811295,13549700
2024-10-09,69.190002,69.739998,69.070000,69.570000,66.182304,9037700
2024-10-10,69.830002,69.910004,68.989998,69.250000,65.877884,8635200
2024-10-11,69.459999,69.589996,69.000000,69.570000,66.182304,8786300
2024-10-14,69.570000,70.470001,69.470001,70.339996,66.914803,7659300
2024-10-15,70.459999,71.209999,70.160004,70.339996,66.914803,10358700
2024-10-16,70.089996,70.699997,69.970001,70.570000,67.133591,7937300
2024-10-17,70.629997,70.690002,69.580002,69.900002,66.496231,14674600
2024-10-18,69.870003,70.550003,69.610001,70.440002,67.009933,15087500
2024-10-21,70.000000,70.330002,69.309998,69.449997,66.068138,11981200
2024-10-22,69.000000,69.750000,68.680000,69.449997,66.068138,18603300
2024-10-23,66.989998,68.699997,66.580002,68.010002,64.698265,24655200
2024-10-24,67.650002,68.040001,66.949997,67.300003,64.022827,17568800
2024-10-25,67.070000,67.699997,66.790001,66.919998,63.661335,11138100
2024-10-28,66.959999,67.400002,66.599998,66.669998,63.423508,10761400
2024-10-29,66.290001,66.339996,65.519997,65.559998,62.367558,16525900
2024-10-30,65.510002,66.540001,65.320000,65.919998,62.710030,14177800
2024-10-31,65.809998,65.989998,65.260002,65.309998,62.129734,13383700
2024-11-01,65.470001,65.660004,64.889999,65.010002,61.844345,12163100
2024-11-04,65.080002,65.419998,64.650002,65.110001,61.939472,10984500
2024-11-05,64.639999,65.470001,64.639999,65.370003,62.186813,8780200
2024-11-06,64.419998,64.860001,63.180000,63.700001,60.598133,22899300
2024-11-07,64.290001,64.389999,63.599998,63.660000,60.560085,14856100
2024-11-08,63.910000,64.239998,63.740002,63.919998,60.807419,14719300
2024-11-11,63.990002,64.120003,63.250000,63.360001,60.274693,13980900
2024-11-12,63.680000,63.750000,63.119999,63.200001,60.122482,15021000
2024-11-13,63.049999,63.259998,62.490002,63.000000,59.932220,13177600
2024-11-14,63.110001,63.110001,62.430000,62.549999,59.504131,15910800
2024-11-15,62.490002,62.630001,61.389999,61.740002,58.733582,26284300
2024-11-18,61.849998,62.139999,61.560001,61.860001,58.847733,16062100
2024-11-19,61.900002,62.619999,61.630001,62.590000,59.542187,16254800
2024-11-20,62.700001,63.009998,62.020000,62.990002,59.922710,18904900
2024-11-21,63.150002,63.810001,62.950001,63.759998,60.655212,17292300
2024-11-22,64.239998,64.480003,63.650002,63.919998,60.807419,19562200
2024-11-25,64.320000,64.709999,63.840000,64.379997,61.245018,36805300
2024-11-26,64.309998,64.639999,64.059998,64.550003,61.406750,14473300
2024-11-27,64.959999,65.099998,64.250000,64.430000,61.292583,13263400
2024-11-29,64.019997,64.250000,63.770000,64.080002,61.421989,10648400
2024-12-02,64.050003,64.190002,63.349998,63.650002,61.009823,16500100
2024-12-03,63.720001,64.080002,63.029999,63.520000,60.885216,24874500
2024-12-04,63.279999,63.349998,61.900002,62.209999,59.629559,28137700
2024-12-05,62.470001,63.119999,62.099998,62.919998,60.310101,21040400
2024-12-06,62.830002,63.360001,62.509998,62.529999,59.936275,15581100
2024-12-09,62.689999,62.930000,61.900002,62.599998,60.003380,22348300
2024-12-10,62.700001,63.040001,61.790001,62.910000,60.300518,14949400
2024-12-11,63.000000,63.630001,62.400002,62.639999,60.041718,32819000
2024-12-12,63.549999,63.919998,63.220001,63.840000,61.191944,17542100
2024-12-13,63.570000,63.840000,63.110001,63.119999,60.501804,13429000
2024-12-16,63.230000,63.860001,62.349998,62.549999,59.955448,24559700
2024-12-17,62.450001,63.549999,62.320000,63.400002,60.770195,21902400
2024-12-18,62.810001,63.639999,62.790001,62.849998,60.243004,20946100
2024-12-19,62.700001,63.169998,62.400002,62.450001,59.859604,21300600
2024-12-20,62.470001,63.060001,62.279999,62.549999,59.955448,42458100
2024-12-23,62.500000,62.759998,61.529999,62.380001,59.792503,13010800
2024-12-24,62.200001,62.840000,62.009998,62.840000,60.233421,5019100
2024-12-26,62.619999,62.740002,62.400002,62.570000,59.974625,7943800
2024-12-27,62.450001,62.950001,62.209999,62.450001,59.859604,8542800
2024-12-30,62.340000,62.340000,61.680000,62.029999,59.457016,8972200
2024-12-31,62.020000,62.430000,61.799999,62.259998,59.677471,9256700
2025-01-02,62.349998,62.750000,61.619999,61.840000,59.274902,12991000
2025-01-03,61.900002,62.080002,61.619999,61.750000,59.188637,10403200
2025-01-06,61.500000,61.570000,60.660000,60.810001,58.287628,17924200
2025-01-07,61.110001,61.720001,60.619999,60.840000,58.316380,17799600
2025-01-08,60.990002,61.770000,60.930000,61.709999,59.150295,14412400
2025-01-10,61.580002,61.650002,60.730000,61.070000,58.536839,22425000
2025-01-13,61.130001,61.849998,60.709999,61.650002,59.092785,18016200
2025-01-14,61.660000,62.070000,61.299999,62.040001,59.466610,16658300
2025-01-15,62.330002,62.619999,61.680000,61.770000,59.207809,16187200
2025-01-16,61.419998,62.299999,61.320000,62.250000,59.667896,12585500
2025-01-17,62.310001,62.770000,62.169998,62.709999,60.108814,17948900
2025-01-21,62.900002,63.230000,62.299999,62.419998,59.830841,19817100
2025-01-22,62.119999,62.290001,61.660000,61.779999,59.217388,18191900
2025-01-23,61.799999,61.980000,61.369999,61.529999,58.977760,16528400
2025-01-24,61.720001,62.009998,61.439999,61.919998,59.351582,19244600
2025-01-27,62.869999,64.180000,62.470001,63.869999,61.220699,20742900
2025-01-28,63.509998,64.040001,62.279999,62.360001,59.773335,14956000
2025-01-29,62.560001,63.360001,62.549999,62.830002,60.223839,11325600
2025-01-30,63.849998,64.290001,63.230000,64.050003,61.393238,13201000
2025-01-31,63.700001,63.930000,63.389999,63.480000,60.846874,12096800
2025-02-03,63.180000,63.630001,62.430000,63.349998,60.722263,12067900
2025-02-04,63.610001,63.630001,62.349998,62.669998,60.070477,15678000
2025-02-05,62.720001,63.290001,62.590000,63.119999,60.501804,10686800
2025-02-06,63.619999,63.740002,62.910000,63.360001,60.731846,13423400
2025-02-07,63.430000,63.919998,63.270000,63.840000,61.191944,13184700
2025-02-10,64.099998,64.650002,63.660000,64.550003,61.872490,16154300
2025-02-11,67.500000,67.669998,66.410004,67.599998,64.795982,30589100
2025-02-12,66.870003,68.820000,66.870003,68.709999,65.859940,26033800
2025-02-13,69.000000,69.610001,68.760002,69.500000,66.617165,24393100
2025-02-14,69.360001,70.029999,68.760002,68.870003,66.013306,20779100
2025-02-18,68.550003,69.370003,68.419998,69.050003,66.185837,15569100
2025-02-19,69.209999,70.129997,69.169998,70.070000,67.163521,16032300
2025-02-20,69.709999,70.070000,69.419998,70.040001,67.134766,13398000
2025-02-21,70.320000,71.599998,70.129997,71.349998,68.390427,21662300
2025-02-24,70.839996,71.730003,70.330002,70.589996,67.661949,21418400
2025-02-25,70.860001,71.769997,70.730003,71.489998,68.524635,21555600
2025-02-26,71.269997,71.279999,70.529999,70.800003,67.863243,14531200
2025-02-27,70.720001,71.540001,70.419998,70.870003,67.930336,16789500
2025-02-28,71.449997,71.570000,70.559998,71.209999,68.256241,22167400
2025-03-03,70.239998,72.360001,69.730003,72.320000,69.320198,21717600
2025-03-04,72.070000,72.650002,69.879997,70.190002,67.278549,25411900
2025-03-05,69.900002,70.739998,69.839996,70.080002,67.173111,23933600
2025-03-06,70.410004,70.529999,69.449997,70.459999,67.537354,21694000
2025-03-07,69.650002,71.820000,69.650002,71.430000,68.467110,28393300
2025-03-10,71.959999,73.220001,71.320000,71.449997,68.486282,25251200
2025-03-11,71.879997,72.040001,70.610001,71.040001,68.093292,28076400
2025-03-12,70.370003,70.730003,69.739998,69.940002,67.038925,18923300
2025-03-13,70.250000,70.250000,69.279999,69.620003,66.732185,15746600
2025-03-14,68.510002,69.260002,68.379997,69.160004,66.780464,14205100
2025-03-17,69.239998,70.169998,69.080002,70.120003,67.707443,15634800
2025-03-18,70.110001,70.190002,69.300003,69.379997,66.992897,12657600
2025-03-19,68.550003,69.379997,68.540001,69.279999,66.896339,14780000
2025-03-20,69.309998,69.809998,69.089996,69.709999,67.311554,16295300
2025-03-21,69.709999,69.970001,68.180000,68.669998,66.307327,47479500
2025-03-24,68.800003,69.080002,68.330002,68.949997,66.577690,12575400
2025-03-25,68.949997,69.080002,68.599998,68.809998,66.442513,12513900
2025-03-26,68.919998,70.349998,68.900002,70.019997,67.610886,14478200
2025-03-27,70.180000,70.989998,70.070000,70.739998,68.306107,11663400
2025-03-28,70.809998,71.320000,69.529999,70.370003,67.948845,17412900
2025-03-31,70.730003,71.940002,70.489998,71.620003,69.155838,24016900
2025-04-01,71.680000,71.910004,71.190002,71.870003,69.397224,15309100
2025-04-02,71.959999,72.360001,71.050003,71.330002,68.875809,14606500
2025-04-03,72.480003,73.949997,72.320000,73.180000,70.662155,24959600
2025-04-04,72.419998,73.010002,69.790001,69.930000,67.523972,26517300
2025-04-07,66.230003,69.379997,66.050003,68.370003,66.017654,34258400
2025-04-08,68.959999,69.980003,67.760002,68.419998,66.065926,22774400
2025-04-09,67.919998,70.470001,67.279999,69.949997,67.543282,27918700
2025-04-10,70.190002,71.209999,68.980003,70.760002,68.325417,22450200
2025-04-11,70.910004,71.849998,70.540001,71.430000,68.972366,19988200
2025-04-14,71.300003,72.660004,70.930000,72.449997,69.957268,13930200
2025-04-15,72.620003,72.629997,71.720001,71.860001,69.387573,14965500
2025-04-16,72.360001,72.669998,71.389999,71.680000,69.213760,15276200
2025-04-17,71.900002,73.430000,71.720001,73.000000,70.488350,20754500
2025-04-21,73.379997,73.470001,71.820000,72.769997,70.266251,16037200
2025-04-22,73.000000,74.379997,72.919998,73.900002,71.357376,15613500
2025-04-23,73.290001,73.949997,72.379997,73.300003,70.778023,16353900
2025-04-24,73.019997,73.430000,72.300003,72.519997,70.024864,16893900
2025-04-25,72.650002,72.919998,71.129997,71.910004,69.435860,16316000
2025-04-28,72.080002,72.260002,71.309998,71.790001,69.319984,15997500
2025-04-29,71.190002,72.709999,70.279999,72.349998,69.860710,16244100
2025-04-30,73.349998,73.480003,71.690002,72.550003,70.053848,21074700
2025-05-01,72.000000,72.040001,71.230003,71.290001,68.837181,18034200
2025-05-02,71.500000,71.820000,71.099998,71.650002,69.184799,12629600
2025-05-05,71.669998,71.800003,71.010002,71.699997,69.233070,11932700
2025-05-06,71.680000,71.900002,71.160004,71.720001,69.252396,12705500
2025-05-07,71.720001,72.690002,71.669998,72.400002,69.909004,15018200
2025-05-08,72.199997,72.470001,71.129997,71.169998,68.721306,14371100
2025-05-09,70.989998,71.150002,70.459999,70.519997,68.093658,11228900
2025-05-12,70.150002,70.330002,68.699997,69.529999,67.137733,21539000
2025-05-13,69.589996,69.690002,68.870003,68.959999,66.587357,14389100
2025-05-14,68.879997,69.339996,68.580002,69.160004,66.780464,16286800
2025-05-15,69.699997,71.730003,69.599998,71.610001,69.146172,19817100
2025-05-16,71.860001,72.260002,71.430000,72.000000,69.522751,18441200
2025-05-19,72.029999,72.169998,71.639999,71.930000,69.455162,13282800
2025-05-20,71.800003,72.129997,71.430000,71.690002,69.223427,12137800
2025-05-21,71.690002,72.080002,71.580002,71.849998,69.377914,12094400
2025-05-22,71.839996,71.989998,70.959999,71.139999,68.692352,11101800
2025-05-23,71.540001,71.980003,70.690002,71.769997,69.300667,12822100
2025-05-27,71.739998,72.220001,71.559998,71.779999,69.310326,10666100
2025-05-28,71.699997,71.900002,71.050003,71.150002,68.701996,8710900
2025-05-29,71.000000,71.660004,70.459999,71.489998,69.030312,10291100
2025-05-30,71.610001,72.470001,71.610001,72.099998,69.619316,28019500
2025-06-02,72.029999,72.040001,71.360001,72.000000,69.522751,10202700
2025-06-03,71.709999,71.779999,70.470001,71.160004,68.711655,20139800
2025-06-04,71.260002,71.849998,70.680000,71.370003,68.914436,13565900
2025-06-05,71.379997,71.459999,70.830002,70.910004,68.470268,13531400
2025-06-06,71.080002,71.480003,70.940002,71.349998,68.895119,9524000
2025-06-09,71.349998,71.830002,71.089996,71.769997,69.300667,12281300
2025-06-10,71.900002,72.690002,71.760002,72.349998,69.860710,12265000
2025-06-11,72.269997,72.360001,71.760002,72.070000,69.590340,12718500
2025-06-12,72.250000,72.400002,71.599998,72.239998,69.754494,12806900
2025-06-13,71.769997,71.879997,70.730003,71.019997,69.064049,17467200
2025-06-16,71.199997,71.620003,70.239998,70.519997,68.577812,15045900
2025-06-17,70.379997,70.459999,69.580002,69.620003,67.702606,15437000
2025-06-18,70.000000,70.000000,69.089996,69.209999,67.303894,16227600
2025-06-20,69.089996,69.559998,68.779999,68.839996,66.944084,40859400
2025-06-23,69.139999,69.809998,68.970001,69.739998,67.819298,21822800
2025-06-24,69.940002,70.349998,69.690002,70.209999,68.276360,15216100
2025-06-25,69.930000,70.019997,69.430000,69.629997,67.712334,12540400
2025-06-26,69.699997,69.919998,69.150002,69.470001,67.556740,14454100
2025-06-27,69.589996,70.559998,69.470001,70.330002,68.393051,23470700
2025-06-30,70.129997,70.790001,70.089996,70.750000,68.801483,15429000
2025-07-01,70.989998,72.449997,70.900002,71.669998,69.696152,21729300
2025-07-02,71.690002,71.830002,70.739998,70.910004,68.957085,13050200
2025-07-03,71.040001,71.400002,70.449997,71.349998,69.384956,9440500
2025-07-07,71.370003,71.370003,70.800003,71.010002,69.054329,16984700
2025-07-08,70.680000,70.680000,69.879997,70.239998,68.305527,17115500
2025-07-09,70.160004,70.250000,68.970001,69.480003,67.566467,33704100
2025-07-10,69.290001,69.849998,69.160004,69.769997,67.848480,14608400
2025-07-11,69.570000,70.160004,69.250000,69.870003,67.945724,12916700
2025-07-14,69.800003,70.080002,69.269997,69.470001,67.556740,13983200
2025-07-15,69.510002,69.550003,69.150002,69.360001,67.449776,12639800
2025-07-16,69.349998,69.500000,68.790001,69.269997,67.362244,13178300
2025-07-17,69.809998,70.690002,69.510002,70.589996,68.645889,20464700
2025-07-18,70.440002,70.699997,69.830002,69.849998,67.926277,14928000
2025-07-21,70.190002,70.620003,69.930000,70.070000,68.140221,17811700
2025-07-22,69.449997,70.260002,68.690002,69.660004,67.741516,22339900
2025-07-23,69.660004,69.739998,68.599998,69.160004,67.255280,21030000
2025-07-24,69.260002,69.550003,68.989998,69.099998,67.196930,12511400
2025-07-25,69.129997,69.230003,68.750000,69.169998,67.265007,12574800
2025-07-28,68.739998,68.900002,68.059998,68.089996,66.214737,13668800
2025-07-29,68.339996,69.419998,68.150002,69.379997,67.469215,16223400
2025-07-30,69.110001,69.330002,68.529999,68.750000,66.856575,10448200
2025-07-31,68.150002,68.650002,67.739998,67.889999,66.020256,17193400
2025-08-01,68.599998,69.040001,68.269997,68.860001,66.963531,16107500
2025-08-04,68.720001,69.080002,68.309998,68.959999,67.060791,10701500
2025-08-05,68.900002,69.489998,68.750000,69.050003,67.148315,11993400
2025-08-06,69.120003,69.800003,68.629997,69.510002,67.595642,10783000
2025-08-07,69.459999,70.720001,69.330002,70.430000,68.490311,15790800
2025-08-08,70.360001,70.870003,70.080002,70.339996,68.402779,9232700
2025-08-11,70.300003,70.860001,69.959999,70.750000,68.801483,10909400
2025-08-12,70.820000,71.059998,70.220001,70.709999,68.762596,11061100
2025-08-13,70.690002,70.769997,70.230003,70.459999,68.519470,10356500
2025-08-14,70.379997,70.459999,69.389999,69.550003,67.634537,10722400
2025-08-15,69.739998,70.389999,69.570000,69.919998,67.994339,12381100
2025-08-18,69.980003,70.050003,69.050003,69.129997,67.226097,14094900
2025-08-19,69.300003,70.220001,69.239998,70.129997,68.198563,13862200
2025-08-20,70.739998,71.709999,70.410004,70.699997,68.752861,17530800
2025-08-21,70.599998,70.910004,70.330002,70.660004,68.713974,8840400
2025-08-22,70.959999,71.019997,69.919998,70.129997,68.198563,12999600
2025-08-25,70.110001,70.230003,68.720001,68.930000,67.031616,13634600
2025-08-26,69.040001,69.080002,68.580002,68.730003,66.837120,17964200
2025-08-27,68.820000,68.870003,68.470001,68.830002,66.934372,11562700
2025-08-28,68.879997,68.900002,68.279999,68.360001,66.477310,16209900
2025-08-29,68.669998,69.139999,68.430000,68.989998,67.089958,14601100
2025-09-02,68.959999,69.339996,68.260002,69.059998,67.158028,24770100
2025-09-03,68.660004,69.099998,67.370003,68.989998,67.089958,33581500
2025-09-04,69.110001,69.459999,68.110001,68.250000,66.370346,16736000
2025-09-05,68.010002,68.580002,67.870003,67.959999,66.088326,23978000
2025-09-08,67.860001,67.879997,67.160004,67.430000,65.572914,21671700
2025-09-09,67.279999,68.110001,67.279999,67.860001,65.991081,14120600
2025-09-10,67.790001,68.089996,67.209999,67.820000,65.952187,16041900
2025-09-11,67.919998,68.169998,67.580002,67.620003,65.757698,15128700
2025-09-12,67.599998,67.720001,66.940002,67.010002,65.164490,18712400
2025-09-15,66.680000,66.779999,66.099998,66.209999,64.880318,15986100
2025-09-16,66.349998,66.510002,66.059998,66.239998,64.909706,18555900
2025-09-17,66.410004,67.129997,66.410004,67.040001,65.693649,17372300
2025-09-18,66.800003,67.040001,66.349998,66.459999,65.125290,17722900
2025-09-19,66.489998,66.730003,66.050003,66.430000,65.095886,31192900
2025-09-22,66.160004,66.589996,66.080002,66.209999,64.880318,13298700
2025-09-23,66.349998,66.760002,65.900002,66.709999,65.370277,15072800
2025-09-24,66.410004,66.779999,65.959999,66.449997,65.115494,14759300
2025-09-25,66.750000,66.919998,65.949997,65.980003,64.654938,14395000
2025-09-26,66.070000,66.330002,65.500000,65.669998,64.351158,17821600
2025-09-29,65.669998,66.099998,65.349998,66.040001,64.713730,14818500
2025-09-30,66.070000,66.639999,65.959999,66.320000,64.988106,13815000
2025-10-01,66.510002,66.830002,66.290001,66.779999,65.438866,14877500
2025-10-02,66.529999,66.650002,65.860001,66.099998,64.772522,14350700
2025-10-03,66.099998,66.989998,66.040001,66.650002,65.311478,12249200
2025-10-06,66.489998,66.500000,65.839996,66.099998,64.772522,14333300
2025-10-07,66.220001,67.260002,65.870003,66.790001,65.448662,13328300
2025-10-08,66.669998,66.870003,66.059998,66.120003,64.792122,12606700
2025-10-09,66.290001,66.800003,66.120003,66.370003,65.037102,12705200
2025-10-10,66.519997,67.400002,66.379997,67.040001,65.693649,17991700
2025-10-13,66.230003,66.800003,66.000000,66.800003,65.458466,13690000
2025-10-14,66.870003,67.570000,66.750000,67.510002,66.154213,14245600
2025-10-15,67.269997,67.720001,66.919998,67.080002,65.732841,11193700
2025-10-16,67.180000,68.110001,67.160004,67.589996,66.232597,15707200
2025-10-17,68.000000,68.500000,67.800003,68.440002,67.065529,15541800
2025-10-20,68.430000,68.639999,67.919998,68.440002,67.065529,17786800
2025-10-21,70.570000,71.389999,70.230003,71.220001,69.789696,33651300
2025-10-22,71.360001,71.620003,70.510002,70.809998,69.387924,18293000
2025-10-23,70.809998,70.930000,69.720001,69.940002,68.535416,13989400
2025-10-24,69.910004,70.050003,69.650002,69.709999,68.310028,15688200
2025-10-27,69.779999,70.120003,69.250000,70.059998,68.653000,13800000
2025-10-28,70.050003,70.900002,69.949997,70.160004,68.750992,12730500
2025-10-29,69.919998,70.029999,68.160004,68.349998,66.977333,19789600
2025-10-30,68.449997,69.290001,68.389999,68.980003,67.594681,14751700
2025-10-31,68.550003,69.070000,67.900002,68.900002,67.516289,16742700
2025-11-03,68.800003,68.889999,67.660004,67.970001,66.604973,15660400
2025-11-04,68.470001,68.730003,68.160004,68.660004,67.281113,12743800
2025-11-05,68.660004,68.830002,68.180000,68.510002,67.134125,12850100
2025-11-06,68.300003,69.139999,67.919998,69.059998,67.673073,15906700
2025-11-07,69.809998,70.870003,69.410004,70.550003,69.133156,25108300
2025-11-10,70.010002,70.660004,69.440002,70.519997,69.103745,15318000
2025-11-11,70.980003,71.750000,70.660004,71.610001,70.171867,16160200
2025-11-12,71.489998,71.889999,71.339996,71.510002,70.073875,13612600
2025-11-13,71.419998,71.669998,71.000000,71.070000,69.642715,14002800
2025-11-14,71.410004,71.639999,70.599998,71.160004,69.730904,13172000
2025-11-17,71.199997,71.529999,70.620003,70.680000,69.260544,14772300
2025-11-18,70.989998,71.339996,70.570000,71.220001,69.789696,12838900
2025-11-19,71.199997,71.449997,70.809998,71.110001,69.681908,12401500
2025-11-20,70.949997,71.480003,70.610001,71.209999,69.779900,15396500
2025-11-21,71.680000,73.190002,71.489998,72.949997,71.484955,26492500
2025-11-24,73.160004,73.160004,71.570000,72.589996,71.132179,39818600
2025-11-25,72.800003,72.930000,72.139999,72.610001,71.151787,17451200
2025-11-26,72.599998,73.089996,72.389999,72.879997,71.416359,11795100
2025-11-28,73.000000,73.230003,72.760002,73.120003,71.651543,7423000
2025-12-01,72.599998,72.910004,71.930000,71.949997,71.000252,14388100
2025-12-02,71.800003,71.800003,70.430000,70.669998,69.737152,19871300
2025-12-03,70.879997,71.400002,70.610001,70.809998,69.875298,17001700
2025-12-04,70.830002,71.339996,70.370003,70.449997,69.520050,17710000
2025-12-05,70.320000,70.709999,69.870003,70.000000,69.075989,13978200
2025-12-08,69.839996,70.379997,69.489998,70.250000,69.322693,17775100
2025-12-09,70.370003,70.629997,69.830002,70.089996,69.164795,13010600
2025-12-10,70.389999,70.529999,69.779999,70.209999,69.283226,29789400
2025-12-11,70.550003,70.690002,68.790001,69.110001,68.197739,23124200
2025-12-12,69.110001,70.620003,69.040001,70.519997,69.589127,18444500
2025-12-15,70.430000,71.320000,70.320000,70.970001,70.033195,18660100
2025-12-16,71.300003,71.300003,70.320000,70.370003,69.441109,17370000
2025-12-17,70.570000,70.919998,70.309998,70.669998,69.737152,13672700
2025-12-18,70.269997,70.800003,70.169998,70.360001,69.431236,15524800
2025-12-19,70.059998,70.769997,70.029999,70.059998,69.135201,36911100
2025-12-22,69.930000,70.220001,69.660004,70.209999,69.283226,12828500
2025-12-23,70.199997,70.260002,69.690002,69.870003,68.947708,9471000
2025-12-24,69.900002,70.160004,69.750000,70.110001,69.184547,4515300
2025-12-26,69.949997,70.160004,69.730003,69.870003,68.947708,5711400
2025-12-29,70.000000,70.419998,69.849998,70.160004,69.233887,9686900
2025-12-30,70.000000,70.239998,69.800003,70.070000,69.145065,8610900
2025-12-31,70.070000,70.160004,69.879997,69.910004,68.987183,8127800
2026-01-02,69.849998,69.870003,68.980003,69.120003,68.207611,12151300
2026-01-05,68.919998,68.919998,67.919998,67.940002,67.043182,21186600
2026-01-06,68.010002,68.250000,67.589996,67.839996,66.944496,21019900
2026-01-07,67.989998,68.070000,67.269997,67.540001,66.648468,20223400
2026-01-08,67.540001,69.459999,67.449997,69.370003,68.454315,19237000
2026-01-09,69.430000,70.660004,69.120003,70.510002,69.579262,19638600
2026-01-12,70.900002,70.970001,70.239998,70.500000,69.569397,20582500
2026-01-13,70.419998,71.239998,70.269997,71.239998,70.299629,18324800
2026-01-14,71.169998,71.709999,70.809998,71.440002,70.496986,16739100
2026-01-15,71.589996,71.599998,70.370003,70.480003,69.549660,15464100
2026-01-16,70.290001,70.739998,70.040001,70.440002,69.510185,20027500
2026-01-20,70.000000,71.779999,69.790001,71.750000,70.802895,22152200
2026-01-21,71.980003,72.239998,70.830002,72.010002,71.059464,21660600
2026-01-22,71.830002,72.040001,71.440002,71.870003,70.921310,13962800
2026-01-23,72.019997,73.059998,71.779999,72.879997,71.917976,18307100
2026-01-26,72.860001,73.300003,72.540001,72.559998,71.602203,14017400
2026-01-27,72.440002,73.559998,72.269997,73.550003,72.579132,13239200
2026-01-28,73.209999,73.620003,72.570000,73.059998,72.095596,14633700
2026-01-29,73.180000,74.089996,73.139999,73.430000,72.460716,20862100
2026-01-30,73.709999,74.900002,73.540001,74.809998,73.822502,26420500
2026-02-02,75.010002,75.699997,74.400002,75.330002,74.335640,19301500
2026-02-03,75.269997,77.500000,75.129997,76.889999,75.875046,27007100
2026-02-04,77.269997,78.110001,77.080002,77.349998,76.328972,28607300
2026-02-05,77.820000,78.860001,77.589996,78.510002,77.473663,21633500
2026-02-06,78.500000,79.199997,78.260002,79.029999,77.986801,18512400
2026-02-09,78.669998,79.110001,77.540001,77.970001,76.940788,23415600
2026-02-10,76.629997,77.510002,76.010002,76.809998,75.796097,28848200
2026-02-11,76.879997,79.050003,76.580002,78.599998,77.562469,22649700
2026-02-12,78.980003,80.410004,78.790001,79.000000,77.957191,26043500
2026-02-13,78.449997,79.400002,78.129997,78.680000,77.641418,16711900
2026-02-17,78.989998,79.639999,78.739998,79.559998,78.509796,16260200
2026-02-18,79.500000,79.839996,78.919998,79.489998,78.440720,16304900
2026-02-19,79.459999,79.669998,78.589996,78.910004,77.868378,14924700
2026-02-20,79.330002,79.839996,78.889999,79.839996,78.786102,17175100
2026-02-23,79.519997,80.849998,79.500000,80.559998,79.496597,17157700
2026-02-24,80.540001,81.089996,79.849998,80.720001,79.654495,16448500
2026-02-25,80.400002,80.690002,79.559998,80.470001,79.407791,18086900
2026-02-26,80.750000,80.889999,80.019997,80.500000,79.437393,12843200
2026-02-27,80.940002,82.000000,80.820000,81.559998,80.483391,28483500
2026-03-02,81.250000,81.400002,80.150002,80.220001,79.161087,18137200
2026-03-03,79.860001,80.080002,78.559998,79.339996,78.292702,20549300
2026-03-04,79.290001,79.470001,77.750000,78.099998,77.069077,21011800
2026-03-05,77.680000,77.720001,76.500000,77.029999,76.013191,23165700
2026-03-06,76.800003,77.190002,76.349998,77.040001,76.023064,15516000
2026-03-09,76.620003,78.070000,76.529999,77.800003,76.773033,18554100
2026-03-10,77.480003,78.410004,77.099998,77.879997,76.851974,17243900
2026-03-11,77.709999,77.709999,76.599998,77.629997,76.605278,11546800
2026-03-12,77.419998,78.160004,76.900002,77.610001,76.585541,16842200
2026-03-13,77.470001,78.050003,77.190002,77.339996,76.843872,11974500
2026-03-16,78.000000,78.430000,77.739998,77.820000,77.320793,11761200
2026-03-17,78.000000,78.300003,77.449997,77.580002,77.082336,14900100
2026-03-18,77.080002,77.129997,75.849998,75.970001,75.482658,13134600
2026-03-19,76.000000,76.449997,75.529999,75.550003,75.065361,13023300
2026-03-20,75.570000,76.050003,74.389999,74.750000,74.270485,33298700
2026-03-23,75.339996,75.449997,74.550003,75.110001,74.628181,15054900
2026-03-24,74.860001,75.690002,74.629997,74.669998,74.191002,15653700
2026-03-25,74.589996,75.650002,74.070000,75.250000,74.767281,14787900
2026-03-26,75.190002,75.750000,74.650002,74.690002,74.210876,11202100
2026-03-27,74.820000,76.050003,74.699997,75.709999,75.224327,17461000
2026-03-30,75.930000,77.000000,75.720001,76.269997,75.780731,18502800
2026-03-31,76.529999,77.019997,75.510002,76.050003,75.562149,18301800
2026-04-01,76.150002,76.360001,75.260002,76.080002,75.591957,15834300
2026-04-02,76.580002,76.959999,76.120003,76.720001,76.227852,14573400
2026-04-06,76.639999,77.279999,76.220001,77.220001,76.724640,8259900
2026-04-07,77.199997,77.599998,75.629997,75.910004,75.423050,12769200
2026-04-08,75.809998,77.370003,75.320000,77.290001,76.794197,12331300
2026-04-09,76.650002,78.290001,76.370003,78.180000,77.678482,14311000
2026-04-10,77.980003,78.169998,77.309998,77.470001,76.973038,11081400
2026-04-13,77.320000,77.449997,75.830002,76.410004,75.919846,12696200
2026-04-14,75.970001,76.620003,75.800003,75.900002,75.413109,12397600
2026-04-15,75.739998,75.739998,74.720001,75.309998,74.826889,16212100
2026-04-16,75.029999,75.839996,74.900002,75.180000,74.697731,11501900
2026-04-17,74.949997,76.059998,74.800003,75.739998,75.254135,15033900
2026-04-20,75.820000,76.220001,75.360001,75.480003,74.995804,10141800
2026-04-21,75.480003,75.529999,74.620003,74.699997,74.220802,11806900
2026-04-22,74.900002,75.379997,74.550003,74.629997,74.151253,9352300
2026-04-23,75.440002,76.660004,75.160004,76.279999,75.790672,12060300
2026-04-24,76.709999,77.010002,76.169998,76.629997,76.138428,12008700
2026-04-27,76.709999,76.709999,75.400002,75.440002,74.956062,15812200
2026-04-28,79.519997,80.320000,78.080002,78.349998,77.847389,30710700
2026-04-29,78.370003,79.279999,78.190002,78.870003,78.364059,18294700
2026-04-30,78.800003,79.120003,78.330002,78.760002,78.254768,15142200
2026-05-01,79.290001,79.639999,78.040001,78.580002,78.075920,12610400
2026-05-04,78.059998,78.769997,77.730003,78.190002,77.688423,12672400
2026-05-05,78.190002,78.779999,77.739998,78.480003,77.976562,11637500
2026-05-06,78.779999,79.330002,78.570000,79.230003,78.721748,14060300
2026-05-07,78.790001,79.150002,78.099998,78.430000,77.926880,16531400
2026-05-08,78.570000,79.199997,78.120003,78.419998,77.916939,12447200
2026-05-11,78.160004,78.730003,77.839996,78.660004,78.155411,10967900
2026-05-12,79.000000,80.320000,78.279999,80.029999,79.516617,19883100
2026-05-13,79.870003,81.029999,79.839996,80.260002,79.745140,12357000
2026-05-14,80.730003,80.919998,79.910004,80.449997,79.933922,10642000
2026-05-15,81.360001,81.360001,80.449997,80.820000,80.301552,17527200
2026-05-18,80.870003,81.389999,80.389999,81.199997,80.679108,12375500
2026-05-19,81.410004,82.660004,81.260002,81.919998,81.394493,16595200
2026-05-20,82.169998,82.400002,81.519997,81.550003,81.026871,16999700
2026-05-21,81.790001,81.800003,80.720001,81.169998,80.649300,15708400
2026-05-22,81.180000,81.680000,80.919998,81.480003,80.957321,8240200
2026-05-26,80.839996,81.599998,80.239998,80.459999,79.943855,13004200
2026-05-27,81.099998,82.510002,80.800003,81.620003,81.096420,13209600
2026-05-28,81.320000,81.760002,80.339996,80.410004,79.894180,14691400
2026-05-29,80.040001,80.330002,78.910004,79.010002,78.503159,32477000
2026-06-01,78.580002,79.199997,78.430000,78.639999,78.135536,12776300
2026-06-02,78.879997,79.199997,78.250000,78.410004,77.907013,12533200
2026-06-03,78.290001,79.029999,78.110001,78.760002,78.254768,14964300
2026-06-04,79.779999,80.040001,76.809998,76.820000,76.327209,19361600
2026-06-05,77.510002,80.739998,77.480003,79.480003,78.970146,25708100
2026-06-08,79.309998,79.930000,79.099998,79.540001,79.029762,12828900
2026-06-09,79.550003,81.760002,79.379997,81.339996,80.818207,20591600
2026-06-10,82.680000,83.849998,82.120003,83.589996,83.053772,20880500
2026-06-11,83.919998,84.040001,82.489998,82.529999,82.000580,14264500
2026-06-12,82.709999,82.889999,81.870003,82.620003,82.090004,11757700
2026-06-15,81.080002,81.199997,80.250000,80.910004,80.910004,20055200
2026-06-16,81.150002,81.389999,79.839996,80.279999,80.279999,17565100
2026-06-17,79.949997,80.330002,78.989998,79.930000,79.930000,17055400
2026-06-18,79.870003,80.010002,78.739998,79.389999,79.389999,46857900
2026-06-22,79.250000,80.059998,79.059998,79.529999,79.529999,21205900
2026-06-23,81.330002,81.330002,79.830002,80.309998,80.309998,16854000
2026-06-24,80.889999,81.580002,80.559998,80.599998,80.599998,20632600
2026-06-25,80.529999,81.379997,79.970001,80.419998,80.419998,16021400
2026-06-26,80.959999,82.809998,80.699997,82.629997,82.629997,53357500
2026-06-29,82.830002,83.620003,82.209999,82.650002,82.650002,15015800
2026-06-30,82.500000,82.540001,81.010002,81.269997,81.269997,16422100
2026-07-01,81.699997,81.980003,80.959999,81.290001,81.290001,21734800
2026-07-02,81.629997,84.139999,81.400002,84.139999,84.139999,18308400
2026-07-06,84.099998,84.559998,82.320000,82.959999,82.959999,18992600
2026-07-07,84.599998,85.680000,83.639999,84.050003,84.050003,17835200
2026-07-08,84.169998,84.830002,83.269997,83.400002,83.400002,14160000
2026-07-09,82.089996,82.820000,81.709999,82.629997,82.629997,15782500
2026-07-10,82.730003,83.739998,82.410004,83.489998,83.489998,10694600
2026-07-13,83.900002,84.680000,83.669998,84.250000,84.250000,12085800
2026-07-14,84.169998,84.629997,83.080002,83.080002,83.080002,13775400
2026-07-15,82.930000,83.239998,82.230003,82.449997,82.449997,18383800
2026-07-16,83.500000,84.949997,83.279999,84.919998,84.919998,17889900
2026-07-17,85.370003,85.559998,80.830002,81.559998,81.559998,32903000
2026-07-20,81.550003,82.370003,81.300003,82.120003,82.120003,14967200
2026-07-21,81.970001,82.400002,81.320000,81.970001,81.970001,12949400
2026-07-22,82.849998,82.919998,81.959999,82.199997,82.199997,11701300
2026-07-23,81.669998,81.870003,80.879997,81.169998,81.169998,13755600
2026-07-24,81.570000,82.330002,80.900002,82.250000,82.250000,11980400
2026-07-27,83.080002,84.139999,82.500000,84.070000,84.070000,19937600
2026-07-28,88.300003,90.220001,86.250000,88.269997,88.269997,34982900
2026-07-29,88.650002,90.919998,88.639999,89.080002,89.080002,21711700
2026-07-30,87.629997,88.639999,87.209999,88.489998,88.489998,17616100
2026-07-31,87.660004,88.000000,86.820000,87.589996,87.589996,14725900
2026-08-03,88.480003,88.480003,86.629997,86.860001,86.860001,23197100
2026-08-04,85.790001,86.680000,85.160004,86.559998,86.559998,17085700
2026-08-05,87.050003,87.150002,86.190002,86.830002,86.830002,15868600
2026-08-06,87.860001,87.970001,86.419998,86.849998,86.849998,13568500
2026-08-07,86.510002,87.169998,86.190002,87.050003,87.050003,11221700
2026-08-10,87.110001,87.529999,86.430000,86.870003,86.870003,13710800
2026-08-11,86.620003,87.050003,86.110001,86.480003,86.480003,16018000
2026-08-12,85.779999,87.290001,85.660004,86.709999,86.709999,12651900
2026-08-13,87.139999,87.750000,86.910004,87.419998,87.419998,10140600
2026-08-14,87.300003,87.970001,87.199997,87.709999,87.709999,9166400
2026-08-17,87.300003,88.019997,86.849998,86.980003,86.980003,12056400
2026-08-18,88.400002,88.959999,87.879997,88.820000,88.820000,12524500
2026-08-19,88.589996,90.760002,88.589996,90.349998,90.349998,15993900
2026-08-20,90.180000,91.870003,89.730003,90.500000,90.500000,14928000
2026-08-21,90.849998,91.199997,90.320000,91.099998,91.099998,15534900
